ticket_id,text,channel,category
TCK000000,"hi issue with my payment, second time asking!!",email,account_access
TCK000001,dear team money missing from my account please help,email,loan_servicing
TCK000002,dear team I want to make a formal complaint about teh handling of my case please help,web,complaint
TCK000003,hi I have been waiting 3 weeks for a response and this is unacceptable many thanks,phone_transcript,complaint
TCK000004,dear team what is teh early settlement figure for my loan account thanks,phone_transcript,loan_servicing
TCK000005,"hello my account was compromised after a phishing text, £672.67 is missing thanks",app,fraud_dispute
TCK000006,good morning why was I charged £791.68 this month when my plan is fixed,email,billing
TCK000007,HI I DID NOT AUTHORISE THE £635.77 CHARGE FROM AMZN MKTPLACE ON MY CARD.,app,fraud_dispute
TCK000008,"good morning duplicate direct debit taken, need a refund of £126.70",phone_transcript,billing
TCK000009,"hi my direct debit for teh loan failed, how do I catch up!",phone_transcript,loan_servicing
TCK000010,"good morning locked out after three attempts, need my password reset",email,account_access
TCK000011,hi I want to make an overpayment of £140.33 on my loan.,email,loan_servicing
TCK000012,"PLEASE REVIEW MY ACCOUNT, THE NUMBERS LOOK WRONG THANKS",email,general_enquiry
TCK000013,dear team teh amount is not what I expected!!,app,general_enquiry
TCK000014,good morning what documents do I need to update my address thanks,email,general_enquiry
TCK000015,good morning need help with a charge on my acount please help,email,billing
TCK000016,something is wrong with my statement!!,app,loan_servicing
TCK000017,dear team my username is not recognised even though the account is active regards,email,account_access
TCK000018,hello the annual fee of £664.17 was applied twice to my statement.,app,billing
TCK000019,"cannot log in to the app, it says my credentials are invalid!!",app,account_access
TCK000020,good morning I was billed £197.93 after I already cancelled teh service.,app,billing
TCK000021,good morning the annual fee of £474.31 was applied twice to my statement,email,billing
TCK000022,hello I was billed £124.24 after I already cancelled the service.,app,billing
TCK000023,hello I want to make a formal complaint about the handling of my case,web,complaint
TCK000024,HI HOW DO I ORDER A REPLACEMENT CARD FOR A LOST ONE MANY THANKS,web,general_enquiry
TCK000025,"GOOD MORNING PAYMENT ISSUE ON MY ACCOUNT, NEED THIS SORTED TODAY!",phone_transcript,account_access
TCK000026,good morning what is the early settlement figure for my loan account.,email,loan_servicing
TCK000027,"good morning duplicate direct debit taken, need a refund of £157.44!!",web,billing
TCK000028,can I change my monthly instalment date to the 7th regards,email,loan_servicing
TCK000029,hello can I change my monthly instalment date to the 3th!!,web,loan_servicing
TCK000030,"dear team cannot log in to the app, it says my credentials are invalid",app,account_access
TCK000031,hi team do you offer joint accounts for students thanks,email,general_enquiry
TCK000032,GOOD MORNING MY USERNAME IS NOT RECOGNISED EVEN THOUGH THE ACCOUNT IS ACTIVE PLEASE HELP,app,account_access
TCK000033,"DEAR TEAM DUPLICATE DIRECT DEBIT TAKEN, NEED A REFUND OF £616.55 MANY THANKS",phone_transcript,billing
TCK000034,DEAR TEAM THERE IS A PROBLEM WITH MY ACCOUNT PLEASE CALL ME MANY THANKS,email,loan_servicing
TCK000035,"HI LOCKED OUT AFTER THREE ATTEMPTS, NEED MY PASSWORD RESET!!",app,account_access
TCK000036,"hi my direct debit for the loan failed, how do I catch up many thanks",phone_transcript,fraud_dispute
TCK000037,dear team biometric login stopped working after the latest update,web,account_access
TCK000038,hi something is wrong with my statement!!,app,complaint
TCK000039,HELLO WHAT DOCUMENTS DO I NEED TO UPDATE MY ADDRESS THANKS,phone_transcript,general_enquiry
TCK000040,what is the early settlement figure for my loan account regards,email,loan_servicing
TCK000041,"dear team third time raising this issue, nobody has called me back!",email,complaint
TCK000042,good morning please explain the interest charge on my last statement.,web,billing
TCK000043,"my direct debit for the loan failed, how do I catch up regards",app,loan_servicing
TCK000044,HI TEAM THE ANNUAL FEE OF £104.23 WAS APPLIED TWICE TO MY STATEMENT.,email,billing
TCK000045,hi team please explain the interest charge on my last statement,phone_transcript,billing
TCK000046,good morning the one time passcode never arrives on my phone!!,email,account_access
TCK000047,GOOD MORNING THE ANNUAL FEE OF £77.38 WAS APPLIED TWICE TO MY STATEMENT!!,app,billing
TCK000048,dear team biometric login stopped working after teh latest update thanks,app,account_access
TCK000049,"DEAR TEAM CANNOT LOG IN TO THE APP, IT SAYS MY CREDENTIALS ARE INVALID!",email,account_access
TCK000050,good morning my username is not recognised even though the account is active!!,web,account_access
TCK000051,"this is teh worst service I have received, I am moving my accounts regards",web,complaint
TCK000052,THE ONE TIME PASSCODE NEVER ARRIVES ON MY PHONE!,app,account_access
TCK000053,can someone look at my account urgently please help,web,complaint
TCK000054,hi please explain the interest charge on my last statement many thanks,web,billing
TCK000055,hello something is wrong with my statement,email,billing
TCK000056,hello I want to make a formal complaint about the handling of my case thanks,phone_transcript,complaint
TCK000057,hi team can I change my monthly instalment date to teh 7th!,email,loan_servicing
TCK000058,hi my username is not recognised even though the account is active,app,account_access
TCK000059,"GOOD MORNING UNAUTHORISED PAYMENT OF £768.16 SHOWING ON STATEMENT, CARD WAS IN MY WALLET REGARDS",app,fraud_dispute
TCK000060,I HAVE BEEN WAITING 4 WEEKS FOR A RESPONSE AND THIS IS UNACCEPTABLE REGARDS,email,complaint
TCK000061,why was I charged £575.20 this month when my plan is fixed please help,email,billing
TCK000062,"hello my card is not working, what do I do please help",web,loan_servicing
TCK000063,good morning the one time passcode never arrives on my phone regards,app,account_access
TCK000064,GOOD MORNING I WAS BILLED £214.80 AFTER I ALREADY CANCELLED THE SERVICE,web,billing
TCK000065,"hi team cannot log in to the app, it says my credentials are invalid!",app,account_access
TCK000066,"hello this is the worst service I have received, I am moving my accounts!",web,complaint
TCK000067,good morning how do I order a replacement card for a lost one.,app,general_enquiry
TCK000068,good morning my username is not recognised even though the account is active please help,email,account_access
TCK000069,"hi my direct debit for the loan failed, how do I catch up please help",app,loan_servicing
TCK000070,"unauthorised payment of £509.86 showing on statement, card was in my wallet!!",web,fraud_dispute
TCK000071,the annual fee of £562.59 was applied twice to my statement,app,billing
TCK000072,"good morning locked out after three attempts, need my password reset thanks",web,general_enquiry
TCK000073,HI I DID NOT AUTHORISE THE £386.50 CHARGE FROM UBER TRIP ON MY CARD!!,app,fraud_dispute
TCK000074,good morning teh one time passcode never arrives on my phone,app,account_access
TCK000075,"MY CARD IS NOT WORKING, WHAT DO I DO REGARDS",email,loan_servicing
TCK000076,I was billed £802.17 after I already cancelled the service many thanks,app,billing
TCK000077,hi team what documents do I need to update my address thanks,app,general_enquiry
TCK000078,I have been waiting 7 weeks for a response and this is unacceptable please help,phone_transcript,complaint
TCK000079,hi team what is the early settlement figure for my loan account many thanks,phone_transcript,loan_servicing
TCK000080,hello do you offer joint accounts for students!,email,general_enquiry
TCK000081,hi requesting a payment holiday for 5 months on my loan many thanks,email,loan_servicing
TCK000082,HI TEAM THE ANNUAL FEE OF £503.60 WAS APPLIED TWICE TO MY STATEMENT!,email,billing
TCK000083,HI BIOMETRIC LOGIN STOPPED WORKING AFTER THE LATEST UPDATE THANKS,phone_transcript,account_access
TCK000084,"hi team payment issue on my account, need this sorted today please help",web,account_access
TCK000085,"dear team duplicate direct debit taken, need a refund of £211.39 thanks",phone_transcript,billing
TCK000086,GOOD MORNING CAN SOMEONE LOOK AT MY ACCOUNT URGENTLY MANY THANKS,app,fraud_dispute
TCK000087,"HI SOMEONE USED MY DEBIT CARD AT TESCO EXPRESS, I WANT A CHARGEBACK",app,fraud_dispute
TCK000088,my username is not recognised even though the acount is active please help,web,account_access
TCK000089,"hi team my acount was compromised after a phishing text, £389.50 is missing please help",app,fraud_dispute
TCK000090,how do I order a replacement card for a lost one,app,general_enquiry
TCK000091,hello I want to make a formal complaint about teh handling of my case thanks,email,complaint
TCK000092,hello can I change my monthly instalment date to the 8th many thanks,email,loan_servicing
TCK000093,the one time passcode never arrives on my phone!!,email,account_access
TCK000094,"hi team locked out after three attempts, need my password reset many thanks",app,account_access
TCK000095,"good morning locked out after three attempts, need my password reset thanks",web,account_access
TCK000096,hi what documents do I need to update my address regards,email,general_enquiry
TCK000097,dear team there are 4 transactions I do not recognise please block the card,app,fraud_dispute
TCK000098,DEAR TEAM MONEY MISSING FROM MY ACCOUNT PLEASE HELP,app,fraud_dispute
TCK000099,"hi someone used my debit card at UBER TRIP, I want a chargeback regards",phone_transcript,fraud_dispute
TCK000100,the annual fee of £722.69 was applied twice to my statement regards,app,billing
TCK000101,can I change my monthly instalment date to the 6th thanks,web,loan_servicing
TCK000102,HI TEAM I WANT TO MAKE A FORMAL COMPLAINT ABOUT THE HANDLING OF MY CASE!!,email,complaint
TCK000103,HELLO WHAT IS THE EARLY SETTLEMENT FIGURE FOR MY LOAN ACCOUNT!!,app,loan_servicing
TCK000104,hi there are 4 transactions I do not recognise please block the card!!,app,fraud_dispute
TCK000105,"hi please review my account, the numbers look wrong please help",app,loan_servicing
TCK000106,"hi team duplicate direct debit taken, need a refund of £149.93 thanks",email,billing
TCK000107,dear team I was billed £375.23 after I already cancelled the service please help,email,billing
TCK000108,hi team the branch staff were rude and refused to escalate my case!!,web,complaint
TCK000109,hello what are your branch opening hours on a saturday thanks,email,general_enquiry
TCK000110,good morning is there a fee for withdrawing cash abroad!,email,general_enquiry
TCK000111,requesting a payment holiday for 8 months on my loan!!,app,loan_servicing
TCK000112,"GOOD MORNING THIRD TIME RAISING THIS ISSUE, NOBODY HAS CALLED ME BACK.",email,complaint
TCK000113,hi do you offer joint accounts for students please help,email,general_enquiry
TCK000114,HI MY USERNAME IS NOT RECOGNISED EVEN THOUGH THE ACCOUNT IS ACTIVE MANY THANKS,app,account_access
TCK000115,good morning the one time passcode never arrives on my phone!!,web,account_access
TCK000116,I was billed £95.48 after I already cancelled teh service thanks,email,billing
TCK000117,I was billed £546.55 after I already cancelled teh service please help,phone_transcript,billing
TCK000118,hi please explain teh interest charge on my last statement please help,app,billing
TCK000119,"LOCKED OUT AFTER THREE ATTEMPTS, NEED MY PASSWORD RESET REGARDS",app,account_access
TCK000120,hello the amount is not what I expected!!,email,fraud_dispute
TCK000121,"HI TEAM CANNOT LOG IN TO THE APP, IT SAYS MY CREDENTIALS ARE INVALID REGARDS",app,account_access
TCK000122,HI PLEASE EXPLAIN THE INTEREST CHARGE ON MY LAST STATEMENT PLEASE HELP,app,billing
TCK000123,"hello unauthorised payment of £644.77 showing on statement, card was in my wallet please help",web,fraud_dispute
TCK000124,I DID NOT AUTHORISE THE £168.46 CHARGE FROM TESCO EXPRESS ON MY CARD!!,app,fraud_dispute
TCK000125,good morning is there a fee for withdrawing cash abroad.,app,general_enquiry
TCK000126,I want to make a formal complaint about the handling of my case please help,email,complaint
TCK000127,hello please explain the interest charge on my last statement!!,email,billing
TCK000128,"GOOD MORNING SOMEONE USED MY DEBIT CARD AT RYANAIR, I WANT A CHARGEBACK PLEASE HELP",phone_transcript,fraud_dispute
TCK000129,hi the amount is not what I expected!,web,general_enquiry
TCK000130,"hi team my direct debit for teh loan failed, how do I catch up!!",email,loan_servicing
TCK000131,hi team my username is not recognised even though the account is active.,email,account_access
TCK000132,hi team my username is not recognised even though the account is active.,app,account_access
TCK000133,hello I was billed £565.62 after I already cancelled teh service.,app,billing
TCK000134,"hi locked out after three attempts, need my password reset thanks",email,account_access
TCK000135,HI TEAM I WAS BILLED £542.40 AFTER I ALREADY CANCELLED THE SERVICE MANY THANKS,email,billing
TCK000136,hello what are your branch opening hours on a saturday,web,general_enquiry
TCK000137,good morning is there a fee for withdrawing cash abroad!,app,general_enquiry
TCK000138,hi why was I charged £163.08 this month when my plan is fixed,email,billing
TCK000139,dear team the one time passcode never arrives on my phone!!,web,account_access
TCK000140,good morning I want to make an overpayment of £24.29 on my loan.,email,loan_servicing
TCK000141,dear team something is wrong with my statement regards,web,billing
TCK000142,dear team money missing from my account regards,web,account_access
TCK000143,I have been waiting 8 weeks for a response and this is unacceptable please help,email,complaint
TCK000144,the annual fee of £824.81 was applied twice to my statement.,app,billing
TCK000145,"GOOD MORNING MY DIRECT DEBIT FOR THE LOAN FAILED, HOW DO I CATCH UP REGARDS",web,loan_servicing
TCK000146,the annual fee of £593.03 was applied twice to my statement many thanks,email,account_access
TCK000147,hello there are 4 transactions I do not recognise please block the card,app,fraud_dispute
TCK000148,something is wrong with my statement regards,app,general_enquiry
TCK000149,HI THE ANNUAL FEE OF £555.09 WAS APPLIED TWICE TO MY STATEMENT MANY THANKS,email,billing
TCK000150,"good morning third time raising this issue, nobody has called me back!!",email,complaint
TCK000151,hi the annual fee of £128.20 was applied twice to my statement.,email,billing
TCK000152,"hi locked out after three attempts, need my password reset many thanks",app,account_access
TCK000153,DEAR TEAM THE ONE TIME PASSCODE NEVER ARRIVES ON MY PHONE MANY THANKS,app,account_access
TCK000154,"dear team locked out after three attempts, need my password reset!",web,billing
TCK000155,"hello please review my account, the numbers look wrong thanks",app,general_enquiry
TCK000156,HELLO MY USERNAME IS NOT RECOGNISED EVEN THOUGH THE ACCOUNT IS ACTIVE MANY THANKS,email,account_access
TCK000157,good morning requesting a payment holiday for 5 months on my loan!,app,loan_servicing
TCK000158,hello there is a problem with my account please call me please help,web,billing
TCK000159,dear team the amount is not what I expected.,app,account_access
TCK000160,hi team is there a fee for withdrawing cash abroad regards,app,general_enquiry
TCK000161,HOW DO I ORDER A REPLACEMENT CARD FOR A LOST ONE MANY THANKS,app,general_enquiry
TCK000162,hi the one time passcode never arrives on my phone,email,account_access
TCK000163,"hello my account was compromised after a phishing text, £167.29 is missing thanks",web,fraud_dispute
TCK000164,requesting a payment holiday for 8 months on my loan.,app,loan_servicing
TCK000165,"HI TEAM CANNOT LOG IN TO THE APP, IT SAYS MY CREDENTIALS ARE INVALID.",app,account_access
TCK000166,WHY WAS I CHARGED £885.12 THIS MONTH WHEN MY PLAN IS FIXED MANY THANKS,app,billing
TCK000167,hi team is there a fee for withdrawing cash abroad regards,phone_transcript,billing
TCK000168,MY USERNAME IS NOT RECOGNISED EVEN THOUGH THE ACCOUNT IS ACTIVE PLEASE HELP,app,account_access
TCK000169,good morning why was I charged £313.41 this month when my plan is fixed.,email,billing
TCK000170,dear team please explain the interest charge on my last statement thanks,app,billing
TCK000171,good morning why was I charged £601.06 this month when my plan is fixed,app,billing
TCK000172,HI TEAM MY USERNAME IS NOT RECOGNISED EVEN THOUGH THE ACCOUNT IS ACTIVE REGARDS,email,account_access
TCK000173,GOOD MORNING PLEASE EXPLAIN THE INTEREST CHARGE ON MY LAST STATEMENT PLEASE HELP,app,billing
TCK000174,hi is there a fee for withdrawing cash abroad!!,web,general_enquiry
TCK000175,GOOD MORNING CAN SOMEONE LOOK AT MY ACCOUNT URGENTLY PLEASE HELP,web,general_enquiry
TCK000176,good morning is there a fee for withdrawing cash abroad,phone_transcript,general_enquiry
TCK000177,WHY WAS I CHARGED £623.30 THIS MONTH WHEN MY PLAN IS FIXED,email,billing
TCK000178,dear team I was billed £345.30 after I already cancelled the service.,email,billing
TCK000179,"dear team my account was compromised after a phishing text, £204.62 is missing regards",app,fraud_dispute
TCK000180,dear team please explain the interest charge on my last statement.,email,billing
TCK000181,"hi team cannot log in to the app, it says my credentials are invalid please help",app,account_access
TCK000182,DEAR TEAM THERE ARE 3 TRANSACTIONS I DO NOT RECOGNISE PLEASE BLOCK THE CARD!,app,fraud_dispute
TCK000183,dear team teh annual fee of £432.09 was applied twice to my statement thanks,email,billing
TCK000184,there is a problem with my acount please call me please help,app,fraud_dispute
TCK000185,dear team I did not authorise the £736.77 charge from AMZN MKTPLACE on my card.,app,fraud_dispute
TCK000186,I did not authorise the £214.74 charge from UBER TRIP on my card regards,web,fraud_dispute
TCK000187,hi can someone look at my account urgently.,web,billing
TCK000188,what documents do I need to update my address.,app,general_enquiry
TCK000189,"hello locked out after three attempts, need my password reset.",app,account_access
TCK000190,good morning the one time passcode never arrives on my phone,app,account_access
TCK000191,hi do you offer joint accounts for students many thanks,app,general_enquiry
TCK000192,"good morning locked out after three attempts, need my password reset regards",phone_transcript,account_access
TCK000193,"HI TEAM LOCKED OUT AFTER THREE ATTEMPTS, NEED MY PASSWORD RESET REGARDS",app,account_access
TCK000194,hi do you offer joint accounts for students many thanks,app,general_enquiry
TCK000195,hello my username is not recognised even though the account is active.,web,account_access
TCK000196,hi team I did not authorise teh £540.50 charge from UBER TRIP on my card,web,fraud_dispute
TCK000197,"dear team unauthorised payment of £355.03 showing on statement, card was in my wallet many thanks",web,fraud_dispute
TCK000198,hi please explain the interest charge on my last statement please help,app,billing
TCK000199,"MY DIRECT DEBIT FOR THE LOAN FAILED, HOW DO I CATCH UP!",app,loan_servicing
TCK000200,hi team there is a problem with my account please call me thanks,email,billing
TCK000201,HI TEAM I WANT TO MAKE A FORMAL COMPLAINT ABOUT THE HANDLING OF MY CASE.,email,complaint
TCK000202,THE ANNUAL FEE OF £419.65 WAS APPLIED TWICE TO MY STATEMENT PLEASE HELP,app,billing
TCK000203,"hi team my direct debit for the loan failed, how do I catch up!!",app,loan_servicing
TCK000204,can someone look at my acount urgently thanks,web,general_enquiry
TCK000205,good morning what documents do I need to update my address regards,app,general_enquiry
TCK000206,hi I did not authorise the £872.55 charge from TESCO EXPRESS on my card regards,app,fraud_dispute
TCK000207,HELLO I WANT TO MAKE AN OVERPAYMENT OF £740.27 ON MY LOAN!!,email,loan_servicing
TCK000208,HI TEAM THE AMOUNT IS NOT WHAT I EXPECTED!!,web,billing
TCK000209,HELLO THE AMOUNT IS NOT WHAT I EXPECTED PLEASE HELP,phone_transcript,complaint
TCK000210,the one time passcode never arrives on my phone please help,email,account_access
TCK000211,"hi someone used my debit card at APPLE.COM/BILL, I want a chargeback",web,fraud_dispute
TCK000212,hello I have been waiting 4 weeks for a response and this is unacceptable please help,app,complaint
TCK000213,"HI PAYMENT ISSUE ON MY ACCOUNT, NEED THIS SORTED TODAY PLEASE HELP",email,complaint
TCK000214,"dear team cannot log in to the app, it says my credentials are invalid",app,account_access
TCK000215,hello biometric login stopped working after the latest update thanks,app,account_access
TCK000216,"good morning cannot log in to the app, it says my credentials are invalid!!",phone_transcript,account_access
TCK000217,"my card is not working, what do I do!!",web,general_enquiry
TCK000218,hi team why was I charged £328.83 this month when my plan is fixed!,app,billing
TCK000219,HI I DID NOT AUTHORISE THE £198.04 CHARGE FROM APPLE.COM/BILL ON MY CARD REGARDS,app,fraud_dispute
TCK000220,the annual fee of £452.60 was applied twice to my statement.,email,billing
TCK000221,"hello this is teh worst service I have received, I am moving my accounts regards",email,complaint
TCK000222,HI WHY WAS I CHARGED £727.70 THIS MONTH WHEN MY PLAN IS FIXED REGARDS,phone_transcript,billing
TCK000223,good morning can I change my monthly instalment date to the 5th many thanks,email,loan_servicing
TCK000224,"HI MY DIRECT DEBIT FOR THE LOAN FAILED, HOW DO I CATCH UP REGARDS",app,loan_servicing
TCK000225,"good morning duplicate direct debit taken, need a refund of £486.43!!",email,billing
TCK000226,"my account was compromised after a phishing text, £585.85 is missing regards",web,fraud_dispute
TCK000227,dear team my username is not recognised even though teh account is active.,app,account_access
TCK000228,"hi duplicate direct debit taken, need a refund of £669.34 thanks",app,billing
TCK000229,dear team what are your branch opening hours on a saturday regards,app,general_enquiry
TCK000230,GOOD MORNING I WANT TO MAKE AN OVERPAYMENT OF £351.29 ON MY LOAN REGARDS,web,loan_servicing
TCK000231,good morning the one time passcode never arrives on my phone regards,app,account_access
TCK000232,dear team can someone look at my account urgently!!,email,billing
TCK000233,"LOCKED OUT AFTER THREE ATTEMPTS, NEED MY PASSWORD RESET REGARDS",app,account_access
TCK000234,"hello my direct debit for the loan failed, how do I catch up many thanks",phone_transcript,loan_servicing
TCK000235,"dear team please review my account, the numbers look wrong",phone_transcript,loan_servicing
TCK000236,good morning need help with a charge on my account!!,app,billing
TCK000237,hello I have been waiting 5 weeks for a response and this is unacceptable!!,app,complaint
TCK000238,"hello locked out after three attempts, need my password reset thanks",app,account_access
TCK000239,dear team how do I order a replacement card for a lost one thanks,email,general_enquiry
TCK000240,hello what is the early settlement figure for my loan account regards,app,loan_servicing
TCK000241,something is wrong with my statement!,app,billing
TCK000242,"good morning unauthorised payment of £252.50 showing on statement, card was in my wallet regards",email,fraud_dispute
TCK000243,the annual fee of £172.03 was applied twice to my statement!!,app,billing
TCK000244,hello can I change my monthly instalment date to teh 7th thanks,email,loan_servicing
TCK000245,GOOD MORNING PLEASE EXPLAIN THE INTEREST CHARGE ON MY LAST STATEMENT REGARDS,web,general_enquiry
TCK000246,hello can I change my monthly instalment date to the 6th many thanks,email,loan_servicing
TCK000247,"hello duplicate direct debit taken, need a refund of £562.91 thanks",email,billing
TCK000248,my username is not recognised even though the account is active.,app,account_access
TCK000249,HI WHAT DOCUMENTS DO I NEED TO UPDATE MY ADDRESS.,app,general_enquiry
TCK000250,GOOD MORNING I WAS BILLED £816.45 AFTER I ALREADY CANCELLED THE SERVICE!,web,billing
TCK000251,"good morning this is the worst service I have received, I am moving my accounts many thanks",web,complaint
TCK000252,DEAR TEAM I DID NOT AUTHORISE THE £612.56 CHARGE FROM RYANAIR ON MY CARD.,web,fraud_dispute
TCK000253,"HI MY ACCOUNT WAS COMPROMISED AFTER A PHISHING TEXT, £637.79 IS MISSING!",email,fraud_dispute
TCK000254,hi I want to make an overpayment of £335.65 on my loan!,email,loan_servicing
TCK000255,good morning what are your branch opening hours on a saturday!,app,general_enquiry
TCK000256,"HELLO DUPLICATE DIRECT DEBIT TAKEN, NEED A REFUND OF £120.24 MANY THANKS",app,billing
TCK000257,"HI TEAM PLEASE REVIEW MY ACCOUNT, THE NUMBERS LOOK WRONG MANY THANKS",app,billing
TCK000258,dear team can I change my monthly instalment date to the 5th.,email,loan_servicing
TCK000259,can I change my monthly instalment date to teh 4th many thanks,app,loan_servicing
TCK000260,hello what documents do I need to update my address thanks,phone_transcript,general_enquiry
TCK000261,good morning what documents do I need to update my address many thanks,app,general_enquiry
TCK000262,DEAR TEAM I WAS BILLED £686.47 AFTER I ALREADY CANCELLED THE SERVICE REGARDS,phone_transcript,billing
TCK000263,hi team what are your branch opening hours on a saturday regards,app,general_enquiry
TCK000264,"hi this is the worst service I have received, I am moving my acounts please help",phone_transcript,complaint
TCK000265,hi is there a fee for withdrawing cash abroad!!,email,general_enquiry
TCK000266,hello teh annual fee of £846.24 was applied twice to my statement many thanks,app,billing
TCK000267,hi my username is not recognised even though the account is active!,phone_transcript,account_access
TCK000268,"hi my card is not working, what do I do please help",app,account_access
TCK000269,"dear team duplicate direct debit taken, need a refund of £373.66.",web,billing
TCK000270,hi why was I charged £230.64 this month when my plan is fixed!!,email,billing
TCK000271,hi team what documents do I need to update my address please help,app,general_enquiry
TCK000272,good morning what is the early settlement figure for my loan account thanks,app,loan_servicing
TCK000273,hi team the one time passcode never arrives on my phone regards,app,account_access
TCK000274,dear team please explain the interest charge on my last statement!,web,billing
TCK000275,dear team money missing from my account thanks,app,billing
TCK000276,hello do you offer joint accounts for students thanks,app,general_enquiry
TCK000277,hi the branch staff were rude and refused to escalate my case,app,complaint
TCK000278,hello something is wrong with my statement regards,app,complaint
TCK000279,hi is there a fee for withdrawing cash abroad!!,email,general_enquiry
TCK000280,good morning the annual fee of £325.94 was applied twice to my statement regards,phone_transcript,billing
TCK000281,dear team the one time passcode never arrives on my phone.,phone_transcript,account_access
TCK000282,dear team what is the early settlement figure for my loan account.,web,loan_servicing
TCK000283,REQUESTING A PAYMENT HOLIDAY FOR 6 MONTHS ON MY LOAN MANY THANKS,app,loan_servicing
TCK000284,"hi my account was compromised after a phishing text, £636.79 is missing",phone_transcript,account_access
TCK000285,THE ONE TIME PASSCODE NEVER ARRIVES ON MY PHONE THANKS,app,account_access
TCK000286,"duplicate direct debit taken, need a refund of £476.44!!",app,billing
TCK000287,I was billed £663.15 after I already cancelled teh service!!,email,billing
TCK000288,good morning what are your branch opening hours on a saturday!,email,general_enquiry
TCK000289,"good morning third time raising this issue, nobody has called me back!!",web,complaint
TCK000290,is there a fee for withdrawing cash abroad many thanks,email,general_enquiry
TCK000291,hi what are your branch opening hours on a saturday regards,app,general_enquiry
TCK000292,"GOOD MORNING MY CARD IS NOT WORKING, WHAT DO I DO",email,loan_servicing
TCK000293,HELLO WHAT IS THE EARLY SETTLEMENT FIGURE FOR MY LOAN ACCOUNT!,app,loan_servicing
TCK000294,"HI TEAM PLEASE REVIEW MY ACCOUNT, THE NUMBERS LOOK WRONG",email,general_enquiry
TCK000295,"HI MY DIRECT DEBIT FOR THE LOAN FAILED, HOW DO I CATCH UP",app,loan_servicing
TCK000296,HELLO CAN I CHANGE MY MONTHLY INSTALMENT DATE TO THE 6TH.,phone_transcript,loan_servicing
TCK000297,hello why was I charged £649.00 this month when my plan is fixed,web,loan_servicing
TCK000298,how do I order a replacement card for a lost one thanks,email,general_enquiry
TCK000299,"good morning someone used my debit card at TESCO EXPRESS, I want a chargeback regards",web,fraud_dispute
TCK000300,good morning something is wrong with my statement thanks,web,general_enquiry
TCK000301,good morning need help with a charge on my account thanks,app,fraud_dispute
TCK000302,"hi someone used my debit card at UBER TRIP, I want a chargeback please help",email,fraud_dispute
TCK000303,HELLO I WANT TO MAKE AN OVERPAYMENT OF £512.05 ON MY LOAN!!,web,loan_servicing
TCK000304,hello my username is not recognised even though the account is active,phone_transcript,account_access
TCK000305,hi I was billed £529.91 after I already cancelled the service thanks,app,billing
TCK000306,my username is not recognised even though teh account is active please help,web,account_access
TCK000307,dear team do you offer joint acounts for students!!,phone_transcript,general_enquiry
TCK000308,"good morning payment issue on my account, need this sorted today.",email,fraud_dispute
TCK000309,dear team the annual fee of £535.65 was applied twice to my statement.,email,billing
TCK000310,good morning biometric login stopped working after the latest update thanks,web,account_access
TCK000311,hello why was I charged £783.48 this month when my plan is fixed.,phone_transcript,billing
TCK000312,dear team biometric login stopped working after the latest update thanks,email,account_access
TCK000313,"good morning cannot log in to the app, it says my credentials are invalid.",email,account_access
TCK000314,hi how do I order a replacement card for a lost one please help,email,general_enquiry
TCK000315,hello what are your branch opening hours on a saturday!,web,account_access
TCK000316,"HI ISSUE WITH MY PAYMENT, SECOND TIME ASKING THANKS",phone_transcript,billing
TCK000317,hello teh amount is not what I expected please help,email,account_access
TCK000318,the branch staff were rude and refused to escalate my case please help,app,complaint
TCK000319,"HELLO MY DIRECT DEBIT FOR THE LOAN FAILED, HOW DO I CATCH UP",email,loan_servicing
TCK000320,GOOD MORNING I WANT TO MAKE AN OVERPAYMENT OF £513.38 ON MY LOAN MANY THANKS,email,loan_servicing
TCK000321,I WAS BILLED £78.04 AFTER I ALREADY CANCELLED THE SERVICE REGARDS,web,billing
TCK000322,dear team what are your branch opening hours on a saturday many thanks,app,general_enquiry
TCK000323,hello money missing from my account.,app,billing
TCK000324,hi my username is not recognised even though teh account is active!,web,account_access
TCK000325,"HI MY CARD IS NOT WORKING, WHAT DO I DO",web,fraud_dispute
TCK000326,HI THERE IS A PROBLEM WITH MY ACCOUNT PLEASE CALL ME.,web,loan_servicing
TCK000327,hello I was billed £632.75 after I already cancelled the service please help,app,billing
TCK000328,hi can someone look at my account urgently thanks,email,complaint
TCK000329,HI TEAM MONEY MISSING FROM MY ACCOUNT MANY THANKS,web,account_access
TCK000330,DEAR TEAM I WANT TO MAKE AN OVERPAYMENT OF £144.48 ON MY LOAN PLEASE HELP,app,loan_servicing
TCK000331,good morning what documents do I need to update my address please help,email,general_enquiry
TCK000332,"dear team my card is not working, what do I do many thanks",web,account_access
TCK000333,"cannot log in to the app, it says my credentials are invalid please help",phone_transcript,account_access
TCK000334,hello how do I order a replacement card for a lost one.,email,general_enquiry
TCK000335,HI THE ANNUAL FEE OF £431.41 WAS APPLIED TWICE TO MY STATEMENT THANKS,web,general_enquiry
TCK000336,"hi my account was compromised after a phishing text, £170.22 is missing many thanks",email,fraud_dispute
TCK000337,"issue with my payment, second time asking thanks",web,billing
TCK000338,HELLO WHY WAS I CHARGED £403.46 THIS MONTH WHEN MY PLAN IS FIXED THANKS,web,billing
TCK000339,hello biometric login stopped working after the latest update regards,app,account_access
TCK000340,is there a fee for withdrawing cash abroad many thanks,app,general_enquiry
TCK000341,HI THE ONE TIME PASSCODE NEVER ARRIVES ON MY PHONE PLEASE HELP,web,account_access
TCK000342,PLEASE EXPLAIN THE INTEREST CHARGE ON MY LAST STATEMENT!!,app,billing
TCK000343,the annual fee of £77.62 was applied twice to my statement thanks,app,billing
TCK000344,hi what are your branch opening hours on a saturday,email,general_enquiry
TCK000345,GOOD MORNING CAN I CHANGE MY MONTHLY INSTALMENT DATE TO THE 6TH THANKS,email,loan_servicing
TCK000346,how do I order a replacement card for a lost one thanks,app,general_enquiry
TCK000347,"DEAR TEAM SOMEONE USED MY DEBIT CARD AT UBER TRIP, I WANT A CHARGEBACK THANKS",web,fraud_dispute
TCK000348,"good morning someone used my debit card at TESCO EXPRESS, I want a chargeback!!",email,fraud_dispute
TCK000349,hello what is the early settlement figure for my loan account,web,loan_servicing
TCK000350,hello I want to make a formal complaint about the handling of my case!,phone_transcript,complaint
TCK000351,HI WHAT IS THE EARLY SETTLEMENT FIGURE FOR MY LOAN ACCOUNT,app,loan_servicing
TCK000352,why was I charged £86.31 this month when my plan is fixed many thanks,phone_transcript,billing
TCK000353,HELLO DO YOU OFFER JOINT ACCOUNTS FOR STUDENTS,web,billing
TCK000354,dear team my username is not recognised even though the account is active regards,email,account_access
TCK000355,DEAR TEAM I WANT TO MAKE AN OVERPAYMENT OF £192.13 ON MY LOAN PLEASE HELP,app,loan_servicing
TCK000356,"hello my account was compromised after a phishing text, £350.68 is missing many thanks",email,fraud_dispute
TCK000357,HI TEAM I WANT TO MAKE A FORMAL COMPLAINT ABOUT THE HANDLING OF MY CASE MANY THANKS,email,complaint
TCK000358,hi team I did not authorise the £232.34 charge from TESCO EXPRESS on my card!,web,fraud_dispute
TCK000359,"hi unauthorised payment of £636.40 showing on statement, card was in my wallet regards",email,fraud_dispute
TCK000360,HELLO MONEY MISSING FROM MY ACCOUNT MANY THANKS,email,billing
TCK000361,hello teh one time passcode never arrives on my phone many thanks,phone_transcript,account_access
TCK000362,dear team requesting a payment holiday for 8 months on my loan please help,app,loan_servicing
TCK000363,is there a fee for withdrawing cash abroad many thanks,web,general_enquiry
TCK000364,good morning what is the early settlement figure for my loan account regards,app,loan_servicing
TCK000365,hi is there a fee for withdrawing cash abroad regards,phone_transcript,general_enquiry
TCK000366,good morning how do I order a replacement card for a lost one many thanks,app,general_enquiry
TCK000367,hi team I was billed £525.52 after I already cancelled the service regards,web,billing
TCK000368,hi why was I charged £517.73 this month when my plan is fixed regards,email,billing
TCK000369,"good morning duplicate direct debit taken, need a refund of £443.23 regards",email,billing
TCK000370,"hello this is the worst service I have received, I am moving my accounts.",web,complaint
TCK000371,"DEAR TEAM DUPLICATE DIRECT DEBIT TAKEN, NEED A REFUND OF £578.56",app,billing
TCK000372,HI TEAM DO YOU OFFER JOINT ACCOUNTS FOR STUDENTS!!,app,loan_servicing
TCK000373,hi team what is the early settlement figure for my loan account,email,loan_servicing
TCK000374,DEAR TEAM MONEY MISSING FROM MY ACCOUNT PLEASE HELP,app,account_access
TCK000375,hi team please explain the interest charge on my last statement,app,billing
TCK000376,HI WHAT ARE YOUR BRANCH OPENING HOURS ON A SATURDAY.,phone_transcript,general_enquiry
TCK000377,HI REQUESTING A PAYMENT HOLIDAY FOR 8 MONTHS ON MY LOAN THANKS,app,loan_servicing
TCK000378,please explain the interest charge on my last statement please help,app,billing
TCK000379,dear team biometric login stopped working after the latest update!,app,account_access
TCK000380,"hi my account was compromised after a phishing text, £21.54 is missing please help",app,fraud_dispute
TCK000381,hi there is a problem with my account please call me regards,web,billing
TCK000382,"dear team issue with my payment, second time asking",app,billing
TCK000383,"hello please review my account, the numbers look wrong please help",web,fraud_dispute
TCK000384,dear team is there a fee for withdrawing cash abroad,app,general_enquiry
TCK000385,good morning can I change my monthly instalment date to teh 8th!!,email,loan_servicing
TCK000386,"dear team my direct debit for teh loan failed, how do I catch up.",email,loan_servicing
TCK000387,HI THE ONE TIME PASSCODE NEVER ARRIVES ON MY PHONE,web,account_access
TCK000388,good morning do you offer joint accounts for students!,email,general_enquiry
TCK000389,dear team I want to make an overpayment of £555.39 on my loan please help,email,loan_servicing
TCK000390,hi team how do I order a replacement card for a lost one!,web,general_enquiry
TCK000391,what documents do I need to update my address.,web,general_enquiry
TCK000392,good morning I was billed £797.66 after I already cancelled the service.,app,billing
TCK000393,"HELLO SOMEONE USED MY DEBIT CARD AT RYANAIR, I WANT A CHARGEBACK!!",email,fraud_dispute
TCK000394,"my direct debit for teh loan failed, how do I catch up!!",phone_transcript,loan_servicing
TCK000395,need help with a charge on my account many thanks,web,account_access
TCK000396,please explain the interest charge on my last statement!,app,billing
TCK000397,hi team why was I charged £700.91 this month when my plan is fixed please help,email,billing
TCK000398,HI TEAM I WAS BILLED £167.81 AFTER I ALREADY CANCELLED THE SERVICE PLEASE HELP,email,billing
TCK000399,what documents do I need to update my address,email,general_enquiry
TCK000400,"HELLO DUPLICATE DIRECT DEBIT TAKEN, NEED A REFUND OF £530.66 MANY THANKS",app,billing
TCK000401,"hello my acount was compromised after a phishing text, £361.51 is missing regards",phone_transcript,account_access
TCK000402,"hello locked out after three attempts, need my password reset.",app,account_access
TCK000403,hi team there are 7 transactions I do not recognise please block the card!!,web,fraud_dispute
TCK000404,hi team how do I order a replacement card for a lost one regards,app,general_enquiry
TCK000405,"hi locked out after three attempts, need my password reset!",email,account_access
TCK000406,GOOD MORNING IS THERE A FEE FOR WITHDRAWING CASH ABROAD MANY THANKS,email,general_enquiry
TCK000407,MY USERNAME IS NOT RECOGNISED EVEN THOUGH THE ACCOUNT IS ACTIVE PLEASE HELP,app,complaint
TCK000408,DEAR TEAM REQUESTING A PAYMENT HOLIDAY FOR 4 MONTHS ON MY LOAN MANY THANKS,app,loan_servicing
TCK000409,I was billed £647.81 after I already cancelled the service thanks,app,billing
TCK000410,good morning can I change my monthly instalment date to the 3th please help,phone_transcript,loan_servicing
TCK000411,"MY CARD IS NOT WORKING, WHAT DO I DO!",app,general_enquiry
TCK000412,"dear team duplicate direct debit taken, need a refund of £716.75 regards",phone_transcript,billing
TCK000413,hello can someone look at my account urgently regards,email,fraud_dispute
TCK000414,THE ONE TIME PASSCODE NEVER ARRIVES ON MY PHONE MANY THANKS,web,account_access
TCK000415,HI WHAT ARE YOUR BRANCH OPENING HOURS ON A SATURDAY!,app,general_enquiry
TCK000416,"good morning duplicate direct debit taken, need a refund of £327.96!",phone_transcript,billing
TCK000417,dear team the one time passcode never arrives on my phone please help,app,general_enquiry
TCK000418,the amount is not what I expected regards,email,general_enquiry
TCK000419,"dear team my card is not working, what do I do.",email,account_access
TCK000420,"dear team payment issue on my account, need this sorted today regards",app,loan_servicing
TCK000421,GOOD MORNING THE ONE TIME PASSCODE NEVER ARRIVES ON MY PHONE THANKS,email,account_access
TCK000422,"third time raising this issue, nobody has called me back!!",web,complaint
TCK000423,"DEAR TEAM MY DIRECT DEBIT FOR THE LOAN FAILED, HOW DO I CATCH UP",app,loan_servicing
TCK000424,hi team please explain the interest charge on my last statement,phone_transcript,billing
TCK000425,good morning is there a fee for withdrawing cash abroad,app,general_enquiry
TCK000426,dear team I have been waiting 2 weeks for a response and this is unacceptable.,phone_transcript,complaint
TCK000427,hello there are 7 transactions I do not recognise please block the card many thanks,email,fraud_dispute
TCK000428,"GOOD MORNING PAYMENT ISSUE ON MY ACCOUNT, NEED THIS SORTED TODAY!",web,general_enquiry
TCK000429,"dear team my account was compromised after a phishing text, £497.15 is missing.",phone_transcript,fraud_dispute
TCK000430,"DEAR TEAM MY ACCOUNT WAS COMPROMISED AFTER A PHISHING TEXT, £282.91 IS MISSING.",app,fraud_dispute
TCK000431,"HELLO MY CARD IS NOT WORKING, WHAT DO I DO!!",phone_transcript,loan_servicing
TCK000432,DEAR TEAM IS THERE A FEE FOR WITHDRAWING CASH ABROAD REGARDS,email,general_enquiry
TCK000433,how do I order a replacement card for a lost one regards,app,general_enquiry
TCK000434,"GOOD MORNING SOMEONE USED MY DEBIT CARD AT RYANAIR, I WANT A CHARGEBACK MANY THANKS",web,fraud_dispute
TCK000435,hello I want to make a formal complaint about the handling of my case regards,email,complaint
TCK000436,DEAR TEAM WHAT ARE YOUR BRANCH OPENING HOURS ON A SATURDAY PLEASE HELP,app,general_enquiry
TCK000437,HELLO THE ONE TIME PASSCODE NEVER ARRIVES ON MY PHONE THANKS,email,account_access
TCK000438,hi need help with a charge on my account!!,web,general_enquiry
TCK000439,teh one time passcode never arrives on my phone please help,phone_transcript,account_access
TCK000440,dear team biometric login stopped working after the latest update many thanks,web,account_access
TCK000441,GOOD MORNING HOW DO I ORDER A REPLACEMENT CARD FOR A LOST ONE,app,general_enquiry
TCK000442,hi team what is the early settlement figure for my loan account!!,web,complaint
TCK000443,hello I have been waiting 8 weeks for a response and this is unacceptable,app,complaint
TCK000444,dear team the one time passcode never arrives on my phone!!,app,account_access
TCK000445,hi team the annual fee of £606.45 was applied twice to my statement many thanks,app,billing
TCK000446,hi my username is not recognised even though the acount is active.,app,account_access
TCK000447,dear team please explain the interest charge on my last statement please help,web,billing
TCK000448,hi can someone look at my account urgently please help,app,fraud_dispute
TCK000449,"hello my direct debit for the loan failed, how do I catch up thanks",email,loan_servicing
TCK000450,HELLO CAN I CHANGE MY MONTHLY INSTALMENT DATE TO THE 4TH MANY THANKS,email,loan_servicing
TCK000451,"hi team duplicate direct debit taken, need a refund of £680.63 regards",app,billing
TCK000452,MY USERNAME IS NOT RECOGNISED EVEN THOUGH THE ACCOUNT IS ACTIVE PLEASE HELP,app,account_access
TCK000453,WHAT IS THE EARLY SETTLEMENT FIGURE FOR MY LOAN ACCOUNT THANKS,email,loan_servicing
TCK000454,hi I was billed £181.80 after I already cancelled the service!,app,fraud_dispute
TCK000455,HI TEAM CAN I CHANGE MY MONTHLY INSTALMENT DATE TO THE 7TH PLEASE HELP,app,loan_servicing
TCK000456,hi can I change my monthly instalment date to teh 5th!!,app,loan_servicing
TCK000457,HI DO YOU OFFER JOINT ACCOUNTS FOR STUDENTS THANKS,web,general_enquiry
TCK000458,HELLO WHAT IS THE EARLY SETTLEMENT FIGURE FOR MY LOAN ACCOUNT THANKS,app,loan_servicing
TCK000459,hi team my username is not recognised even though the account is active please help,app,account_access
TCK000460,"hi team unauthorised payment of £846.76 showing on statement, card was in my wallet",email,fraud_dispute
TCK000461,GOOD MORNING MONEY MISSING FROM MY ACCOUNT REGARDS,web,billing
TCK000462,"my direct debit for the loan failed, how do I catch up many thanks",app,loan_servicing
TCK000463,hi teh annual fee of £632.01 was applied twice to my statement please help,app,billing
TCK000464,hi the one time passcode never arrives on my phone,web,loan_servicing
TCK000465,good morning there is a problem with my account please call me!!,app,account_access
TCK000466,what documents do I need to update my address!!,app,complaint
TCK000467,please explain the interest charge on my last statement many thanks,app,billing
TCK000468,the one time passcode never arrives on my phone.,email,account_access
TCK000469,"good morning duplicate direct debit taken, need a refund of £816.06",app,billing
TCK000470,good morning do you offer joint accounts for students many thanks,phone_transcript,general_enquiry
TCK000471,HELLO BIOMETRIC LOGIN STOPPED WORKING AFTER THE LATEST UPDATE REGARDS,app,account_access
TCK000472,"HI ISSUE WITH MY PAYMENT, SECOND TIME ASKING MANY THANKS",app,account_access
TCK000473,good morning is there a fee for withdrawing cash abroad please help,web,general_enquiry
TCK000474,good morning I want to make an overpayment of £270.63 on my loan please help,email,loan_servicing
TCK000475,CAN I CHANGE MY MONTHLY INSTALMENT DATE TO THE 7TH.,app,loan_servicing
TCK000476,dear team biometric login stopped working after teh latest update thanks,web,loan_servicing
TCK000477,dear team is there a fee for withdrawing cash abroad thanks,app,general_enquiry
TCK000478,"good morning locked out after three attempts, need my password reset!",web,account_access
TCK000479,hi why was I charged £544.68 this month when my plan is fixed regards,app,billing
TCK000480,the amount is not what I expected many thanks,app,account_access
TCK000481,hi team why was I charged £673.88 this month when my plan is fixed.,app,billing
TCK000482,hello there is a problem with my account please call me please help,phone_transcript,billing
TCK000483,"hi team someone used my debit card at AMZN MKTPLACE, I want a chargeback many thanks",email,fraud_dispute
TCK000484,"this is the worst service I have received, I am moving my accounts many thanks",email,complaint
TCK000485,hi team why was I charged £273.79 this month when my plan is fixed many thanks,app,billing
TCK000486,"HELLO CANNOT LOG IN TO THE APP, IT SAYS MY CREDENTIALS ARE INVALID REGARDS",web,account_access
TCK000487,HELLO I DID NOT AUTHORISE THE £377.17 CHARGE FROM APPLE.COM/BILL ON MY CARD.,web,fraud_dispute
TCK000488,hi I did not authorise the £439.40 charge from AMZN MKTPLACE on my card!,app,fraud_dispute
TCK000489,hi team what is teh early settlement figure for my loan account!,phone_transcript,loan_servicing
TCK000490,"good morning someone used my debit card at UBER TRIP, I want a chargeback!",phone_transcript,fraud_dispute
TCK000491,hi I did not authorise the £447.79 charge from APPLE.COM/BILL on my card regards,web,fraud_dispute
TCK000492,hi the annual fee of £615.85 was applied twice to my statement many thanks,web,billing
TCK000493,hello I have been waiting 4 weeks for a response and this is unacceptable many thanks,app,complaint
TCK000494,what documents do I need to update my address.,web,general_enquiry
TCK000495,hi requesting a payment holiday for 2 months on my loan!!,app,loan_servicing
TCK000496,hello requesting a payment holiday for 4 months on my loan.,app,loan_servicing
TCK000497,hello there are 8 transactions I do not recognise please block the card!!,app,fraud_dispute
TCK000498,GOOD MORNING WHY WAS I CHARGED £474.18 THIS MONTH WHEN MY PLAN IS FIXED THANKS,phone_transcript,billing
TCK000499,hi team the annual fee of £899.01 was applied twice to my statement.,app,billing
TCK000500,the branch staff were rude and refused to escalate my case!,app,complaint
TCK000501,hi team what are your branch opening hours on a saturday thanks,web,general_enquiry
TCK000502,"HI TEAM LOCKED OUT AFTER THREE ATTEMPTS, NEED MY PASSWORD RESET REGARDS",phone_transcript,account_access
TCK000503,"good morning unauthorised payment of £593.98 showing on statement, card was in my wallet many thanks",email,fraud_dispute
TCK000504,good morning my username is not recognised even though the account is active please help,app,account_access
TCK000505,"good morning please review my account, the numbers look wrong!!",web,billing
TCK000506,"hi payment issue on my account, need this sorted today!",phone_transcript,fraud_dispute
TCK000507,"GOOD MORNING CANNOT LOG IN TO THE APP, IT SAYS MY CREDENTIALS ARE INVALID!!",email,account_access
TCK000508,"good morning cannot log in to the app, it says my credentials are invalid please help",app,account_access
TCK000509,hi money missing from my account,web,fraud_dispute
TCK000510,dear team what are your branch opening hours on a saturday.,email,general_enquiry
TCK000511,hello is there a fee for withdrawing cash abroad thanks,app,general_enquiry
TCK000512,GOOD MORNING HOW DO I ORDER A REPLACEMENT CARD FOR A LOST ONE PLEASE HELP,email,general_enquiry
TCK000513,can someone look at my account urgently!!,app,general_enquiry
TCK000514,"dear team duplicate direct debit taken, need a refund of £201.15.",email,billing
TCK000515,HELLO CAN I CHANGE MY MONTHLY INSTALMENT DATE TO THE 3TH PLEASE HELP,app,loan_servicing
TCK000516,hello there are 7 transactions I do not recognise please block the card.,email,fraud_dispute
TCK000517,GOOD MORNING WHAT DOCUMENTS DO I NEED TO UPDATE MY ADDRESS!!,email,general_enquiry
TCK000518,DEAR TEAM I WAS BILLED £892.28 AFTER I ALREADY CANCELLED THE SERVICE MANY THANKS,app,billing
TCK000519,THE ONE TIME PASSCODE NEVER ARRIVES ON MY PHONE PLEASE HELP,app,account_access
TCK000520,dear team what are your branch opening hours on a saturday!,email,general_enquiry
TCK000521,HI HOW DO I ORDER A REPLACEMENT CARD FOR A LOST ONE MANY THANKS,email,general_enquiry
TCK000522,"good morning duplicate direct debit taken, need a refund of £292.50 please help",phone_transcript,billing
TCK000523,DEAR TEAM IS THERE A FEE FOR WITHDRAWING CASH ABROAD REGARDS,app,general_enquiry
TCK000524,hi biometric login stopped working after teh latest update.,app,account_access
TCK000525,"issue with my payment, second time asking thanks",web,account_access
TCK000526,I want to make an overpayment of £869.96 on my loan please help,app,loan_servicing
TCK000527,hello what is the early settlement figure for my loan account thanks,phone_transcript,loan_servicing
TCK000528,hi team how do I order a replacement card for a lost one!!,email,general_enquiry
TCK000529,DEAR TEAM THE ANNUAL FEE OF £553.36 WAS APPLIED TWICE TO MY STATEMENT!,app,billing
TCK000530,HI I WAS BILLED £428.53 AFTER I ALREADY CANCELLED THE SERVICE,phone_transcript,billing
TCK000531,DEAR TEAM IS THERE A FEE FOR WITHDRAWING CASH ABROAD MANY THANKS,app,general_enquiry
TCK000532,good morning please explain the interest charge on my last statement.,phone_transcript,billing
TCK000533,good morning what are your branch opening hours on a saturday regards,app,general_enquiry
TCK000534,hi team why was I charged £668.16 this month when my plan is fixed.,app,billing
TCK000535,dear team what are your branch opening hours on a saturday!,phone_transcript,general_enquiry
TCK000536,hi team what are your branch opening hours on a saturday.,app,general_enquiry
TCK000537,hi my username is not recognised even though the account is active regards,web,account_access
TCK000538,DEAR TEAM CAN SOMEONE LOOK AT MY ACCOUNT URGENTLY PLEASE HELP,web,loan_servicing
TCK000539,"good morning third time raising this issue, nobody has called me back many thanks",app,complaint
TCK000540,"dear team cannot log in to the app, it says my credentials are invalid many thanks",email,account_access
TCK000541,"hello locked out after three attempts, need my password reset",app,account_access
TCK000542,"hello locked out after three attempts, need my password reset thanks",app,account_access
TCK000543,hi team what are your branch opening hours on a saturday please help,app,general_enquiry
TCK000544,"hi team payment issue on my account, need this sorted today.",app,billing
TCK000545,"GOOD MORNING LOCKED OUT AFTER THREE ATTEMPTS, NEED MY PASSWORD RESET REGARDS",email,account_access
TCK000546,dear team the one time passcode never arrives on my phone many thanks,app,account_access
TCK000547,good morning I was billed £635.59 after I already cancelled teh service!!,app,billing
TCK000548,"DEAR TEAM MY CARD IS NOT WORKING, WHAT DO I DO REGARDS",web,complaint
TCK000549,DEAR TEAM WHAT ARE YOUR BRANCH OPENING HOURS ON A SATURDAY,phone_transcript,general_enquiry
TCK000550,hi team do you offer joint accounts for students thanks,email,general_enquiry
TCK000551,dear team is there a fee for withdrawing cash abroad regards,email,general_enquiry
TCK000552,hi I did not authorise the £140.11 charge from APPLE.COM/BILL on my card regards,web,account_access
TCK000553,HI TEAM WHAT DOCUMENTS DO I NEED TO UPDATE MY ADDRESS REGARDS,app,general_enquiry
TCK000554,"duplicate direct debit taken, need a refund of £815.33 regards",phone_transcript,billing
TCK000555,what are your branch opening hours on a saturday,app,general_enquiry
TCK000556,hi how do I order a replacement card for a lost one regards,web,general_enquiry
TCK000557,"dear team this is the worst service I have received, I am moving my accounts thanks",email,complaint
TCK000558,dear team what is teh early settlement figure for my loan account please help,phone_transcript,loan_servicing
TCK000559,do you offer joint accounts for students.,email,general_enquiry
TCK000560,hi team the annual fee of £831.32 was applied twice to my statement!!,web,loan_servicing
TCK000561,CAN SOMEONE LOOK AT MY ACCOUNT URGENTLY MANY THANKS,web,billing
TCK000562,"good morning my card is not working, what do I do many thanks",app,loan_servicing
TCK000563,hi what documents do I need to update my address!!,web,general_enquiry
TCK000564,hi the amount is not what I expected please help,web,billing
TCK000565,"dear team my card is not working, what do I do.",web,general_enquiry
TCK000566,GOOD MORNING WHY WAS I CHARGED £163.29 THIS MONTH WHEN MY PLAN IS FIXED MANY THANKS,app,billing
TCK000567,"HI ISSUE WITH MY PAYMENT, SECOND TIME ASKING PLEASE HELP",app,general_enquiry
TCK000568,good morning something is wrong with my statement regards,email,fraud_dispute
TCK000569,"GOOD MORNING DUPLICATE DIRECT DEBIT TAKEN, NEED A REFUND OF £779.49",email,billing
TCK000570,HI WHAT IS THE EARLY SETTLEMENT FIGURE FOR MY LOAN ACCOUNT!,email,loan_servicing
TCK000571,"hi payment issue on my account, need this sorted today!!",email,loan_servicing
TCK000572,good morning is there a fee for withdrawing cash abroad regards,web,general_enquiry
TCK000573,"good morning cannot log in to the app, it says my credentials are invalid regards",email,account_access
TCK000574,good morning the one time passcode never arrives on my phone!!,app,account_access
TCK000575,"UNAUTHORISED PAYMENT OF £310.20 SHOWING ON STATEMENT, CARD WAS IN MY WALLET.",app,fraud_dispute
TCK000576,dear team what are your branch opening hours on a saturday regards,app,general_enquiry
TCK000577,DEAR TEAM I WAS BILLED £286.87 AFTER I ALREADY CANCELLED THE SERVICE.,email,billing
TCK000578,hi team the one time passcode never arrives on my phone thanks,web,account_access
TCK000579,"hi team unauthorised payment of £455.12 showing on statement, card was in my wallet thanks",phone_transcript,fraud_dispute
TCK000580,good morning my username is not recognised even though the account is active please help,app,account_access
TCK000581,hi I did not authorise the £308.95 charge from UBER TRIP on my card regards,phone_transcript,fraud_dispute
TCK000582,HI I WAS BILLED £734.19 AFTER I ALREADY CANCELLED THE SERVICE THANKS,email,billing
TCK000583,hello what is the early settlement figure for my loan account many thanks,email,loan_servicing
TCK000584,"LOCKED OUT AFTER THREE ATTEMPTS, NEED MY PASSWORD RESET!!",app,account_access
TCK000585,"dear team duplicate direct debit taken, need a refund of £722.31",app,billing
TCK000586,HI TEAM DO YOU OFFER JOINT ACCOUNTS FOR STUDENTS.,web,general_enquiry
TCK000587,"hi duplicate direct debit taken, need a refund of £166.47!!",app,billing
TCK000588,I want to make an overpayment of £214.91 on my loan.,app,loan_servicing
TCK000589,good morning I was billed £732.48 after I already cancelled the service regards,email,billing
TCK000590,IS THERE A FEE FOR WITHDRAWING CASH ABROAD!!,email,general_enquiry
TCK000591,hello I was billed £252.88 after I already cancelled the service!,email,billing
TCK000592,hello need help with a charge on my account,email,account_access
TCK000593,good morning is there a fee for withdrawing cash abroad many thanks,email,general_enquiry
TCK000594,DEAR TEAM NEED HELP WITH A CHARGE ON MY ACCOUNT,app,account_access
TCK000595,good morning what are your branch opening hours on a saturday thanks,email,general_enquiry
TCK000596,"good morning issue with my payment, second time asking please help",email,general_enquiry
TCK000597,good morning what is the early settlement figure for my loan account!,app,loan_servicing
TCK000598,good morning is there a fee for withdrawing cash abroad!,phone_transcript,general_enquiry
TCK000599,hello teh annual fee of £200.22 was applied twice to my statement regards,web,billing
TCK000600,hi I did not authorise the £125.49 charge from TESCO EXPRESS on my card.,app,fraud_dispute
TCK000601,"this is the worst service I have received, I am moving my accounts please help",email,complaint
TCK000602,hello I did not authorise the £65.41 charge from AMZN MKTPLACE on my card!,app,fraud_dispute
TCK000603,"UNAUTHORISED PAYMENT OF £799.20 SHOWING ON STATEMENT, CARD WAS IN MY WALLET MANY THANKS",app,fraud_dispute
TCK000604,dear team can I change my monthly instalment date to the 3th!,app,loan_servicing
TCK000605,please explain the interest charge on my last statement please help,email,billing
TCK000606,"cannot log in to teh app, it says my credentials are invalid!",app,account_access
TCK000607,HI TEAM THE ONE TIME PASSCODE NEVER ARRIVES ON MY PHONE MANY THANKS,email,billing
TCK000608,dear team teh annual fee of £314.88 was applied twice to my statement,email,billing
TCK000609,good morning do you offer joint accounts for students!,phone_transcript,general_enquiry
TCK000610,dear team can I change my monthly instalment date to the 3th thanks,phone_transcript,loan_servicing
TCK000611,"my card is not working, what do I do.",web,fraud_dispute
TCK000612,"HI MY DIRECT DEBIT FOR THE LOAN FAILED, HOW DO I CATCH UP.",web,loan_servicing
TCK000613,"good morning someone used my debit card at TESCO EXPRESS, I want a chargeback many thanks",email,fraud_dispute
TCK000614,"hi team my account was compromised after a phishing text, £268.38 is missing!",app,fraud_dispute
TCK000615,hello is there a fee for withdrawing cash abroad regards,app,general_enquiry
TCK000616,"DEAR TEAM PAYMENT ISSUE ON MY ACCOUNT, NEED THIS SORTED TODAY PLEASE HELP",app,fraud_dispute
TCK000617,good morning there is a problem with my account please call me many thanks,web,billing
TCK000618,hi team the annual fee of £433.61 was applied twice to my statement thanks,phone_transcript,billing
TCK000619,good morning is there a fee for withdrawing cash abroad please help,email,general_enquiry
TCK000620,MY USERNAME IS NOT RECOGNISED EVEN THOUGH THE ACCOUNT IS ACTIVE!!,email,account_access
TCK000621,dear team how do I order a replacement card for a lost one regards,email,general_enquiry
TCK000622,hi team the one time passcode never arrives on my phone!!,email,account_access
TCK000623,hi I want to make an overpayment of £371.52 on my loan,email,loan_servicing
TCK000624,good morning what is the early settlement figure for my loan account thanks,email,loan_servicing
TCK000625,hi team I did not authorise the £379.56 charge from AMZN MKTPLACE on my card thanks,email,fraud_dispute
TCK000626,dear team please explain the interest charge on my last statement many thanks,app,billing
TCK000627,IS THERE A FEE FOR WITHDRAWING CASH ABROAD.,app,general_enquiry
TCK000628,"hi payment issue on my account, need this sorted today!",app,account_access
TCK000629,hi what are your branch opening hours on a saturday please help,email,general_enquiry
TCK000630,biometric login stopped working after the latest update many thanks,web,billing
TCK000631,"HELLO MY CARD IS NOT WORKING, WHAT DO I DO",email,loan_servicing
TCK000632,GOOD MORNING WHAT DOCUMENTS DO I NEED TO UPDATE MY ADDRESS REGARDS,app,general_enquiry
TCK000633,CAN I CHANGE MY MONTHLY INSTALMENT DATE TO THE 8TH!,phone_transcript,loan_servicing
TCK000634,HI PLEASE EXPLAIN THE INTEREST CHARGE ON MY LAST STATEMENT MANY THANKS,web,billing
TCK000635,DEAR TEAM NEED HELP WITH A CHARGE ON MY ACCOUNT!,web,billing
TCK000636,hello I was billed £201.83 after I already cancelled the service!!,email,billing
TCK000637,good morning is there a fee for withdrawing cash abroad thanks,phone_transcript,general_enquiry
TCK000638,HI TEAM NEED HELP WITH A CHARGE ON MY ACCOUNT PLEASE HELP,web,fraud_dispute
TCK000639,"this is the worst service I have received, I am moving my accounts many thanks",web,complaint
TCK000640,hi team do you offer joint accounts for students please help,web,general_enquiry
TCK000641,"good morning my card is not working, what do I do regards",web,general_enquiry
TCK000642,hi what documents do I need to update my address many thanks,email,general_enquiry
TCK000643,hello the annual fee of £27.69 was applied twice to my statement many thanks,web,billing
TCK000644,is there a fee for withdrawing cash abroad thanks,app,general_enquiry
TCK000645,"THIS IS THE WORST SERVICE I HAVE RECEIVED, I AM MOVING MY ACCOUNTS",app,complaint
TCK000646,hi team can someone look at my account urgently many thanks,web,account_access
TCK000647,HI SOMETHING IS WRONG WITH MY STATEMENT,phone_transcript,general_enquiry
TCK000648,"hi team locked out after three attempts, need my password reset",web,account_access
TCK000649,"dear team duplicate direct debit taken, need a refund of £143.31 thanks",app,billing
TCK000650,"hi third time raising this issue, nobody has called me back!!",email,complaint
TCK000651,"HELLO THIS IS THE WORST SERVICE I HAVE RECEIVED, I AM MOVING MY ACCOUNTS",app,complaint
TCK000652,"good morning cannot log in to the app, it says my credentials are invalid many thanks",phone_transcript,account_access
TCK000653,"hi team cannot log in to the app, it says my credentials are invalid.",app,account_access
TCK000654,"GOOD MORNING CANNOT LOG IN TO THE APP, IT SAYS MY CREDENTIALS ARE INVALID THANKS",web,account_access
TCK000655,dear team how do I order a replacement card for a lost one,email,general_enquiry
TCK000656,good morning what are your branch opening hours on a saturday thanks,app,general_enquiry
TCK000657,"issue with my payment, second time asking many thanks",app,general_enquiry
TCK000658,"hello my direct debit for the loan failed, how do I catch up.",app,loan_servicing
TCK000659,"hello locked out after three attempts, need my password reset regards",web,account_access
TCK000660,I WANT TO MAKE A FORMAL COMPLAINT ABOUT THE HANDLING OF MY CASE!!,email,complaint
TCK000661,dear team can I change my monthly instalment date to teh 6th,app,loan_servicing
TCK000662,good morning biometric login stopped working after the latest update many thanks,app,account_access
TCK000663,DEAR TEAM I DID NOT AUTHORISE THE £97.66 CHARGE FROM APPLE.COM/BILL ON MY CARD THANKS,phone_transcript,fraud_dispute
TCK000664,DEAR TEAM WHAT ARE YOUR BRANCH OPENING HOURS ON A SATURDAY THANKS,email,general_enquiry
TCK000665,dear team the one time passcode never arrives on my phone many thanks,email,account_access
TCK000666,hi is there a fee for withdrawing cash abroad,email,general_enquiry
TCK000667,"dear team locked out after three attempts, need my password reset!",email,account_access
TCK000668,"hi team locked out after three attempts, need my password reset regards",web,account_access
TCK000669,"my card is not working, what do I do regards",email,loan_servicing
TCK000670,hi team I want to make an overpayment of £128.72 on my loan please help,app,loan_servicing
TCK000671,good morning can I change my monthly instalment date to teh 4th!!,web,loan_servicing
TCK000672,THE ANNUAL FEE OF £487.43 WAS APPLIED TWICE TO MY STATEMENT PLEASE HELP,email,billing
TCK000673,"hi duplicate direct debit taken, need a refund of £533.71 please help",web,billing
TCK000674,DEAR TEAM THE ONE TIME PASSCODE NEVER ARRIVES ON MY PHONE THANKS,email,account_access
TCK000675,GOOD MORNING IS THERE A FEE FOR WITHDRAWING CASH ABROAD MANY THANKS,phone_transcript,general_enquiry
TCK000676,dear team I want to make an overpayment of £753.75 on my loan!!,web,loan_servicing
TCK000677,WHY WAS I CHARGED £556.17 THIS MONTH WHEN MY PLAN IS FIXED REGARDS,web,billing
TCK000678,hello what are your branch opening hours on a saturday thanks,app,loan_servicing
TCK000679,hi team need help with a charge on my account!,app,billing
TCK000680,"MY CARD IS NOT WORKING, WHAT DO I DO!!",app,account_access
TCK000681,hi there are 4 transactions I do not recognise please block teh card thanks,phone_transcript,fraud_dispute
TCK000682,good morning something is wrong with my statement,web,billing
TCK000683,good morning I want to make an overpayment of £89.56 on my loan!,phone_transcript,loan_servicing
TCK000684,hi team the annual fee of £398.37 was applied twice to my statement.,app,billing
TCK000685,hello there are 8 transactions I do not recognise please block the card!,app,fraud_dispute
TCK000686,dear team I want to make a formal complaint about the handling of my case regards,email,complaint
TCK000687,"GOOD MORNING DUPLICATE DIRECT DEBIT TAKEN, NEED A REFUND OF £171.79 PLEASE HELP",web,billing
TCK000688,requesting a payment holiday for 7 months on my loan!!,app,loan_servicing
TCK000689,"good morning this is teh worst service I have received, I am moving my accounts!",email,complaint
TCK000690,"HI SOMEONE USED MY DEBIT CARD AT STEAM GAMES, I WANT A CHARGEBACK.",app,billing
TCK000691,hello I was billed £638.57 after I already cancelled the service.,phone_transcript,billing
TCK000692,hello what is teh early settlement figure for my loan account please help,app,loan_servicing
TCK000693,dear team can I change my monthly instalment date to teh 8th regards,app,loan_servicing
TCK000694,hello need help with a charge on my account!!,web,complaint
TCK000695,"HI CANNOT LOG IN TO THE APP, IT SAYS MY CREDENTIALS ARE INVALID.",app,account_access
TCK000696,HELLO THE ONE TIME PASSCODE NEVER ARRIVES ON MY PHONE.,web,account_access
TCK000697,hi team requesting a payment holiday for 3 months on my loan regards,app,loan_servicing
TCK000698,good morning my username is not recognised even though the account is active,email,account_access
TCK000699,hello why was I charged £582.59 this month when my plan is fixed!,app,account_access
TCK000700,HI TEAM WHY WAS I CHARGED £352.50 THIS MONTH WHEN MY PLAN IS FIXED PLEASE HELP,phone_transcript,billing
TCK000701,"this is teh worst service I have received, I am moving my accounts!",email,complaint
TCK000702,hi the one time passcode never arrives on my phone thanks,phone_transcript,account_access
TCK000703,hi is there a fee for withdrawing cash abroad.,email,general_enquiry
TCK000704,hi team I was billed £367.97 after I already cancelled the service thanks,app,billing
TCK000705,hello the branch staff were rude and refused to escalate my case.,app,complaint
TCK000706,"hi issue with my payment, second time asking!",email,account_access
TCK000707,"hello unauthorised payment of £35.30 showing on statement, card was in my wallet many thanks",email,fraud_dispute
TCK000708,"my direct debit for the loan failed, how do I catch up thanks",web,account_access
TCK000709,"my direct debit for the loan failed, how do I catch up!",email,loan_servicing
TCK000710,THE AMOUNT IS NOT WHAT I EXPECTED PLEASE HELP,app,general_enquiry
TCK000711,DEAR TEAM DO YOU OFFER JOINT ACCOUNTS FOR STUDENTS!!,app,general_enquiry
TCK000712,good morning do you offer joint accounts for students.,app,general_enquiry
TCK000713,"good morning payment issue on my account, need this sorted today!!",email,fraud_dispute
TCK000714,dear team I want to make an overpayment of £469.54 on my loan regards,app,loan_servicing
TCK000715,need help with a charge on my account.,email,account_access
TCK000716,"hi team third time raising this issue, nobody has called me back many thanks",email,complaint
TCK000717,hi something is wrong with my statement,phone_transcript,billing
TCK000718,dear team what is the early settlement figure for my loan account!!,app,loan_servicing
TCK000719,DEAR TEAM I WAS BILLED £246.60 AFTER I ALREADY CANCELLED THE SERVICE MANY THANKS,app,billing
TCK000720,hi please explain the interest charge on my last statement thanks,email,billing
TCK000721,dear team teh annual fee of £456.48 was applied twice to my statement regards,web,billing
TCK000722,dear team need help with a charge on my account!,app,billing
TCK000723,dear team need help with a charge on my account thanks,phone_transcript,general_enquiry
TCK000724,HI TEAM REQUESTING A PAYMENT HOLIDAY FOR 3 MONTHS ON MY LOAN MANY THANKS,app,loan_servicing
TCK000725,there are 8 transactions I do not recognise please block the card.,email,fraud_dispute
TCK000726,hi what are your branch opening hours on a saturday,web,general_enquiry
TCK000727,"hi team my card is not working, what do I do!",phone_transcript,complaint
TCK000728,CAN SOMEONE LOOK AT MY ACCOUNT URGENTLY,web,account_access
TCK000729,good morning how do I order a replacement card for a lost one!!,app,general_enquiry
TCK000730,"hi someone used my debit card at AMZN MKTPLACE, I want a chargeback",app,fraud_dispute
TCK000731,hello is there a fee for withdrawing cash abroad!,app,account_access
TCK000732,BIOMETRIC LOGIN STOPPED WORKING AFTER THE LATEST UPDATE.,app,account_access
TCK000733,"dear team this is teh worst service I have received, I am moving my accounts",email,complaint
TCK000734,"hello issue with my payment, second time asking.",email,account_access
TCK000735,"my card is not working, what do I do!",email,general_enquiry
TCK000736,dear team biometric login stopped working after the latest update!!,app,account_access
TCK000737,HELLO I WAS BILLED £292.04 AFTER I ALREADY CANCELLED THE SERVICE REGARDS,web,billing
TCK000738,GOOD MORNING I HAVE BEEN WAITING 5 WEEKS FOR A RESPONSE AND THIS IS UNACCEPTABLE.,email,account_access
TCK000739,"HELLO DUPLICATE DIRECT DEBIT TAKEN, NEED A REFUND OF £593.05",phone_transcript,billing
TCK000740,hello do you offer joint acounts for students thanks,email,general_enquiry
TCK000741,"hi team issue with my payment, second time asking",phone_transcript,fraud_dispute
TCK000742,I have been waiting 7 weeks for a response and this is unacceptable!,app,complaint
TCK000743,hi is there a fee for withdrawing cash abroad regards,email,general_enquiry
TCK000744,"hi team my card is not working, what do I do many thanks",phone_transcript,account_access
TCK000745,hello need help with a charge on my account thanks,email,general_enquiry
TCK000746,hello can I change my monthly instalment date to teh 3th,app,loan_servicing
TCK000747,hi team do you offer joint accounts for students regards,email,general_enquiry
TCK000748,hello what is teh early settlement figure for my loan account.,app,loan_servicing
TCK000749,"hello my direct debit for the loan failed, how do I catch up",web,loan_servicing
TCK000750,"dear team this is the worst service I have received, I am moving my accounts!",app,complaint
TCK000751,dear team requesting a payment holiday for 3 months on my loan!,app,loan_servicing
TCK000752,hi what is the early settlement figure for my loan account many thanks,phone_transcript,loan_servicing
TCK000753,good morning there are 4 transactions I do not recognise please block the card regards,email,fraud_dispute
TCK000754,"GOOD MORNING MY DIRECT DEBIT FOR THE LOAN FAILED, HOW DO I CATCH UP REGARDS",app,loan_servicing
TCK000755,HI TEAM THE ANNUAL FEE OF £763.88 WAS APPLIED TWICE TO MY STATEMENT!,app,billing
TCK000756,hi team what is the early settlement figure for my loan account please help,phone_transcript,loan_servicing
TCK000757,hi there are 8 transactions I do not recognise please block the card!!,email,fraud_dispute
TCK000758,"hello my account was compromised after a phishing text, £523.36 is missing",app,fraud_dispute
TCK000759,dear team I have been waiting 6 weeks for a response and this is unacceptable!!,email,complaint
TCK000760,hello I was billed £5.10 after I already cancelled the service thanks,phone_transcript,billing
TCK000761,hello what documents do I need to update my address thanks,email,general_enquiry
TCK000762,hi team teh annual fee of £754.13 was applied twice to my statement.,web,billing
TCK000763,hello I did not authorise the £406.03 charge from RYANAIR on my card.,email,fraud_dispute
TCK000764,HI TEAM I DID NOT AUTHORISE THE £102.63 CHARGE FROM RYANAIR ON MY CARD MANY THANKS,web,fraud_dispute
TCK000765,HI TEAM IS THERE A FEE FOR WITHDRAWING CASH ABROAD!,email,general_enquiry
TCK000766,HI REQUESTING A PAYMENT HOLIDAY FOR 5 MONTHS ON MY LOAN!!,app,loan_servicing
TCK000767,hi why was I charged £91.91 this month when my plan is fixed!!,web,billing
TCK000768,good morning I want to make a formal complaint about the handling of my case regards,email,complaint
TCK000769,SOMETHING IS WRONG WITH MY STATEMENT!!,web,account_access
TCK000770,hello my username is not recognised even though the account is active thanks,email,account_access
TCK000771,"hi team my account was compromised after a phishing text, £44.72 is missing regards",app,fraud_dispute
TCK000772,hi please explain the interest charge on my last statement,web,billing
TCK000773,hello please explain the interest charge on my last statement regards,phone_transcript,billing
TCK000774,"dear team my account was compromised after a phishing text, £570.32 is missing regards",email,fraud_dispute
TCK000775,HELLO MY USERNAME IS NOT RECOGNISED EVEN THOUGH THE ACCOUNT IS ACTIVE!,app,account_access
TCK000776,HELLO WHY WAS I CHARGED £80.33 THIS MONTH WHEN MY PLAN IS FIXED,email,billing
TCK000777,dear team I was billed £389.98 after I already cancelled the service please help,app,billing
TCK000778,"GOOD MORNING MY DIRECT DEBIT FOR THE LOAN FAILED, HOW DO I CATCH UP PLEASE HELP",phone_transcript,loan_servicing
TCK000779,"hello duplicate direct debit taken, need a refund of £488.26 regards",email,billing
TCK000780,"locked out after three attempts, need my password reset!!",app,account_access
TCK000781,hi I want to make an overpayment of £870.90 on my loan many thanks,email,loan_servicing
TCK000782,dear team biometric login stopped working after the latest update regards,app,account_access
TCK000783,"dear team duplicate direct debit taken, need a refund of £435.29 regards",web,billing
TCK000784,HI TEAM MY USERNAME IS NOT RECOGNISED EVEN THOUGH THE ACCOUNT IS ACTIVE PLEASE HELP,web,account_access
TCK000785,the amount is not what I expected thanks,email,complaint
TCK000786,HI TEAM I WANT TO MAKE A FORMAL COMPLAINT ABOUT THE HANDLING OF MY CASE.,web,complaint
TCK000787,dear team the amount is not what I expected thanks,app,account_access
TCK000788,hi please explain teh interest charge on my last statement!,app,billing
TCK000789,hi team do you offer joint acounts for students many thanks,phone_transcript,general_enquiry
TCK000790,is there a fee for withdrawing cash abroad!,app,general_enquiry
TCK000791,why was I charged £570.28 this month when my plan is fixed please help,app,billing
TCK000792,hi I was billed £682.04 after I already cancelled teh service regards,web,billing
TCK000793,hi I was billed £795.03 after I already cancelled the service!,email,billing
TCK000794,"duplicate direct debit taken, need a refund of £180.81 regards",email,billing
TCK000795,hi team biometric login stopped working after the latest update thanks,app,account_access
TCK000796,hi team the annual fee of £507.75 was applied twice to my statement,app,billing
TCK000797,"dear team third time raising this issue, nobody has called me back thanks",app,loan_servicing
TCK000798,good morning need help with a charge on my account,app,fraud_dispute
TCK000799,hello my username is not recognised even though the account is active!!,app,account_access
TCK000800,"hello please review my account, the numbers look wrong.",web,billing
TCK000801,hi team requesting a payment holiday for 4 months on my loan!!,email,loan_servicing
TCK000802,dear team what are your branch opening hours on a saturday please help,email,general_enquiry
TCK000803,good morning please explain the interest charge on my last statement.,app,billing
TCK000804,I want to make an overpayment of £293.45 on my loan!,email,loan_servicing
TCK000805,what are your branch opening hours on a saturday.,app,general_enquiry
TCK000806,"HI TEAM MY DIRECT DEBIT FOR THE LOAN FAILED, HOW DO I CATCH UP PLEASE HELP",email,loan_servicing
TCK000807,dear team requesting a payment holiday for 8 months on my loan,app,loan_servicing
TCK000808,"HELLO PLEASE REVIEW MY ACCOUNT, THE NUMBERS LOOK WRONG!!",web,loan_servicing
TCK000809,"good morning locked out after three attempts, need my password reset please help",web,account_access
TCK000810,hello I did not authorise the £124.96 charge from AMZN MKTPLACE on my card regards,app,fraud_dispute
TCK000811,"hello someone used my debit card at TESCO EXPRESS, I want a chargeback",app,fraud_dispute
TCK000812,the annual fee of £744.33 was applied twice to my statement many thanks,web,general_enquiry
TCK000813,hello the branch staff were rude and refused to escalate my case!!,email,complaint
TCK000814,hi there is a problem with my account please call me!!,email,general_enquiry
TCK000815,dear team the annual fee of £25.73 was applied twice to my statement please help,email,billing
TCK000816,hi team biometric login stopped working after the latest update please help,app,account_access
TCK000817,hi teh one time passcode never arrives on my phone.,app,account_access
TCK000818,"good morning my acount was compromised after a phishing text, £165.62 is missing!!",app,fraud_dispute
TCK000819,dear team please explain teh interest charge on my last statement thanks,phone_transcript,billing
TCK000820,"hi team my card is not working, what do I do!!",web,complaint
TCK000821,"issue with my payment, second time asking many thanks",email,account_access
TCK000822,hi need help with a charge on my account,app,fraud_dispute
TCK000823,what documents do I need to update my address!,app,general_enquiry
TCK000824,GOOD MORNING THERE IS A PROBLEM WITH MY ACCOUNT PLEASE CALL ME PLEASE HELP,web,account_access
TCK000825,"hello cannot log in to the app, it says my credentials are invalid!",app,account_access
TCK000826,HI MY USERNAME IS NOT RECOGNISED EVEN THOUGH THE ACCOUNT IS ACTIVE!,phone_transcript,account_access
TCK000827,good morning what documents do I need to update my address!,email,general_enquiry
TCK000828,I was billed £35.12 after I already cancelled the service many thanks,email,billing
TCK000829,DEAR TEAM CAN SOMEONE LOOK AT MY ACCOUNT URGENTLY.,email,fraud_dispute
TCK000830,"hi someone used my debit card at STEAM GAMES, I want a chargeback please help",email,fraud_dispute
TCK000831,"good morning my direct debit for the loan failed, how do I catch up thanks",email,loan_servicing
TCK000832,HI MONEY MISSING FROM MY ACCOUNT THANKS,phone_transcript,billing
TCK000833,hello how do I order a replacement card for a lost one.,web,general_enquiry
TCK000834,"hi team locked out after three attempts, need my password reset regards",app,account_access
TCK000835,GOOD MORNING I WANT TO MAKE AN OVERPAYMENT OF £98.91 ON MY LOAN THANKS,phone_transcript,loan_servicing
TCK000836,hello there are 5 transactions I do not recognise please block the card.,email,fraud_dispute
TCK000837,hi I was billed £97.76 after I already cancelled teh service many thanks,app,billing
TCK000838,dear team please explain teh interest charge on my last statement many thanks,email,general_enquiry
TCK000839,"hi unauthorised payment of £316.67 showing on statement, card was in my wallet thanks",email,fraud_dispute
TCK000840,dear team I have been waiting 8 weeks for a response and this is unacceptable.,email,complaint
TCK000841,"duplicate direct debit taken, need a refund of £694.47 please help",email,billing
TCK000842,HI I WANT TO MAKE AN OVERPAYMENT OF £759.45 ON MY LOAN PLEASE HELP,email,loan_servicing
TCK000843,what are your branch opening hours on a saturday.,app,general_enquiry
TCK000844,hello there are 8 transactions I do not recognise please block teh card please help,app,fraud_dispute
TCK000845,hello there is a problem with my account please call me!,phone_transcript,billing
TCK000846,good morning something is wrong with my statement!!,web,billing
TCK000847,"good morning my account was compromised after a phishing text, £698.45 is missing regards",email,fraud_dispute
TCK000848,HELLO BIOMETRIC LOGIN STOPPED WORKING AFTER THE LATEST UPDATE,web,account_access
TCK000849,HI TEAM MY USERNAME IS NOT RECOGNISED EVEN THOUGH THE ACCOUNT IS ACTIVE!!,email,account_access
TCK000850,hi team is there a fee for withdrawing cash abroad many thanks,app,general_enquiry
TCK000851,"dear team duplicate direct debit taken, need a refund of £674.56 many thanks",email,billing
TCK000852,"HELLO DUPLICATE DIRECT DEBIT TAKEN, NEED A REFUND OF £528.17 PLEASE HELP",app,billing
TCK000853,hi team biometric login stopped working after the latest update thanks,web,complaint
TCK000854,good morning the one time passcode never arrives on my phone many thanks,web,account_access
TCK000855,hi team teh amount is not what I expected thanks,web,fraud_dispute
TCK000856,"hi team my direct debit for teh loan failed, how do I catch up thanks",app,loan_servicing
TCK000857,"hello third time raising this issue, nobody has called me back please help",email,complaint
TCK000858,"payment issue on my account, need this sorted today",email,general_enquiry
TCK000859,dear team why was I charged £122.68 this month when my plan is fixed!!,app,billing
TCK000860,need help with a charge on my acount!,app,fraud_dispute
TCK000861,WHAT IS THE EARLY SETTLEMENT FIGURE FOR MY LOAN ACCOUNT!!,app,loan_servicing
TCK000862,"hi third time raising this issue, nobody has called me back please help",app,complaint
TCK000863,hi team can I change my monthly instalment date to the 2th many thanks,phone_transcript,general_enquiry
TCK000864,GOOD MORNING HOW DO I ORDER A REPLACEMENT CARD FOR A LOST ONE PLEASE HELP,web,general_enquiry
TCK000865,"HI TEAM ISSUE WITH MY PAYMENT, SECOND TIME ASKING.",app,complaint
TCK000866,hi team teh annual fee of £84.85 was applied twice to my statement!,app,billing
TCK000867,I want to make an overpayment of £593.59 on my loan please help,app,loan_servicing
TCK000868,I WANT TO MAKE A FORMAL COMPLAINT ABOUT THE HANDLING OF MY CASE!!,app,complaint
TCK000869,"UNAUTHORISED PAYMENT OF £570.90 SHOWING ON STATEMENT, CARD WAS IN MY WALLET",phone_transcript,fraud_dispute
TCK000870,hi team please explain the interest charge on my last statement,email,billing
TCK000871,hi biometric login stopped working after the latest update.,email,account_access
TCK000872,good morning can someone look at my account urgently,app,general_enquiry
TCK000873,hello the one time passcode never arrives on my phone thanks,web,account_access
TCK000874,HELLO THERE ARE 2 TRANSACTIONS I DO NOT RECOGNISE PLEASE BLOCK THE CARD PLEASE HELP,app,fraud_dispute
TCK000875,"good morning please review my acount, teh numbers look wrong!!",app,fraud_dispute
TCK000876,good morning my username is not recognised even though the account is active.,app,account_access
TCK000877,"hi my account was compromised after a phishing text, £495.47 is missing!",app,fraud_dispute
TCK000878,hi why was I charged £674.00 this month when my plan is fixed,app,billing
TCK000879,DEAR TEAM WHAT IS THE EARLY SETTLEMENT FIGURE FOR MY LOAN ACCOUNT THANKS,email,loan_servicing
TCK000880,dear team can I change my monthly instalment date to the 2th,web,loan_servicing
TCK000881,hello biometric login stopped working after the latest update!!,app,account_access
TCK000882,"hello third time raising this issue, nobody has called me back please help",web,complaint
TCK000883,dear team the annual fee of £544.39 was applied twice to my statement thanks,app,billing
TCK000884,hello the one time passcode never arrives on my phone many thanks,email,account_access
TCK000885,GOOD MORNING BIOMETRIC LOGIN STOPPED WORKING AFTER THE LATEST UPDATE,email,account_access
TCK000886,is there a fee for withdrawing cash abroad!!,email,general_enquiry
TCK000887,good morning need help with a charge on my account,email,general_enquiry
TCK000888,hi I was billed £544.15 after I already cancelled the service many thanks,phone_transcript,billing
TCK000889,hello I want to make an overpayment of £664.41 on my loan!!,email,loan_servicing
TCK000890,hi do you offer joint acounts for students please help,app,account_access
TCK000891,hi team the branch staff were rude and refused to escalate my case,email,complaint
TCK000892,HI TEAM WHY WAS I CHARGED £90.69 THIS MONTH WHEN MY PLAN IS FIXED MANY THANKS,app,billing
TCK000893,dear team something is wrong with my statement regards,email,account_access
TCK000894,good morning the one time passcode never arrives on my phone!!,email,loan_servicing
TCK000895,"hi team locked out after three attempts, need my password reset!",email,account_access
TCK000896,what are your branch opening hours on a saturday.,app,general_enquiry
TCK000897,hi I have been waiting 7 weeks for a response and this is unacceptable!,email,complaint
TCK000898,hi team I want to make an overpayment of £870.12 on my loan!,phone_transcript,loan_servicing
TCK000899,good morning something is wrong with my statement please help,app,account_access
TCK000900,the branch staff were rude and refused to escalate my case thanks,app,complaint
TCK000901,"DUPLICATE DIRECT DEBIT TAKEN, NEED A REFUND OF £290.46 MANY THANKS",web,billing
TCK000902,"HELLO ISSUE WITH MY PAYMENT, SECOND TIME ASKING PLEASE HELP",email,account_access
TCK000903,GOOD MORNING MONEY MISSING FROM MY ACCOUNT.,email,general_enquiry
TCK000904,"cannot log in to teh app, it says my credentials are invalid!!",app,account_access
TCK000905,"HELLO PLEASE REVIEW MY ACCOUNT, THE NUMBERS LOOK WRONG!",app,general_enquiry
TCK000906,GOOD MORNING I DID NOT AUTHORISE THE £423.07 CHARGE FROM UBER TRIP ON MY CARD MANY THANKS,app,fraud_dispute
TCK000907,teh annual fee of £898.38 was applied twice to my statement thanks,phone_transcript,billing
TCK000908,DEAR TEAM THERE ARE 3 TRANSACTIONS I DO NOT RECOGNISE PLEASE BLOCK THE CARD,app,fraud_dispute
TCK000909,hi there are 3 transactions I do not recognise please block the card please help,app,fraud_dispute
TCK000910,biometric login stopped working after the latest update!!,web,account_access
TCK000911,DEAR TEAM WHY WAS I CHARGED £530.03 THIS MONTH WHEN MY PLAN IS FIXED MANY THANKS,app,billing
TCK000912,HOW DO I ORDER A REPLACEMENT CARD FOR A LOST ONE PLEASE HELP,email,general_enquiry
TCK000913,"hello cannot log in to the app, it says my credentials are invalid thanks",email,account_access
TCK000914,hi team the annual fee of £513.94 was applied twice to my statement thanks,email,billing
TCK000915,hi team the branch staff were rude and refused to escalate my case regards,email,complaint
TCK000916,"HI CANNOT LOG IN TO THE APP, IT SAYS MY CREDENTIALS ARE INVALID REGARDS",phone_transcript,account_access
TCK000917,GOOD MORNING HOW DO I ORDER A REPLACEMENT CARD FOR A LOST ONE,email,general_enquiry
TCK000918,hello I was billed £800.15 after I already cancelled the service.,email,billing
TCK000919,"dear team this is the worst service I have received, I am moving my accounts",email,complaint
TCK000920,good morning teh branch staff were rude and refused to escalate my case!,email,complaint
TCK000921,hi team the annual fee of £208.11 was applied twice to my statement please help,app,billing
TCK000922,"DEAR TEAM MY ACCOUNT WAS COMPROMISED AFTER A PHISHING TEXT, £304.70 IS MISSING THANKS",app,fraud_dispute
TCK000923,what documents do I need to update my address!!,app,general_enquiry
TCK000924,HELLO I WANT TO MAKE A FORMAL COMPLAINT ABOUT THE HANDLING OF MY CASE!!,app,complaint
TCK000925,teh amount is not what I expected.,email,loan_servicing
TCK000926,GOOD MORNING THERE ARE 6 TRANSACTIONS I DO NOT RECOGNISE PLEASE BLOCK THE CARD,app,fraud_dispute
TCK000927,good morning is there a fee for withdrawing cash abroad many thanks,app,general_enquiry
TCK000928,"dear team my account was compromised after a phishing text, £155.62 is missing",app,fraud_dispute
TCK000929,"DEAR TEAM DUPLICATE DIRECT DEBIT TAKEN, NEED A REFUND OF £590.02 PLEASE HELP",app,billing
TCK000930,dear team what are your branch opening hours on a saturday!,app,general_enquiry
TCK000931,good morning requesting a payment holiday for 6 months on my loan!,app,loan_servicing
TCK000932,hi what documents do I need to update my address regards,app,general_enquiry
TCK000933,hi need help with a charge on my account,app,account_access
TCK000934,"hi team locked out after three attempts, need my password reset thanks",email,account_access
TCK000935,good morning what are your branch opening hours on a saturday,email,general_enquiry
TCK000936,hi biometric login stopped working after the latest update!!,app,account_access
TCK000937,WHAT DOCUMENTS DO I NEED TO UPDATE MY ADDRESS!,email,general_enquiry
TCK000938,hello why was I charged £521.65 this month when my plan is fixed thanks,app,billing
TCK000939,dear team what documents do I need to update my address.,email,general_enquiry
TCK000940,DEAR TEAM I HAVE BEEN WAITING 2 WEEKS FOR A RESPONSE AND THIS IS UNACCEPTABLE REGARDS,web,complaint
TCK000941,"third time raising this issue, nobody has called me back",app,complaint
TCK000942,hello how do I order a replacement card for a lost one.,email,general_enquiry
TCK000943,"good morning my card is not working, what do I do",web,general_enquiry
TCK000944,hi team my username is not recognised even though the account is active thanks,app,account_access
TCK000945,what are your branch opening hours on a saturday please help,app,general_enquiry
TCK000946,dear team I did not authorise the £883.31 charge from RYANAIR on my card many thanks,web,fraud_dispute
TCK000947,I was billed £295.57 after I already cancelled the service many thanks,email,billing
TCK000948,hi the amount is not what I expected.,web,billing
TCK000949,hello I want to make a formal complaint about teh handling of my case many thanks,app,complaint
TCK000950,hi team the one time passcode never arrives on my phone thanks,email,account_access
TCK000951,good morning I want to make a formal complaint about the handling of my case please help,app,complaint
TCK000952,"HI LOCKED OUT AFTER THREE ATTEMPTS, NEED MY PASSWORD RESET PLEASE HELP",email,account_access
TCK000953,GOOD MORNING I WANT TO MAKE A FORMAL COMPLAINT ABOUT THE HANDLING OF MY CASE!,app,complaint
TCK000954,hello can I change my monthly instalment date to the 3th thanks,email,loan_servicing
TCK000955,hello why was I charged £400.23 this month when my plan is fixed many thanks,email,billing
TCK000956,good morning requesting a payment holiday for 6 months on my loan many thanks,phone_transcript,loan_servicing
TCK000957,GOOD MORNING I HAVE BEEN WAITING 8 WEEKS FOR A RESPONSE AND THIS IS UNACCEPTABLE MANY THANKS,app,complaint
TCK000958,GOOD MORNING WHAT ARE YOUR BRANCH OPENING HOURS ON A SATURDAY.,web,general_enquiry
TCK000959,the one time passcode never arrives on my phone,app,account_access
TCK000960,"hi locked out after three attempts, need my password reset regards",web,account_access
TCK000961,what documents do I need to update my address many thanks,app,general_enquiry
TCK000962,good morning money missing from my account regards,app,complaint
TCK000963,REQUESTING A PAYMENT HOLIDAY FOR 8 MONTHS ON MY LOAN.,app,complaint
TCK000964,hello I was billed £740.25 after I already cancelled the service please help,app,billing
TCK000965,good morning what documents do I need to update my address please help,email,general_enquiry
TCK000966,"hello my account was compromised after a phishing text, £486.64 is missing!!",web,fraud_dispute
TCK000967,"duplicate direct debit taken, need a refund of £789.42.",app,billing
TCK000968,hi biometric login stopped working after teh latest update,phone_transcript,account_access
TCK000969,what is the early settlement figure for my loan account.,app,loan_servicing
TCK000970,hi team please explain the interest charge on my last statement many thanks,email,billing
TCK000971,dear team what documents do I need to update my address!,email,billing
TCK000972,HELLO PLEASE EXPLAIN THE INTEREST CHARGE ON MY LAST STATEMENT!!,phone_transcript,billing
TCK000973,hello my username is not recognised even though the account is active!,app,account_access
TCK000974,HI TEAM WHAT IS THE EARLY SETTLEMENT FIGURE FOR MY LOAN ACCOUNT!,email,loan_servicing
TCK000975,PLEASE EXPLAIN THE INTEREST CHARGE ON MY LAST STATEMENT REGARDS,app,billing
TCK000976,"hello duplicate direct debit taken, need a refund of £796.61!!",email,billing
TCK000977,hi I want to make an overpayment of £396.43 on my loan!,web,loan_servicing
TCK000978,"HELLO ISSUE WITH MY PAYMENT, SECOND TIME ASKING!",app,billing
TCK000979,"hi my direct debit for the loan failed, how do I catch up.",app,loan_servicing
TCK000980,what are your branch opening hours on a saturday regards,email,general_enquiry
TCK000981,dear team I want to make a formal complaint about the handling of my case many thanks,phone_transcript,complaint
TCK000982,DEAR TEAM HOW DO I ORDER A REPLACEMENT CARD FOR A LOST ONE!!,app,general_enquiry
TCK000983,good morning the annual fee of £52.67 was applied twice to my statement many thanks,email,billing
TCK000984,HI TEAM CAN SOMEONE LOOK AT MY ACCOUNT URGENTLY!!,email,account_access
TCK000985,GOOD MORNING WHY WAS I CHARGED £638.55 THIS MONTH WHEN MY PLAN IS FIXED!,phone_transcript,billing
TCK000986,can I change my monthly instalment date to the 2th many thanks,web,loan_servicing
TCK000987,hello I have been waiting 6 weeks for a response and this is unacceptable!,email,complaint
TCK000988,hi team please explain the interest charge on my last statement,app,billing
TCK000989,hi team need help with a charge on my account regards,email,account_access
TCK000990,THE ONE TIME PASSCODE NEVER ARRIVES ON MY PHONE.,app,account_access
TCK000991,hi team my username is not recognised even though the account is active,email,account_access
TCK000992,my username is not recognised even though the account is active thanks,email,account_access
TCK000993,good morning I was billed £783.20 after I already cancelled the service!!,app,billing
TCK000994,"DEAR TEAM THIS IS THE WORST SERVICE I HAVE RECEIVED, I AM MOVING MY ACCOUNTS!",app,complaint
TCK000995,hi there are 3 transactions I do not recognise please block the card please help,app,fraud_dispute
TCK000996,HELLO WHAT ARE YOUR BRANCH OPENING HOURS ON A SATURDAY.,app,general_enquiry
TCK000997,do you offer joint accounts for students please help,phone_transcript,general_enquiry
TCK000998,"hi locked out after three attempts, need my password reset please help",email,account_access
TCK000999,dear team do you offer joint accounts for students!!,web,general_enquiry
TCK001000,"hello someone used my debit card at AMZN MKTPLACE, I want a chargeback thanks",app,fraud_dispute
TCK001001,hello biometric login stopped working after the latest update!,web,account_access
TCK001002,DEAR TEAM REQUESTING A PAYMENT HOLIDAY FOR 2 MONTHS ON MY LOAN!,app,loan_servicing
TCK001003,"hi team duplicate direct debit taken, need a refund of £289.10",app,billing
TCK001004,"UNAUTHORISED PAYMENT OF £642.06 SHOWING ON STATEMENT, CARD WAS IN MY WALLET",email,fraud_dispute
TCK001005,hello how do I order a replacement card for a lost one regards,phone_transcript,general_enquiry
TCK001006,hi team I want to make an overpayment of £393.60 on my loan regards,phone_transcript,loan_servicing
TCK001007,DO YOU OFFER JOINT ACCOUNTS FOR STUDENTS!,email,general_enquiry
TCK001008,hi money missing from my account please help,phone_transcript,loan_servicing
TCK001009,dear team something is wrong with my statement thanks,app,complaint
TCK001010,there is a problem with my acount please call me!!,email,billing
TCK001011,hello I was billed £280.76 after I already cancelled the service please help,app,billing
TCK001012,hi what are your branch opening hours on a saturday!,app,general_enquiry
TCK001013,good morning can someone look at my account urgently many thanks,web,complaint
TCK001014,GOOD MORNING MY USERNAME IS NOT RECOGNISED EVEN THOUGH THE ACCOUNT IS ACTIVE!!,email,account_access
TCK001015,good morning biometric login stopped working after the latest update thanks,app,account_access
TCK001016,hi my username is not recognised even though the account is active regards,web,account_access
TCK001017,"hi team this is the worst service I have received, I am moving my accounts",app,complaint
TCK001018,dear team my username is not recognised even though the account is active many thanks,phone_transcript,loan_servicing
TCK001019,good morning the one time passcode never arrives on my phone please help,email,account_access
TCK001020,dear team how do I order a replacement card for a lost one thanks,app,general_enquiry
TCK001021,CAN SOMEONE LOOK AT MY ACCOUNT URGENTLY THANKS,app,fraud_dispute
TCK001022,do you offer joint accounts for students,phone_transcript,general_enquiry
TCK001023,"HI MY ACCOUNT WAS COMPROMISED AFTER A PHISHING TEXT, £777.14 IS MISSING THANKS",email,fraud_dispute
TCK001024,good morning what documents do I need to update my address regards,web,general_enquiry
TCK001025,why was I charged £809.79 this month when my plan is fixed many thanks,email,billing
TCK001026,hi team what are your branch opening hours on a saturday!,web,general_enquiry
TCK001027,hello can I change my monthly instalment date to the 5th.,phone_transcript,loan_servicing
TCK001028,"issue with my payment, second time asking!",app,complaint
TCK001029,GOOD MORNING SOMETHING IS WRONG WITH MY STATEMENT MANY THANKS,app,complaint
TCK001030,dear team the annual fee of £342.41 was applied twice to my statement regards,phone_transcript,billing
TCK001031,HI TEAM IS THERE A FEE FOR WITHDRAWING CASH ABROAD MANY THANKS,app,general_enquiry
TCK001032,dear team I did not authorise the £520.56 charge from STEAM GAMES on my card regards,app,fraud_dispute
TCK001033,HI I DID NOT AUTHORISE THE £169.43 CHARGE FROM TESCO EXPRESS ON MY CARD!,app,fraud_dispute
TCK001034,hi something is wrong with my statement,web,complaint
TCK001035,good morning what is the early settlement figure for my loan acount.,app,loan_servicing
TCK001036,hello please explain the interest charge on my last statement please help,web,billing
TCK001037,hi team there are 4 transactions I do not recognise please block the card,phone_transcript,fraud_dispute
TCK001038,hello what documents do I need to update my address,app,general_enquiry
TCK001039,"good morning locked out after three attempts, need my password reset please help",app,account_access
TCK001040,hello requesting a payment holiday for 6 months on my loan!,email,loan_servicing
TCK001041,DEAR TEAM WHY WAS I CHARGED £631.44 THIS MONTH WHEN MY PLAN IS FIXED PLEASE HELP,app,billing
TCK001042,hello why was I charged £526.67 this month when my plan is fixed regards,email,billing
TCK001043,hello is there a fee for withdrawing cash abroad.,email,general_enquiry
TCK001044,please explain the interest charge on my last statement!,app,billing
TCK001045,dear team what are your branch opening hours on a saturday many thanks,app,general_enquiry
TCK001046,"HELLO MY DIRECT DEBIT FOR THE LOAN FAILED, HOW DO I CATCH UP",web,loan_servicing
TCK001047,"duplicate direct debit taken, need a refund of £560.72",app,billing
TCK001048,hi requesting a payment holiday for 7 months on my loan please help,email,loan_servicing
TCK001049,HI TEAM I WAS BILLED £385.25 AFTER I ALREADY CANCELLED THE SERVICE,email,billing
TCK001050,hi why was I charged £122.90 this month when my plan is fixed regards,email,billing
TCK001051,hi is there a fee for withdrawing cash abroad please help,email,general_enquiry
TCK001052,"DEAR TEAM THIRD TIME RAISING THIS ISSUE, NOBODY HAS CALLED ME BACK REGARDS",app,complaint
TCK001053,hi teh branch staff were rude and refused to escalate my case!!,email,complaint
TCK001054,HELLO DO YOU OFFER JOINT ACCOUNTS FOR STUDENTS,app,general_enquiry
TCK001055,dear team what are your branch opening hours on a saturday many thanks,web,general_enquiry
TCK001056,"THIRD TIME RAISING THIS ISSUE, NOBODY HAS CALLED ME BACK",app,complaint
TCK001057,HELLO SOMETHING IS WRONG WITH MY STATEMENT,web,billing
TCK001058,hello requesting a payment holiday for 6 months on my loan regards,email,loan_servicing
TCK001059,hi the branch staff were rude and refused to escalate my case!,web,complaint
TCK001060,hi team what are your branch opening hours on a saturday!!,app,general_enquiry
TCK001061,is there a fee for withdrawing cash abroad many thanks,email,general_enquiry
TCK001062,"hi third time raising this issue, nobody has called me back",app,complaint
TCK001063,"my direct debit for teh loan failed, how do I catch up",phone_transcript,loan_servicing
TCK001064,hello what is the early settlement figure for my loan acount many thanks,email,loan_servicing
TCK001065,what documents do I need to update my address regards,app,general_enquiry
TCK001066,what are your branch opening hours on a saturday regards,email,general_enquiry
TCK001067,"good morning my account was compromised after a phishing text, £117.15 is missing!",phone_transcript,fraud_dispute
TCK001068,hello can I change my monthly instalment date to the 3th thanks,web,loan_servicing
TCK001069,hello there are 5 transactions I do not recognise please block the card,app,billing
TCK001070,"good morning locked out after three attempts, need my password reset",app,account_access
TCK001071,"hi please review my account, the numbers look wrong regards",email,general_enquiry
TCK001072,hello please explain the interest charge on my last statement regards,app,billing
TCK001073,"hi someone used my debit card at STEAM GAMES, I want a chargeback regards",email,fraud_dispute
TCK001074,hello can I change my monthly instalment date to the 6th please help,web,loan_servicing
TCK001075,hi team please explain the interest charge on my last statement!!,phone_transcript,billing
TCK001076,dear team the one time passcode never arrives on my phone!!,app,account_access
TCK001077,hi what is the early settlement figure for my loan acount thanks,phone_transcript,loan_servicing
TCK001078,dear team requesting a payment holiday for 4 months on my loan please help,email,loan_servicing
TCK001079,"HI TEAM SOMEONE USED MY DEBIT CARD AT APPLE.COM/BILL, I WANT A CHARGEBACK!!",web,billing
TCK001080,WHAT ARE YOUR BRANCH OPENING HOURS ON A SATURDAY.,email,general_enquiry
TCK001081,hi team what documents do I need to update my address regards,email,general_enquiry
TCK001082,good morning the annual fee of £103.83 was applied twice to my statement many thanks,email,billing
TCK001083,I DID NOT AUTHORISE THE £395.85 CHARGE FROM STEAM GAMES ON MY CARD REGARDS,app,fraud_dispute
TCK001084,"hi team someone used my debit card at STEAM GAMES, I want a chargeback!",email,fraud_dispute
TCK001085,I did not authorise the £229.42 charge from STEAM GAMES on my card,app,fraud_dispute
TCK001086,"GOOD MORNING ISSUE WITH MY PAYMENT, SECOND TIME ASKING MANY THANKS",app,general_enquiry
TCK001087,dear team the annual fee of £403.40 was applied twice to my statement,app,billing
TCK001088,HI MONEY MISSING FROM MY ACCOUNT THANKS,email,fraud_dispute
TCK001089,hi team teh annual fee of £157.78 was applied twice to my statement thanks,web,billing
TCK001090,hi my username is not recognised even though teh account is active!!,app,account_access
TCK001091,good morning I want to make an overpayment of £745.95 on my loan.,phone_transcript,loan_servicing
TCK001092,good morning need help with a charge on my account.,email,account_access
TCK001093,good morning requesting a payment holiday for 7 months on my loan regards,app,loan_servicing
TCK001094,"DEAR TEAM THIS IS THE WORST SERVICE I HAVE RECEIVED, I AM MOVING MY ACCOUNTS!",phone_transcript,complaint
TCK001095,"hi cannot log in to teh app, it says my credentials are invalid!!",email,account_access
TCK001096,GOOD MORNING REQUESTING A PAYMENT HOLIDAY FOR 4 MONTHS ON MY LOAN!!,web,loan_servicing
TCK001097,please explain teh interest charge on my last statement please help,app,billing
TCK001098,"CANNOT LOG IN TO THE APP, IT SAYS MY CREDENTIALS ARE INVALID!",app,account_access
TCK001099,HI TEAM BIOMETRIC LOGIN STOPPED WORKING AFTER THE LATEST UPDATE REGARDS,app,account_access
TCK001100,WHY WAS I CHARGED £279.11 THIS MONTH WHEN MY PLAN IS FIXED,email,billing
TCK001101,"hello my account was compromised after a phishing text, £663.56 is missing",email,fraud_dispute
TCK001102,"hi team cannot log in to the app, it says my credentials are invalid regards",app,account_access
TCK001103,good morning do you offer joint accounts for students,app,general_enquiry
TCK001104,HI TEAM WHAT DOCUMENTS DO I NEED TO UPDATE MY ADDRESS MANY THANKS,email,general_enquiry
TCK001105,"dear team unauthorised payment of £829.54 showing on statement, card was in my wallet thanks",web,fraud_dispute
TCK001106,HELLO MY USERNAME IS NOT RECOGNISED EVEN THOUGH THE ACCOUNT IS ACTIVE REGARDS,email,account_access
TCK001107,GOOD MORNING CAN SOMEONE LOOK AT MY ACCOUNT URGENTLY MANY THANKS,email,billing
TCK001108,I have been waiting 8 weeks for a response and this is unacceptable.,app,complaint
TCK001109,hello the annual fee of £826.73 was applied twice to my statement!,app,billing
TCK001110,dear team I did not authorise the £52.68 charge from STEAM GAMES on my card.,phone_transcript,fraud_dispute
TCK001111,GOOD MORNING SOMETHING IS WRONG WITH MY STATEMENT REGARDS,email,billing
TCK001112,"GOOD MORNING CANNOT LOG IN TO THE APP, IT SAYS MY CREDENTIALS ARE INVALID!",app,account_access
TCK001113,GOOD MORNING I WANT TO MAKE AN OVERPAYMENT OF £148.64 ON MY LOAN THANKS,email,loan_servicing
TCK001114,how do I order a replacement card for a lost one thanks,web,general_enquiry
TCK001115,good morning I want to make a formal complaint about the handling of my case regards,email,complaint
TCK001116,GOOD MORNING I WAS BILLED £97.62 AFTER I ALREADY CANCELLED THE SERVICE.,email,billing
TCK001117,HI TEAM WHAT ARE YOUR BRANCH OPENING HOURS ON A SATURDAY!,email,general_enquiry
TCK001118,hi why was I charged £432.21 this month when my plan is fixed!!,email,billing
TCK001119,"issue with my payment, second time asking thanks",app,loan_servicing
TCK001120,"good morning duplicate direct debit taken, need a refund of £590.80 many thanks",app,billing
TCK001121,hello is there a fee for withdrawing cash abroad,app,general_enquiry
TCK001122,"dear team my card is not working, what do I do regards",app,account_access
TCK001123,"UNAUTHORISED PAYMENT OF £225.29 SHOWING ON STATEMENT, CARD WAS IN MY WALLET.",email,fraud_dispute
TCK001124,good morning the branch staff were rude and refused to escalate my case,email,complaint
TCK001125,hello can I change my monthly instalment date to the 2th!,email,loan_servicing
TCK001126,hello can I change my monthly instalment date to the 2th,app,loan_servicing
TCK001127,hi can someone look at my account urgently please help,email,general_enquiry
TCK001128,"hello my direct debit for the loan failed, how do I catch up many thanks",phone_transcript,loan_servicing
TCK001129,hi team is there a fee for withdrawing cash abroad.,app,general_enquiry
TCK001130,hi team I have been waiting 7 weeks for a response and this is unacceptable please help,app,complaint
TCK001131,"hello my account was compromised after a phishing text, £508.58 is missing regards",app,fraud_dispute
TCK001132,good morning what documents do I need to update my address many thanks,web,general_enquiry
TCK001133,"locked out after three attempts, need my password reset!!",app,account_access
TCK001134,dear team what are your branch opening hours on a saturday thanks,app,general_enquiry
TCK001135,"hi locked out after three attempts, need my password reset thanks",web,account_access
TCK001136,DEAR TEAM WHAT ARE YOUR BRANCH OPENING HOURS ON A SATURDAY THANKS,web,general_enquiry
TCK001137,good morning I have been waiting 6 weeks for a response and this is unacceptable!,email,complaint
TCK001138,HI TEAM I WAS BILLED £304.76 AFTER I ALREADY CANCELLED THE SERVICE!!,email,billing
TCK001139,CAN I CHANGE MY MONTHLY INSTALMENT DATE TO THE 3TH.,phone_transcript,loan_servicing
TCK001140,"hi cannot log in to the app, it says my credentials are invalid regards",phone_transcript,account_access
TCK001141,"good morning someone used my debit card at AMZN MKTPLACE, I want a chargeback",app,fraud_dispute
TCK001142,hello the one time passcode never arrives on my phone many thanks,email,account_access
TCK001143,"THIS IS THE WORST SERVICE I HAVE RECEIVED, I AM MOVING MY ACCOUNTS MANY THANKS",web,complaint
TCK001144,"hello duplicate direct debit taken, need a refund of £186.50!!",app,billing
TCK001145,hello I was billed £343.43 after I already cancelled the service!,email,billing
TCK001146,good morning how do I order a replacement card for a lost one!,phone_transcript,general_enquiry
TCK001147,dear team the branch staff were rude and refused to escalate my case,web,complaint
TCK001148,good morning biometric login stopped working after the latest update!,phone_transcript,account_access
TCK001149,dear team how do I order a replacement card for a lost one many thanks,phone_transcript,general_enquiry
TCK001150,GOOD MORNING IS THERE A FEE FOR WITHDRAWING CASH ABROAD.,email,general_enquiry
TCK001151,hi team what are your branch opening hours on a saturday,app,general_enquiry
TCK001152,"dear team my acount was compromised after a phishing text, £466.38 is missing",app,fraud_dispute
TCK001153,good morning there are 8 transactions I do not recognise please block the card regards,app,fraud_dispute
TCK001154,requesting a payment holiday for 6 months on my loan many thanks,web,loan_servicing
TCK001155,dear team why was I charged £241.20 this month when my plan is fixed please help,phone_transcript,billing
TCK001156,need help with a charge on my account thanks,phone_transcript,fraud_dispute
TCK001157,there is a problem with my account please call me,app,loan_servicing
TCK001158,"hi team my card is not working, what do I do please help",app,complaint
TCK001159,HELLO DO YOU OFFER JOINT ACCOUNTS FOR STUDENTS,email,general_enquiry
TCK001160,"someone used my debit card at RYANAIR, I want a chargeback please help",email,loan_servicing
TCK001161,hi team what documents do I need to update my address thanks,app,general_enquiry
TCK001162,HI TEAM THE ONE TIME PASSCODE NEVER ARRIVES ON MY PHONE,phone_transcript,account_access
TCK001163,"dear team please review my account, the numbers look wrong please help",app,general_enquiry
TCK001164,dear team how do I order a replacement card for a lost one!!,phone_transcript,general_enquiry
TCK001165,dear team how do I order a replacement card for a lost one.,web,general_enquiry
TCK001166,"THIRD TIME RAISING THIS ISSUE, NOBODY HAS CALLED ME BACK",email,complaint
TCK001167,"hi team locked out after three attempts, need my password reset thanks",web,account_access
TCK001168,I WANT TO MAKE A FORMAL COMPLAINT ABOUT THE HANDLING OF MY CASE,email,complaint
TCK001169,dear team what documents do I need to update my address!,phone_transcript,general_enquiry
TCK001170,hi team my username is not recognised even though the account is active,web,account_access
TCK001171,dear team what are your branch opening hours on a saturday.,email,general_enquiry
TCK001172,"hi unauthorised payment of £389.86 showing on statement, card was in my wallet!!",app,fraud_dispute
TCK001173,hello how do I order a replacement card for a lost one,app,general_enquiry
TCK001174,"hello duplicate direct debit taken, need a refund of £54.74.",email,billing
TCK001175,HELLO THE BRANCH STAFF WERE RUDE AND REFUSED TO ESCALATE MY CASE REGARDS,app,complaint
TCK001176,hello how do I order a replacement card for a lost one!!,phone_transcript,general_enquiry
TCK001177,GOOD MORNING I WANT TO MAKE AN OVERPAYMENT OF £115.60 ON MY LOAN PLEASE HELP,email,loan_servicing
TCK001178,good morning do you offer joint accounts for students thanks,app,general_enquiry
TCK001179,HI THE ANNUAL FEE OF £889.66 WAS APPLIED TWICE TO MY STATEMENT PLEASE HELP,web,billing
TCK001180,hello the amount is not what I expected regards,app,loan_servicing
TCK001181,good morning my username is not recognised even though the account is active thanks,app,account_access
TCK001182,good morning biometric login stopped working after the latest update,email,account_access
TCK001183,"dear team locked out after three attempts, need my password reset!!",app,account_access
TCK001184,hi team I want to make an overpayment of £550.90 on my loan please help,app,loan_servicing
TCK001185,hi need help with a charge on my account!,app,fraud_dispute
TCK001186,dear team requesting a payment holiday for 4 months on my loan!!,email,loan_servicing
TCK001187,"hi my direct debit for the loan failed, how do I catch up!!",email,loan_servicing
TCK001188,"good morning locked out after three attempts, need my password reset regards",email,account_access
TCK001189,please explain the interest charge on my last statement many thanks,app,billing
TCK001190,dear team is there a fee for withdrawing cash abroad!,app,general_enquiry
TCK001191,good morning there is a problem with my account please call me regards,app,billing
TCK001192,hello can I change my monthly instalment date to the 3th please help,app,loan_servicing
TCK001193,"HI TEAM DUPLICATE DIRECT DEBIT TAKEN, NEED A REFUND OF £681.92 THANKS",app,billing
TCK001194,"HI CANNOT LOG IN TO THE APP, IT SAYS MY CREDENTIALS ARE INVALID PLEASE HELP",phone_transcript,account_access
TCK001195,hi team how do I order a replacement card for a lost one thanks,email,general_enquiry
TCK001196,HI WHAT ARE YOUR BRANCH OPENING HOURS ON A SATURDAY PLEASE HELP,email,general_enquiry
TCK001197,dear team I want to make a formal complaint about the handling of my case,phone_transcript,complaint
TCK001198,good morning how do I order a replacement card for a lost one please help,phone_transcript,general_enquiry
TCK001199,DEAR TEAM THE BRANCH STAFF WERE RUDE AND REFUSED TO ESCALATE MY CASE!,app,complaint
TCK001200,"hi team please review my acount, the numbers look wrong!!",email,general_enquiry
TCK001201,"hello unauthorised payment of £620.66 showing on statement, card was in my wallet!!",email,fraud_dispute
TCK001202,please explain the interest charge on my last statement many thanks,app,billing
TCK001203,HI SOMETHING IS WRONG WITH MY STATEMENT!!,app,billing
TCK001204,the annual fee of £851.09 was applied twice to my statement!!,app,billing
TCK001205,"hi team cannot log in to teh app, it says my credentials are invalid",email,account_access
TCK001206,"locked out after three attempts, need my password reset!",email,account_access
TCK001207,"hi locked out after three attempts, need my password reset!!",email,account_access
TCK001208,hello the annual fee of £176.56 was applied twice to my statement regards,app,billing
TCK001209,good morning what is the early settlement figure for my loan account please help,email,loan_servicing
TCK001210,"good morning third time raising this issue, nobody has called me back regards",app,complaint
TCK001211,good morning I want to make a formal complaint about the handling of my case!,app,complaint
TCK001212,hello how do I order a replacement card for a lost one thanks,email,general_enquiry
TCK001213,HELLO SOMETHING IS WRONG WITH MY STATEMENT!,web,account_access
TCK001214,how do I order a replacement card for a lost one please help,phone_transcript,general_enquiry
TCK001215,"good morning third time raising this issue, nobody has called me back many thanks",email,complaint
TCK001216,there are 6 transactions I do not recognise please block the card thanks,phone_transcript,fraud_dispute
TCK001217,"HI MY CARD IS NOT WORKING, WHAT DO I DO!!",email,fraud_dispute
TCK001218,GOOD MORNING WHY WAS I CHARGED £896.40 THIS MONTH WHEN MY PLAN IS FIXED!,app,billing
TCK001219,"good morning cannot log in to the app, it says my credentials are invalid!!",email,account_access
TCK001220,need help with a charge on my account regards,email,account_access
TCK001221,dear team requesting a payment holiday for 7 months on my loan many thanks,app,loan_servicing
TCK001222,dear team the branch staff were rude and refused to escalate my case many thanks,email,complaint
TCK001223,good morning what are your branch opening hours on a saturday thanks,email,general_enquiry
TCK001224,good morning can I change my monthly instalment date to teh 7th please help,app,fraud_dispute
TCK001225,HI THE AMOUNT IS NOT WHAT I EXPECTED!!,app,account_access
TCK001226,hello is there a fee for withdrawing cash abroad many thanks,app,loan_servicing
TCK001227,"unauthorised payment of £864.77 showing on statement, card was in my wallet!!",app,fraud_dispute
TCK001228,dear team requesting a payment holiday for 3 months on my loan please help,phone_transcript,loan_servicing
TCK001229,hi the one time passcode never arrives on my phone please help,phone_transcript,account_access
TCK001230,"hi team issue with my payment, second time asking regards",app,general_enquiry
TCK001231,hi team why was I charged £355.71 this month when my plan is fixed thanks,app,billing
TCK001232,WHAT IS THE EARLY SETTLEMENT FIGURE FOR MY LOAN ACCOUNT!,email,loan_servicing
TCK001233,"dear team someone used my debit card at APPLE.COM/BILL, I want a chargeback!",app,fraud_dispute
TCK001234,"HI TEAM LOCKED OUT AFTER THREE ATTEMPTS, NEED MY PASSWORD RESET!!",web,account_access
TCK001235,"HELLO PLEASE REVIEW MY ACCOUNT, THE NUMBERS LOOK WRONG!!",web,loan_servicing
TCK001236,hi team I was billed £715.00 after I already cancelled the service regards,web,billing
TCK001237,dear team I was billed £518.70 after I already cancelled the service please help,app,billing
TCK001238,"PLEASE REVIEW MY ACCOUNT, THE NUMBERS LOOK WRONG",app,complaint
TCK001239,HELLO CAN I CHANGE MY MONTHLY INSTALMENT DATE TO THE 7TH MANY THANKS,email,loan_servicing
TCK001240,hi team please explain teh interest charge on my last statement thanks,phone_transcript,billing
TCK001241,hi team there are 6 transactions I do not recognise please block the card please help,app,fraud_dispute
TCK001242,hello I have been waiting 8 weeks for a response and this is unacceptable regards,phone_transcript,complaint
TCK001243,hi what documents do I need to update my address,app,general_enquiry
TCK001244,good morning I want to make an overpayment of £326.91 on my loan thanks,email,loan_servicing
TCK001245,HI TEAM WHAT DOCUMENTS DO I NEED TO UPDATE MY ADDRESS MANY THANKS,app,general_enquiry
TCK001246,"HI TEAM MY ACCOUNT WAS COMPROMISED AFTER A PHISHING TEXT, £677.83 IS MISSING!",app,fraud_dispute
TCK001247,HELLO MONEY MISSING FROM MY ACCOUNT MANY THANKS,web,loan_servicing
TCK001248,"good morning locked out after three attempts, need my password reset!!",app,account_access
TCK001249,hi team my username is not recognised even though the account is active thanks,web,account_access
TCK001250,"dear team cannot log in to the app, it says my credentials are invalid.",phone_transcript,account_access
TCK001251,"hi issue with my payment, second time asking thanks",app,loan_servicing
TCK001252,THERE ARE 3 TRANSACTIONS I DO NOT RECOGNISE PLEASE BLOCK THE CARD!,email,fraud_dispute
TCK001253,what documents do I need to update my address!!,email,general_enquiry
TCK001254,hello I did not authorise teh £64.00 charge from UBER TRIP on my card!,app,fraud_dispute
TCK001255,"dear team someone used my debit card at TESCO EXPRESS, I want a chargeback thanks",email,fraud_dispute
TCK001256,"locked out after three attempts, need my password reset regards",app,account_access
TCK001257,"DUPLICATE DIRECT DEBIT TAKEN, NEED A REFUND OF £136.35 PLEASE HELP",app,billing
TCK001258,good morning is there a fee for withdrawing cash abroad!!,app,general_enquiry
TCK001259,"unauthorised payment of £437.65 showing on statement, card was in my wallet",email,fraud_dispute
TCK001260,"HELLO PAYMENT ISSUE ON MY ACCOUNT, NEED THIS SORTED TODAY!!",app,general_enquiry
TCK001261,the amount is not what I expected please help,web,billing
TCK001262,"good morning my card is not working, what do I do many thanks",web,complaint
TCK001263,THERE IS A PROBLEM WITH MY ACCOUNT PLEASE CALL ME THANKS,phone_transcript,complaint
TCK001264,DEAR TEAM WHAT DOCUMENTS DO I NEED TO UPDATE MY ADDRESS!!,app,general_enquiry
TCK001265,hi team why was I charged £224.25 this month when my plan is fixed!!,app,billing
TCK001266,hi team the branch staff were rude and refused to escalate my case please help,app,complaint
TCK001267,dear team what is the early settlement figure for my loan account please help,web,loan_servicing
TCK001268,HI TEAM I WANT TO MAKE A FORMAL COMPLAINT ABOUT THE HANDLING OF MY CASE REGARDS,phone_transcript,complaint
TCK001269,HI MONEY MISSING FROM MY ACCOUNT MANY THANKS,email,loan_servicing
TCK001270,dear team the branch staff were rude and refused to escalate my case regards,app,complaint
TCK001271,"hello third time raising this issue, nobody has called me back please help",phone_transcript,complaint
TCK001272,dear team there are 2 transactions I do not recognise please block the card thanks,app,fraud_dispute
TCK001273,"HELLO LOCKED OUT AFTER THREE ATTEMPTS, NEED MY PASSWORD RESET!",web,account_access
TCK001274,"DEAR TEAM MY CARD IS NOT WORKING, WHAT DO I DO REGARDS",app,loan_servicing
TCK001275,dear team why was I charged £750.31 this month when my plan is fixed.,app,billing
TCK001276,hi team I want to make a formal complaint about the handling of my case many thanks,web,complaint
TCK001277,"my direct debit for the loan failed, how do I catch up thanks",app,loan_servicing
TCK001278,"hi third time raising this issue, nobody has called me back regards",web,complaint
TCK001279,HI TEAM HOW DO I ORDER A REPLACEMENT CARD FOR A LOST ONE PLEASE HELP,email,general_enquiry
TCK001280,"SOMEONE USED MY DEBIT CARD AT AMZN MKTPLACE, I WANT A CHARGEBACK!!",app,fraud_dispute
TCK001281,dear team biometric login stopped working after teh latest update!,app,complaint
TCK001282,hi team is there a fee for withdrawing cash abroad thanks,app,general_enquiry
TCK001283,"HI PAYMENT ISSUE ON MY ACCOUNT, NEED THIS SORTED TODAY MANY THANKS",app,general_enquiry
TCK001284,HI TEAM NEED HELP WITH A CHARGE ON MY ACCOUNT REGARDS,web,fraud_dispute
TCK001285,dear team why was I charged £232.91 this month when my plan is fixed,email,billing
TCK001286,"hello my card is not working, what do I do regards",phone_transcript,account_access
TCK001287,hello biometric login stopped working after the latest update thanks,app,account_access
TCK001288,good morning do you offer joint accounts for students.,app,general_enquiry
TCK001289,hi what documents do I need to update my address.,app,general_enquiry
TCK001290,dear team the one time passcode never arrives on my phone regards,web,account_access
TCK001291,dear team do you offer joint accounts for students please help,app,general_enquiry
TCK001292,dear team do you offer joint accounts for students!!,email,general_enquiry
TCK001293,hi team need help with a charge on my account!!,email,account_access
TCK001294,dear team what is teh early settlement figure for my loan account,phone_transcript,loan_servicing
TCK001295,"hi team locked out after three attempts, need my password reset thanks",app,account_access
TCK001296,dear team can I change my monthly instalment date to teh 4th regards,app,account_access
TCK001297,teh annual fee of £458.11 was applied twice to my statement!!,web,billing
TCK001298,what are your branch opening hours on a saturday regards,email,general_enquiry
TCK001299,"good morning duplicate direct debit taken, need a refund of £96.01 regards",phone_transcript,billing
TCK001300,HI TEAM WHY WAS I CHARGED £644.40 THIS MONTH WHEN MY PLAN IS FIXED,app,billing
TCK001301,"dear team duplicate direct debit taken, need a refund of £812.89 please help",web,billing
TCK001302,hello the annual fee of £820.00 was applied twice to my statement,email,billing
TCK001303,dear team how do I order a replacement card for a lost one!,web,general_enquiry
TCK001304,good morning I want to make an overpayment of £459.41 on my loan!!,web,loan_servicing
TCK001305,good morning biometric login stopped working after the latest update many thanks,phone_transcript,account_access
TCK001306,REQUESTING A PAYMENT HOLIDAY FOR 4 MONTHS ON MY LOAN.,email,loan_servicing
TCK001307,"hi team locked out after three attempts, need my password reset!",app,account_access
TCK001308,hi team can I change my monthly instalment date to the 7th thanks,email,loan_servicing
TCK001309,hi team the one time passcode never arrives on my phone regards,app,account_access
TCK001310,HI I DID NOT AUTHORISE THE £869.01 CHARGE FROM RYANAIR ON MY CARD MANY THANKS,web,complaint
TCK001311,hi team biometric login stopped working after the latest update regards,phone_transcript,account_access
TCK001312,"good morning duplicate direct debit taken, need a refund of £627.60 many thanks",email,billing
TCK001313,hi team requesting a payment holiday for 2 months on my loan!!,app,loan_servicing
TCK001314,"hi someone used my debit card at STEAM GAMES, I want a chargeback many thanks",app,fraud_dispute
TCK001315,good morning the annual fee of £70.80 was applied twice to my statement.,phone_transcript,billing
TCK001316,do you offer joint accounts for students,app,general_enquiry
TCK001317,HELLO THERE ARE 3 TRANSACTIONS I DO NOT RECOGNISE PLEASE BLOCK THE CARD.,app,fraud_dispute
TCK001318,HI TEAM I WANT TO MAKE A FORMAL COMPLAINT ABOUT THE HANDLING OF MY CASE THANKS,web,complaint
TCK001319,how do I order a replacement card for a lost one regards,email,billing
TCK001320,GOOD MORNING WHAT ARE YOUR BRANCH OPENING HOURS ON A SATURDAY MANY THANKS,email,general_enquiry
TCK001321,dear team the branch staff were rude and refused to escalate my case,app,complaint
TCK001322,hello what are your branch opening hours on a saturday please help,app,general_enquiry
TCK001323,REQUESTING A PAYMENT HOLIDAY FOR 4 MONTHS ON MY LOAN MANY THANKS,email,loan_servicing
TCK001324,DEAR TEAM CAN I CHANGE MY MONTHLY INSTALMENT DATE TO THE 3TH.,app,loan_servicing
TCK001325,GOOD MORNING PLEASE EXPLAIN THE INTEREST CHARGE ON MY LAST STATEMENT!,email,billing
TCK001326,hello please explain the interest charge on my last statement.,phone_transcript,billing
TCK001327,hi team I was billed £748.32 after I already cancelled the service many thanks,email,billing
TCK001328,why was I charged £530.53 this month when my plan is fixed!,app,billing
TCK001329,I was billed £55.12 after I already cancelled the service!!,email,complaint
TCK001330,GOOD MORNING PLEASE EXPLAIN THE INTEREST CHARGE ON MY LAST STATEMENT.,web,billing
TCK001331,I was billed £72.10 after I already cancelled the service many thanks,phone_transcript,billing
TCK001332,HI BIOMETRIC LOGIN STOPPED WORKING AFTER THE LATEST UPDATE!!,email,account_access
TCK001333,the annual fee of £131.41 was applied twice to my statement regards,app,billing
TCK001334,"hello duplicate direct debit taken, need a refund of £58.98!!",web,billing
TCK001335,hi is there a fee for withdrawing cash abroad regards,app,general_enquiry
TCK001336,"hi my card is not working, what do I do!!",email,billing
TCK001337,good morning I was billed £166.22 after I already cancelled teh service thanks,email,billing
TCK001338,"dear team unauthorised payment of £808.96 showing on statement, card was in my wallet.",web,fraud_dispute
TCK001339,"dear team this is the worst service I have received, I am moving my accounts regards",email,complaint
TCK001340,"hi team unauthorised payment of £395.66 showing on statement, card was in my wallet many thanks",email,fraud_dispute
TCK001341,"good morning duplicate direct debit taken, need a refund of £351.51 many thanks",email,billing
TCK001342,hi I want to make a formal complaint about the handling of my case regards,web,complaint
TCK001343,HELLO BIOMETRIC LOGIN STOPPED WORKING AFTER THE LATEST UPDATE,app,account_access
TCK001344,"hi issue with my payment, second time asking!",email,loan_servicing
TCK001345,HELLO I HAVE BEEN WAITING 6 WEEKS FOR A RESPONSE AND THIS IS UNACCEPTABLE.,app,complaint
TCK001346,hello what documents do I need to update my address please help,web,general_enquiry
TCK001347,good morning the annual fee of £599.71 was applied twice to my statement thanks,email,billing
TCK001348,WHAT ARE YOUR BRANCH OPENING HOURS ON A SATURDAY.,app,general_enquiry
TCK001349,hi do you offer joint accounts for students.,web,general_enquiry
TCK001350,"hi team cannot log in to the app, it says my credentials are invalid.",web,account_access
TCK001351,"hello issue with my payment, second time asking!!",email,account_access
TCK001352,"hi third time raising this issue, nobody has called me back.",phone_transcript,complaint
TCK001353,HI TEAM THERE ARE 5 TRANSACTIONS I DO NOT RECOGNISE PLEASE BLOCK THE CARD THANKS,app,fraud_dispute
TCK001354,hi team is there a fee for withdrawing cash abroad many thanks,app,general_enquiry
TCK001355,hello requesting a payment holiday for 4 months on my loan thanks,app,loan_servicing
TCK001356,"hi team someone used my debit card at AMZN MKTPLACE, I want a chargeback.",email,fraud_dispute
TCK001357,dear team I was billed £727.23 after I already cancelled the service thanks,web,account_access
TCK001358,hi team what are your branch opening hours on a saturday,app,general_enquiry
TCK001359,"hi team someone used my debit card at STEAM GAMES, I want a chargeback!!",email,fraud_dispute
TCK001360,dear team what are your branch opening hours on a saturday,app,general_enquiry
TCK001361,hi team what is the early settlement figure for my loan account!!,phone_transcript,loan_servicing
TCK001362,hi team please explain the interest charge on my last statement thanks,email,billing
TCK001363,hi team biometric login stopped working after the latest update!,app,account_access
TCK001364,hello do you offer joint accounts for students regards,web,general_enquiry
TCK001365,"dear team unauthorised payment of £374.53 showing on statement, card was in my wallet",app,fraud_dispute
TCK001366,HI TEAM WHAT DOCUMENTS DO I NEED TO UPDATE MY ADDRESS PLEASE HELP,web,general_enquiry
TCK001367,hi what documents do I need to update my address.,email,general_enquiry
TCK001368,hi team what are your branch opening hours on a saturday.,web,general_enquiry
TCK001369,"HELLO LOCKED OUT AFTER THREE ATTEMPTS, NEED MY PASSWORD RESET PLEASE HELP",email,account_access
TCK001370,THE ONE TIME PASSCODE NEVER ARRIVES ON MY PHONE PLEASE HELP,web,account_access
TCK001371,"hello payment issue on my acount, need this sorted today!",app,general_enquiry
TCK001372,"cannot log in to the app, it says my credentials are invalid regards",email,account_access
TCK001373,good morning my username is not recognised even though the acount is active.,web,account_access
TCK001374,"hello duplicate direct debit taken, need a refund of £312.14 please help",email,billing
TCK001375,hi team do you offer joint accounts for students please help,app,general_enquiry
TCK001376,"HI SOMEONE USED MY DEBIT CARD AT UBER TRIP, I WANT A CHARGEBACK MANY THANKS",email,loan_servicing
TCK001377,good morning I want to make a formal complaint about the handling of my case thanks,web,complaint
TCK001378,hi team my username is not recognised even though the account is active,email,account_access
TCK001379,"hi this is the worst service I have received, I am moving my accounts!!",email,complaint
TCK001380,"hi cannot log in to the app, it says my credentials are invalid!!",app,account_access
TCK001381,"UNAUTHORISED PAYMENT OF £260.15 SHOWING ON STATEMENT, CARD WAS IN MY WALLET",email,fraud_dispute
TCK001382,GOOD MORNING THE ANNUAL FEE OF £839.30 WAS APPLIED TWICE TO MY STATEMENT.,app,billing
TCK001383,hi money missing from my account thanks,phone_transcript,account_access
TCK001384,hi there is a problem with my account please call me,app,complaint
TCK001385,the one time passcode never arrives on my phone thanks,app,account_access
TCK001386,"hi team locked out after three attempts, need my password reset many thanks",email,account_access
TCK001387,hi I was billed £526.02 after I already cancelled the service many thanks,web,billing
TCK001388,the annual fee of £666.30 was applied twice to my statement thanks,email,billing
TCK001389,HI TEAM WHY WAS I CHARGED £515.85 THIS MONTH WHEN MY PLAN IS FIXED,email,billing
TCK001390,hi can I change my monthly instalment date to the 3th thanks,email,loan_servicing
TCK001391,"hi team cannot log in to the app, it says my credentials are invalid",app,account_access
TCK001392,hi team teh amount is not what I expected regards,phone_transcript,complaint
TCK001393,HELLO I WAS BILLED £134.12 AFTER I ALREADY CANCELLED THE SERVICE!,email,billing
TCK001394,good morning I want to make an overpayment of £406.47 on my loan!!,web,loan_servicing
TCK001395,HI IS THERE A FEE FOR WITHDRAWING CASH ABROAD MANY THANKS,email,general_enquiry
TCK001396,HI THERE ARE 5 TRANSACTIONS I DO NOT RECOGNISE PLEASE BLOCK THE CARD PLEASE HELP,app,fraud_dispute
TCK001397,hi the one time passcode never arrives on my phone thanks,email,account_access
TCK001398,hello the annual fee of £738.66 was applied twice to my statement many thanks,web,billing
TCK001399,HELLO HOW DO I ORDER A REPLACEMENT CARD FOR A LOST ONE,app,general_enquiry
TCK001400,good morning I was billed £391.77 after I already cancelled the service!,web,billing
TCK001401,HI I WANT TO MAKE AN OVERPAYMENT OF £488.19 ON MY LOAN MANY THANKS,email,loan_servicing
TCK001402,hi team please explain the interest charge on my last statement regards,app,account_access
TCK001403,"duplicate direct debit taken, need a refund of £590.60 many thanks",app,billing
TCK001404,hi team my username is not recognised even though the account is active thanks,app,account_access
TCK001405,GOOD MORNING NEED HELP WITH A CHARGE ON MY ACCOUNT PLEASE HELP,app,general_enquiry
TCK001406,dear team I did not authorise the £47.68 charge from AMZN MKTPLACE on my card thanks,app,fraud_dispute
TCK001407,hi team the annual fee of £729.09 was applied twice to my statement many thanks,web,billing
TCK001408,"hello cannot log in to the app, it says my credentials are invalid!",phone_transcript,account_access
TCK001409,dear team I was billed £402.41 after I already cancelled teh service,email,billing
TCK001410,DEAR TEAM THE ONE TIME PASSCODE NEVER ARRIVES ON MY PHONE.,phone_transcript,account_access
TCK001411,"good morning locked out after three attempts, need my password reset!!",web,account_access
TCK001412,"hi team cannot log in to the app, it says my credentials are invalid regards",web,account_access
TCK001413,"good morning my card is not working, what do I do",app,account_access
TCK001414,can I change my monthly instalment date to the 7th thanks,app,loan_servicing
TCK001415,HI TEAM I WANT TO MAKE AN OVERPAYMENT OF £244.60 ON MY LOAN REGARDS,app,loan_servicing
TCK001416,good morning do you offer joint accounts for students please help,phone_transcript,billing
TCK001417,good morning teh annual fee of £126.91 was applied twice to my statement many thanks,phone_transcript,billing
TCK001418,hello what is teh early settlement figure for my loan acount.,app,loan_servicing
TCK001419,"dear team duplicate direct debit taken, need a refund of £179.50.",app,billing
TCK001420,DEAR TEAM REQUESTING A PAYMENT HOLIDAY FOR 4 MONTHS ON MY LOAN!,email,loan_servicing
TCK001421,what documents do I need to update my address!!,web,general_enquiry
TCK001422,"hi team my direct debit for the loan failed, how do I catch up regards",email,loan_servicing
TCK001423,hi team there is a problem with my account please call me please help,web,loan_servicing
TCK001424,good morning I did not authorise the £126.03 charge from APPLE.COM/BILL on my card!,email,fraud_dispute
TCK001425,"hi team this is the worst service I have received, I am moving my accounts please help",email,complaint
TCK001426,good morning what is the early settlement figure for my loan account.,email,loan_servicing
TCK001427,HI WHY WAS I CHARGED £504.13 THIS MONTH WHEN MY PLAN IS FIXED THANKS,phone_transcript,billing
TCK001428,THE ANNUAL FEE OF £443.22 WAS APPLIED TWICE TO MY STATEMENT THANKS,app,billing
TCK001429,"dear team please review my account, the numbers look wrong regards",email,billing
TCK001430,hi I have been waiting 5 weeks for a response and this is unacceptable!,web,complaint
TCK001431,DEAR TEAM BIOMETRIC LOGIN STOPPED WORKING AFTER THE LATEST UPDATE REGARDS,email,general_enquiry
TCK001432,"HI MY DIRECT DEBIT FOR THE LOAN FAILED, HOW DO I CATCH UP!",app,loan_servicing
TCK001433,"HELLO DUPLICATE DIRECT DEBIT TAKEN, NEED A REFUND OF £561.62 PLEASE HELP",email,general_enquiry
TCK001434,dear team please explain the interest charge on my last statement regards,app,billing
TCK001435,"HELLO MY CARD IS NOT WORKING, WHAT DO I DO!",app,billing
TCK001436,please explain the interest charge on my last statement,email,billing
TCK001437,"please review my account, the numbers look wrong.",email,loan_servicing
TCK001438,hi team my username is not recognised even though the account is active!!,app,account_access
TCK001439,hi what are your branch opening hours on a saturday many thanks,app,general_enquiry
TCK001440,"DEAR TEAM UNAUTHORISED PAYMENT OF £359.94 SHOWING ON STATEMENT, CARD WAS IN MY WALLET.",email,fraud_dispute
TCK001441,HI I DID NOT AUTHORISE THE £786.30 CHARGE FROM UBER TRIP ON MY CARD PLEASE HELP,email,billing
TCK001442,hi team is there a fee for withdrawing cash abroad many thanks,email,general_enquiry
TCK001443,hello please explain the interest charge on my last statement please help,app,billing
TCK001444,"HI TEAM LOCKED OUT AFTER THREE ATTEMPTS, NEED MY PASSWORD RESET",web,account_access
TCK001445,DEAR TEAM THERE IS A PROBLEM WITH MY ACCOUNT PLEASE CALL ME!!,email,complaint
TCK001446,"hi someone used my debit card at TESCO EXPRESS, I want a chargeback thanks",app,fraud_dispute
TCK001447,hi team do you offer joint accounts for students.,web,general_enquiry
TCK001448,"dear team my acount was compromised after a phishing text, £567.94 is missing.",app,fraud_dispute
TCK001449,"good morning unauthorised payment of £511.40 showing on statement, card was in my wallet many thanks",email,fraud_dispute
TCK001450,"hello issue with my payment, second time asking!!",phone_transcript,loan_servicing
TCK001451,"DEAR TEAM LOCKED OUT AFTER THREE ATTEMPTS, NEED MY PASSWORD RESET REGARDS",email,account_access
TCK001452,what documents do I need to update my address thanks,web,general_enquiry
TCK001453,hi I did not authorise the £543.09 charge from UBER TRIP on my card,email,fraud_dispute
TCK001454,"dear team cannot log in to the app, it says my credentials are invalid regards",web,account_access
TCK001455,"hi third time raising this issue, nobody has called me back thanks",email,complaint
TCK001456,there are 6 transactions I do not recognise please block the card regards,app,fraud_dispute
TCK001457,"GOOD MORNING UNAUTHORISED PAYMENT OF £741.25 SHOWING ON STATEMENT, CARD WAS IN MY WALLET!!",app,fraud_dispute
TCK001458,"hello this is the worst service I have received, I am moving my accounts!",app,complaint
TCK001459,hi need help with a charge on my account!,app,general_enquiry
TCK001460,"this is the worst service I have received, I am moving my accounts many thanks",app,complaint
TCK001461,dear team my username is not recognised even though the account is active thanks,phone_transcript,account_access
TCK001462,good morning can someone look at my account urgently!!,app,billing
TCK001463,"hi duplicate direct debit taken, need a refund of £752.08 many thanks",email,billing
TCK001464,hi team I was billed £475.10 after I already cancelled the service thanks,email,billing
TCK001465,"unauthorised payment of £290.96 showing on statement, card was in my wallet thanks",email,fraud_dispute
TCK001466,hello I have been waiting 5 weeks for a response and this is unacceptable many thanks,web,complaint
TCK001467,"dear team this is teh worst service I have received, I am moving my accounts!!",email,complaint
TCK001468,hi teh annual fee of £811.74 was applied twice to my statement please help,web,billing
TCK001469,"hi team this is the worst service I have received, I am moving my acounts please help",app,complaint
TCK001470,hello I was billed £74.89 after I already cancelled the service many thanks,web,billing
TCK001471,HI TEAM THE ANNUAL FEE OF £449.09 WAS APPLIED TWICE TO MY STATEMENT THANKS,email,billing
TCK001472,DEAR TEAM PLEASE EXPLAIN THE INTEREST CHARGE ON MY LAST STATEMENT PLEASE HELP,app,billing
TCK001473,"hello unauthorised payment of £894.04 showing on statement, card was in my wallet many thanks",app,fraud_dispute
TCK001474,good morning the annual fee of £467.95 was applied twice to my statement!,email,billing
TCK001475,hi why was I charged £840.89 this month when my plan is fixed regards,app,billing
TCK001476,"my account was compromised after a phishing text, £494.51 is missing.",app,fraud_dispute
TCK001477,HI WHAT IS THE EARLY SETTLEMENT FIGURE FOR MY LOAN ACCOUNT THANKS,app,loan_servicing
TCK001478,teh branch staff were rude and refused to escalate my case thanks,app,complaint
TCK001479,good morning requesting a payment holiday for 2 months on my loan regards,email,loan_servicing
TCK001480,teh branch staff were rude and refused to escalate my case many thanks,app,complaint
TCK001481,hi can I change my monthly instalment date to the 2th!!,web,loan_servicing
TCK001482,hi team the amount is not what I expected,app,billing
TCK001483,HI MONEY MISSING FROM MY ACCOUNT THANKS,app,billing
TCK001484,hi team the branch staff were rude and refused to escalate my case thanks,phone_transcript,complaint
TCK001485,"hi my account was compromised after a phishing text, £654.76 is missing thanks",web,fraud_dispute
TCK001486,dear team the one time passcode never arrives on my phone many thanks,email,account_access
TCK001487,hello teh amount is not what I expected many thanks,email,fraud_dispute
TCK001488,"payment issue on my account, need this sorted today regards",app,fraud_dispute
TCK001489,hi biometric login stopped working after teh latest update thanks,phone_transcript,account_access
TCK001490,DEAR TEAM WHY WAS I CHARGED £715.43 THIS MONTH WHEN MY PLAN IS FIXED THANKS,web,billing
TCK001491,"good morning unauthorised payment of £841.29 showing on statement, card was in my wallet regards",app,fraud_dispute
TCK001492,HI HOW DO I ORDER A REPLACEMENT CARD FOR A LOST ONE!,app,general_enquiry
TCK001493,hi what is teh early settlement figure for my loan account thanks,email,loan_servicing
TCK001494,hi team money missing from my account!,app,account_access
TCK001495,good morning the one time passcode never arrives on my phone thanks,web,account_access
TCK001496,hello teh one time passcode never arrives on my phone thanks,phone_transcript,account_access
TCK001497,the one time passcode never arrives on my phone regards,app,account_access
TCK001498,hi team requesting a payment holiday for 6 months on my loan.,phone_transcript,loan_servicing
TCK001499,"hello my card is not working, what do I do many thanks",app,loan_servicing
TCK001500,"HI TEAM UNAUTHORISED PAYMENT OF £508.68 SHOWING ON STATEMENT, CARD WAS IN MY WALLET MANY THANKS",email,fraud_dispute
TCK001501,dear team something is wrong with my statement regards,email,account_access
TCK001502,good morning I have been waiting 5 weeks for a response and this is unacceptable many thanks,web,complaint
TCK001503,"hi team my direct debit for teh loan failed, how do I catch up regards",email,loan_servicing
TCK001504,"hi this is the worst service I have received, I am moving my accounts.",app,complaint
TCK001505,"good morning please review my account, the numbers look wrong.",app,general_enquiry
TCK001506,good morning I was billed £532.63 after I already cancelled the service,app,billing
TCK001507,"good morning locked out after three attempts, need my password reset!",app,account_access
TCK001508,what is the early settlement figure for my loan account please help,phone_transcript,loan_servicing
TCK001509,"HI TEAM CANNOT LOG IN TO THE APP, IT SAYS MY CREDENTIALS ARE INVALID!",app,account_access
TCK001510,good morning why was I charged £575.95 this month when my plan is fixed,email,billing
TCK001511,HELLO MONEY MISSING FROM MY ACCOUNT PLEASE HELP,app,billing
TCK001512,GOOD MORNING MY USERNAME IS NOT RECOGNISED EVEN THOUGH THE ACCOUNT IS ACTIVE!,app,account_access
TCK001513,hi team there is a problem with my account please call me,app,billing
TCK001514,dear team I was billed £837.05 after I already cancelled the service regards,email,billing
TCK001515,DEAR TEAM PLEASE EXPLAIN THE INTEREST CHARGE ON MY LAST STATEMENT REGARDS,app,billing
TCK001516,hi team how do I order a replacement card for a lost one regards,email,general_enquiry
TCK001517,"dear team locked out after three attempts, need my password reset thanks",app,account_access
TCK001518,good morning the branch staff were rude and refused to escalate my case please help,email,complaint
TCK001519,"hi team third time raising this issue, nobody has called me back",email,complaint
TCK001520,HI TEAM HOW DO I ORDER A REPLACEMENT CARD FOR A LOST ONE PLEASE HELP,web,general_enquiry
TCK001521,dear team biometric login stopped working after the latest update!,app,account_access
TCK001522,good morning what are your branch opening hours on a saturday!,app,general_enquiry
TCK001523,dear team how do I order a replacement card for a lost one thanks,app,general_enquiry
TCK001524,"dear team this is the worst service I have received, I am moving my accounts many thanks",phone_transcript,complaint
TCK001525,dear team need help with a charge on my account please help,phone_transcript,billing
TCK001526,hi please explain the interest charge on my last statement thanks,app,billing
TCK001527,please explain teh interest charge on my last statement many thanks,phone_transcript,billing
TCK001528,hi the amount is not what I expected.,web,general_enquiry
TCK001529,dear team my username is not recognised even though teh account is active many thanks,email,account_access
TCK001530,DEAR TEAM WHY WAS I CHARGED £86.73 THIS MONTH WHEN MY PLAN IS FIXED,app,billing
TCK001531,hi the branch staff were rude and refused to escalate my case many thanks,app,complaint
TCK001532,dear team biometric login stopped working after the latest update please help,email,account_access
TCK001533,dear team why was I charged £5.65 this month when my plan is fixed.,app,billing
TCK001534,hello my username is not recognised even though the account is active!,web,account_access
TCK001535,"good morning unauthorised payment of £240.23 showing on statement, card was in my wallet please help",phone_transcript,fraud_dispute
TCK001536,GOOD MORNING I WAS BILLED £188.45 AFTER I ALREADY CANCELLED THE SERVICE MANY THANKS,phone_transcript,billing
TCK001537,good morning why was I charged £97.77 this month when my plan is fixed,web,billing
TCK001538,can I change my monthly instalment date to the 7th,app,loan_servicing
TCK001539,hello biometric login stopped working after the latest update!!,app,account_access
TCK001540,hello the one time passcode never arrives on my phone.,app,account_access
TCK001541,dear team I did not authorise teh £151.27 charge from STEAM GAMES on my card.,email,fraud_dispute
TCK001542,good morning what are your branch opening hours on a saturday many thanks,email,general_enquiry
TCK001543,hi team I was billed £71.87 after I already cancelled the service please help,email,billing
TCK001544,"dear team my account was compromised after a phishing text, £510.00 is missing please help",email,fraud_dispute
TCK001545,hi requesting a payment holiday for 5 months on my loan!,app,loan_servicing
TCK001546,HI TEAM THE ANNUAL FEE OF £448.29 WAS APPLIED TWICE TO MY STATEMENT PLEASE HELP,app,billing
TCK001547,hello what is teh early settlement figure for my loan account please help,app,loan_servicing
TCK001548,hi team the amount is not what I expected regards,app,loan_servicing
TCK001549,hi team is there a fee for withdrawing cash abroad.,app,general_enquiry
TCK001550,good morning the one time passcode never arrives on my phone regards,web,account_access
TCK001551,"hello cannot log in to teh app, it says my credentials are invalid!!",app,account_access
TCK001552,hello why was I charged £90.83 this month when my plan is fixed,app,billing
TCK001553,"issue with my payment, second time asking many thanks",app,complaint
TCK001554,HELLO HOW DO I ORDER A REPLACEMENT CARD FOR A LOST ONE!!,phone_transcript,general_enquiry
TCK001555,"dear team this is teh worst service I have received, I am moving my accounts",app,complaint
TCK001556,hello I was billed £21.21 after I already cancelled the service many thanks,app,billing
TCK001557,good morning I was billed £266.47 after I already cancelled teh service please help,email,billing
TCK001558,good morning is there a fee for withdrawing cash abroad!,email,general_enquiry
TCK001559,GOOD MORNING THERE ARE 6 TRANSACTIONS I DO NOT RECOGNISE PLEASE BLOCK THE CARD THANKS,email,fraud_dispute
TCK001560,good morning I did not authorise the £867.71 charge from TESCO EXPRESS on my card.,phone_transcript,fraud_dispute
TCK001561,"GOOD MORNING LOCKED OUT AFTER THREE ATTEMPTS, NEED MY PASSWORD RESET!",email,account_access
TCK001562,"hello payment issue on my account, need this sorted today regards",web,fraud_dispute
TCK001563,good morning what is the early settlement figure for my loan account.,email,loan_servicing
TCK001564,"UNAUTHORISED PAYMENT OF £340.06 SHOWING ON STATEMENT, CARD WAS IN MY WALLET PLEASE HELP",phone_transcript,fraud_dispute
TCK001565,"my direct debit for the loan failed, how do I catch up",app,loan_servicing
TCK001566,"good morning my card is not working, what do I do thanks",email,complaint
TCK001567,HI THE BRANCH STAFF WERE RUDE AND REFUSED TO ESCALATE MY CASE PLEASE HELP,app,complaint
TCK001568,DO YOU OFFER JOINT ACCOUNTS FOR STUDENTS PLEASE HELP,phone_transcript,general_enquiry
TCK001569,hi team the one time passcode never arrives on my phone please help,email,account_access
TCK001570,please explain teh interest charge on my last statement many thanks,web,billing
TCK001571,hello why was I charged £66.33 this month when my plan is fixed many thanks,email,billing
TCK001572,"hello unauthorised payment of £432.07 showing on statement, card was in my wallet many thanks",app,fraud_dispute
TCK001573,hi how do I order a replacement card for a lost one.,app,general_enquiry
TCK001574,DEAR TEAM MY USERNAME IS NOT RECOGNISED EVEN THOUGH THE ACCOUNT IS ACTIVE THANKS,web,account_access
TCK001575,hi team biometric login stopped working after the latest update many thanks,app,account_access
TCK001576,the one time passcode never arrives on my phone regards,email,account_access
TCK001577,HI TEAM WHAT ARE YOUR BRANCH OPENING HOURS ON A SATURDAY!,email,general_enquiry
TCK001578,good morning my username is not recognised even though the account is active regards,phone_transcript,account_access
TCK001579,GOOD MORNING WHAT ARE YOUR BRANCH OPENING HOURS ON A SATURDAY.,app,general_enquiry
TCK001580,dear team requesting a payment holiday for 7 months on my loan!!,web,loan_servicing
TCK001581,hi I did not authorise the £654.81 charge from RYANAIR on my card.,app,fraud_dispute
TCK001582,dear team do you offer joint accounts for students.,app,general_enquiry
TCK001583,"SOMEONE USED MY DEBIT CARD AT UBER TRIP, I WANT A CHARGEBACK THANKS",email,fraud_dispute
TCK001584,"hi please review my account, the numbers look wrong.",app,complaint
TCK001585,can I change my monthly instalment date to the 5th please help,email,loan_servicing
TCK001586,hi team I was billed £766.14 after I already cancelled the service many thanks,web,billing
TCK001587,HELLO DO YOU OFFER JOINT ACCOUNTS FOR STUDENTS,email,general_enquiry
TCK001588,GOOD MORNING THE BRANCH STAFF WERE RUDE AND REFUSED TO ESCALATE MY CASE REGARDS,email,complaint
TCK001589,good morning can someone look at my account urgently thanks,web,loan_servicing
TCK001590,"hello my account was compromised after a phishing text, £212.68 is missing!!",email,fraud_dispute
TCK001591,I was billed £827.31 after I already cancelled the service please help,app,billing
TCK001592,HI HOW DO I ORDER A REPLACEMENT CARD FOR A LOST ONE MANY THANKS,email,general_enquiry
TCK001593,biometric login stopped working after the latest update regards,app,account_access
TCK001594,requesting a payment holiday for 5 months on my loan!!,web,loan_servicing
TCK001595,"dear team locked out after three attempts, need my password reset.",email,account_access
TCK001596,"hi issue with my payment, second time asking regards",app,billing
TCK001597,PLEASE EXPLAIN THE INTEREST CHARGE ON MY LAST STATEMENT PLEASE HELP,app,loan_servicing
TCK001598,dear team there is a problem with my account please call me,email,general_enquiry
TCK001599,hi there is a problem with my account please call me.,app,account_access
TCK001600,hi team the one time passcode never arrives on my phone!,app,account_access
TCK001601,HI WHAT ARE YOUR BRANCH OPENING HOURS ON A SATURDAY MANY THANKS,app,general_enquiry
TCK001602,GOOD MORNING IS THERE A FEE FOR WITHDRAWING CASH ABROAD MANY THANKS,app,general_enquiry
TCK001603,"dear team my account was compromised after a phishing text, £438.59 is missing many thanks",web,fraud_dispute
TCK001604,hi what documents do I need to update my address regards,app,general_enquiry
TCK001605,hello do you offer joint accounts for students many thanks,app,general_enquiry
TCK001606,DEAR TEAM THE ANNUAL FEE OF £832.03 WAS APPLIED TWICE TO MY STATEMENT,web,billing
TCK001607,hi team please explain teh interest charge on my last statement!!,email,billing
TCK001608,"hello please review my account, the numbers look wrong",app,complaint
TCK001609,good morning there are 8 transactions I do not recognise please block the card!,phone_transcript,complaint
TCK001610,"hi duplicate direct debit taken, need a refund of £372.26 many thanks",app,billing
TCK001611,DEAR TEAM HOW DO I ORDER A REPLACEMENT CARD FOR A LOST ONE!!,web,general_enquiry
TCK001612,"good morning third time raising this issue, nobody has called me back please help",email,complaint
TCK001613,hi team please explain the interest charge on my last statement,app,billing
TCK001614,I WAS BILLED £238.04 AFTER I ALREADY CANCELLED THE SERVICE MANY THANKS,phone_transcript,billing
TCK001615,hello how do I order a replacement card for a lost one regards,app,general_enquiry
TCK001616,WHY WAS I CHARGED £680.26 THIS MONTH WHEN MY PLAN IS FIXED,email,billing
TCK001617,good morning what are your branch opening hours on a saturday,email,general_enquiry
TCK001618,hello why was I charged £513.62 this month when my plan is fixed many thanks,email,billing
TCK001619,good morning there are 7 transactions I do not recognise please block the card,email,fraud_dispute
TCK001620,good morning the one time passcode never arrives on my phone thanks,web,account_access
TCK001621,"hello my direct debit for the loan failed, how do I catch up!",email,loan_servicing
TCK001622,hi please explain teh interest charge on my last statement regards,phone_transcript,billing
TCK001623,"good morning someone used my debit card at STEAM GAMES, I want a chargeback thanks",web,fraud_dispute
TCK001624,"HELLO MY CARD IS NOT WORKING, WHAT DO I DO THANKS",app,complaint
TCK001625,"hi my account was compromised after a phishing text, £637.75 is missing many thanks",web,fraud_dispute
TCK001626,hi team what are your branch opening hours on a saturday.,web,general_enquiry
TCK001627,dear team do you offer joint accounts for students regards,email,general_enquiry
TCK001628,"good morning this is the worst service I have received, I am moving my accounts regards",app,complaint
TCK001629,"good morning locked out after three attempts, need my password reset.",email,account_access
TCK001630,hello what are your branch opening hours on a saturday thanks,app,general_enquiry
TCK001631,hello what is the early settlement figure for my loan account.,email,loan_servicing
TCK001632,dear team can someone look at my account urgently many thanks,web,billing
TCK001633,"hi team please review my account, the numbers look wrong",app,billing
TCK001634,"issue with my payment, second time asking!",phone_transcript,complaint
TCK001635,DEAR TEAM THERE ARE 2 TRANSACTIONS I DO NOT RECOGNISE PLEASE BLOCK THE CARD MANY THANKS,email,fraud_dispute
TCK001636,is there a fee for withdrawing cash abroad many thanks,email,general_enquiry
TCK001637,"hi team cannot log in to the app, it says my credentials are invalid",app,account_access
TCK001638,dear team I want to make a formal complaint about teh handling of my case!!,email,account_access
TCK001639,HELLO IS THERE A FEE FOR WITHDRAWING CASH ABROAD REGARDS,phone_transcript,general_enquiry
TCK001640,hello there are 2 transactions I do not recognise please block the card many thanks,app,fraud_dispute
TCK001641,dear team there is a problem with my account please call me thanks,app,fraud_dispute
TCK001642,dear team there is a problem with my account please call me regards,email,loan_servicing
TCK001643,good morning my username is not recognised even though the account is active please help,app,account_access
TCK001644,good morning what is the early settlement figure for my loan account,web,loan_servicing
TCK001645,hi team I did not authorise the £20.63 charge from APPLE.COM/BILL on my card please help,web,fraud_dispute
TCK001646,DEAR TEAM I WANT TO MAKE AN OVERPAYMENT OF £669.94 ON MY LOAN MANY THANKS,app,loan_servicing
TCK001647,"hi third time raising this issue, nobody has called me back regards",email,complaint
TCK001648,hi I want to make an overpayment of £894.49 on my loan regards,email,loan_servicing
TCK001649,"HI TEAM THIS IS THE WORST SERVICE I HAVE RECEIVED, I AM MOVING MY ACCOUNTS!!",app,complaint
TCK001650,why was I charged £731.08 this month when my plan is fixed please help,email,billing
TCK001651,HI TEAM WHAT ARE YOUR BRANCH OPENING HOURS ON A SATURDAY REGARDS,app,general_enquiry
TCK001652,dear team what is the early settlement figure for my loan account.,web,loan_servicing
TCK001653,good morning please explain teh interest charge on my last statement!!,email,billing
TCK001654,"please review my account, the numbers look wrong",email,billing
TCK001655,I was billed £284.83 after I already cancelled the service,app,billing
TCK001656,hello is there a fee for withdrawing cash abroad,email,general_enquiry
TCK001657,"HI MY CARD IS NOT WORKING, WHAT DO I DO",web,account_access
TCK001658,hi team money missing from my acount regards,phone_transcript,account_access
TCK001659,dear team I want to make a formal complaint about the handling of my case!!,web,complaint
TCK001660,dear team I was billed £772.36 after I already cancelled the service,web,billing
TCK001661,HI TEAM WHAT IS THE EARLY SETTLEMENT FIGURE FOR MY LOAN ACCOUNT,app,loan_servicing
TCK001662,HI TEAM I WANT TO MAKE AN OVERPAYMENT OF £852.37 ON MY LOAN REGARDS,email,loan_servicing
TCK001663,hi the annual fee of £805.43 was applied twice to my statement please help,app,billing
TCK001664,"hi unauthorised payment of £99.66 showing on statement, card was in my wallet",web,fraud_dispute
TCK001665,the annual fee of £534.98 was applied twice to my statement please help,email,billing
TCK001666,dear team I want to make an overpayment of £520.34 on my loan!,email,loan_servicing
TCK001667,HI THE BRANCH STAFF WERE RUDE AND REFUSED TO ESCALATE MY CASE MANY THANKS,email,complaint
TCK001668,good morning is there a fee for withdrawing cash abroad regards,app,general_enquiry
TCK001669,"dear team my account was compromised after a phishing text, £817.97 is missing regards",phone_transcript,fraud_dispute
TCK001670,"hello cannot log in to teh app, it says my credentials are invalid thanks",app,account_access
TCK001671,dear team why was I charged £9.65 this month when my plan is fixed.,email,billing
TCK001672,"cannot log in to the app, it says my credentials are invalid",web,account_access
TCK001673,hello teh one time passcode never arrives on my phone!!,web,account_access
TCK001674,"LOCKED OUT AFTER THREE ATTEMPTS, NEED MY PASSWORD RESET!!",phone_transcript,account_access
TCK001675,hi what is teh early settlement figure for my loan account thanks,web,loan_servicing
TCK001676,HI THE ONE TIME PASSCODE NEVER ARRIVES ON MY PHONE!,app,account_access
TCK001677,hi please explain the interest charge on my last statement!!,email,billing
TCK001678,hello my username is not recognised even though the account is active thanks,web,account_access
TCK001679,good morning the annual fee of £495.18 was applied twice to my statement please help,app,billing
TCK001680,HELLO THE ONE TIME PASSCODE NEVER ARRIVES ON MY PHONE REGARDS,web,account_access
TCK001681,"CANNOT LOG IN TO THE APP, IT SAYS MY CREDENTIALS ARE INVALID!!",email,account_access
TCK001682,"dear team payment issue on my account, need this sorted today many thanks",web,general_enquiry
TCK001683,"my account was compromised after a phishing text, £601.78 is missing",web,fraud_dispute
TCK001684,is there a fee for withdrawing cash abroad many thanks,web,general_enquiry
TCK001685,"good morning issue with my payment, second time asking!",email,fraud_dispute
TCK001686,the amount is not what I expected,app,billing
TCK001687,"hello locked out after three attempts, need my password reset!!",email,account_access
TCK001688,GOOD MORNING IS THERE A FEE FOR WITHDRAWING CASH ABROAD MANY THANKS,app,general_enquiry
TCK001689,is there a fee for withdrawing cash abroad.,phone_transcript,general_enquiry
TCK001690,HI THE AMOUNT IS NOT WHAT I EXPECTED!!,email,billing
TCK001691,"hi unauthorised payment of £260.24 showing on statement, card was in my wallet thanks",app,fraud_dispute
TCK001692,"locked out after three attempts, need my password reset please help",app,account_access
TCK001693,"GOOD MORNING DUPLICATE DIRECT DEBIT TAKEN, NEED A REFUND OF £610.27 REGARDS",app,billing
TCK001694,hi requesting a payment holiday for 6 months on my loan.,web,loan_servicing
TCK001695,HI CAN SOMEONE LOOK AT MY ACCOUNT URGENTLY PLEASE HELP,phone_transcript,general_enquiry
TCK001696,hi team please explain teh interest charge on my last statement!!,app,billing
TCK001697,GOOD MORNING CAN I CHANGE MY MONTHLY INSTALMENT DATE TO THE 3TH!,app,general_enquiry
TCK001698,good morning I want to make an overpayment of £525.75 on my loan please help,app,loan_servicing
TCK001699,hi team my username is not recognised even though the account is active please help,app,account_access
TCK001700,good morning the annual fee of £631.26 was applied twice to my statement many thanks,email,billing
TCK001701,HI TEAM THERE IS A PROBLEM WITH MY ACCOUNT PLEASE CALL ME PLEASE HELP,email,billing
TCK001702,dear team there are 5 transactions I do not recognise please block the card,web,general_enquiry
TCK001703,"HI PLEASE REVIEW MY ACCOUNT, THE NUMBERS LOOK WRONG REGARDS",app,general_enquiry
TCK001704,good morning is there a fee for withdrawing cash abroad,email,general_enquiry
TCK001705,hi team there is a problem with my account please call me,app,general_enquiry
TCK001706,hello I want to make a formal complaint about the handling of my case thanks,email,complaint
TCK001707,I have been waiting 8 weeks for a response and this is unacceptable!!,app,complaint
TCK001708,"hi payment issue on my acount, need this sorted today thanks",phone_transcript,loan_servicing
TCK001709,"good morning payment issue on my account, need this sorted today regards",app,general_enquiry
TCK001710,"hi team please review my account, the numbers look wrong.",email,loan_servicing
TCK001711,"hello cannot log in to the app, it says my credentials are invalid!",web,account_access
TCK001712,hi team what are your branch opening hours on a saturday.,phone_transcript,general_enquiry
TCK001713,DEAR TEAM I HAVE BEEN WAITING 4 WEEKS FOR A RESPONSE AND THIS IS UNACCEPTABLE!!,web,complaint
TCK001714,"hi team my card is not working, what do I do many thanks",app,billing
TCK001715,the one time passcode never arrives on my phone regards,phone_transcript,account_access
TCK001716,hi team can I change my monthly instalment date to the 5th thanks,phone_transcript,loan_servicing
TCK001717,"hello cannot log in to the app, it says my credentials are invalid regards",phone_transcript,account_access
TCK001718,hello I did not authorise the £530.36 charge from APPLE.COM/BILL on my card,app,fraud_dispute
TCK001719,hello do you offer joint accounts for students regards,phone_transcript,general_enquiry
TCK001720,good morning something is wrong with my statement many thanks,web,loan_servicing
TCK001721,"good morning unauthorised payment of £165.95 showing on statement, card was in my wallet please help",email,fraud_dispute
TCK001722,dear team biometric login stopped working after the latest update!,phone_transcript,account_access
TCK001723,"hi team my direct debit for the loan failed, how do I catch up many thanks",email,loan_servicing
TCK001724,HI TEAM CAN I CHANGE MY MONTHLY INSTALMENT DATE TO THE 3TH.,app,loan_servicing
TCK001725,HELLO DO YOU OFFER JOINT ACCOUNTS FOR STUDENTS!,phone_transcript,general_enquiry
TCK001726,"good morning duplicate direct debit taken, need a refund of £626.05 please help",email,billing
TCK001727,hi I have been waiting 5 weeks for a response and this is unacceptable many thanks,email,complaint
TCK001728,what is teh early settlement figure for my loan account!,web,loan_servicing
TCK001729,hi I was billed £81.83 after I already cancelled the service thanks,app,billing
TCK001730,"hi team cannot log in to the app, it says my credentials are invalid regards",email,account_access
TCK001731,hello the annual fee of £776.36 was applied twice to my statement please help,web,billing
TCK001732,hi team my username is not recognised even though the account is active regards,app,account_access
TCK001733,why was I charged £42.61 this month when my plan is fixed many thanks,web,billing
TCK001734,good morning something is wrong with my statement many thanks,email,general_enquiry
TCK001735,"good morning payment issue on my account, need this sorted today!",app,general_enquiry
TCK001736,hi team biometric login stopped working after the latest update!!,web,account_access
TCK001737,HI TEAM REQUESTING A PAYMENT HOLIDAY FOR 4 MONTHS ON MY LOAN.,email,fraud_dispute
TCK001738,dear team my username is not recognised even though the acount is active regards,email,account_access
TCK001739,dear team the one time passcode never arrives on my phone,app,account_access
TCK001740,HELLO BIOMETRIC LOGIN STOPPED WORKING AFTER THE LATEST UPDATE PLEASE HELP,app,account_access
TCK001741,hi what documents do I need to update my address.,app,general_enquiry
TCK001742,"hi team duplicate direct debit taken, need a refund of £122.80!!",app,loan_servicing
TCK001743,DEAR TEAM WHAT ARE YOUR BRANCH OPENING HOURS ON A SATURDAY,email,general_enquiry
TCK001744,I want to make an overpayment of £883.37 on my loan.,web,loan_servicing
TCK001745,"hi team payment issue on my account, need this sorted today please help",app,billing
TCK001746,"hi locked out after three attempts, need my password reset!!",app,account_access
TCK001747,"HI TEAM MY CARD IS NOT WORKING, WHAT DO I DO THANKS",app,billing
TCK001748,WHY WAS I CHARGED £744.34 THIS MONTH WHEN MY PLAN IS FIXED REGARDS,app,billing
TCK001749,"hello locked out after three attempts, need my password reset.",web,account_access
TCK001750,"DEAR TEAM PAYMENT ISSUE ON MY ACCOUNT, NEED THIS SORTED TODAY!",app,account_access
TCK001751,good morning the one time passcode never arrives on my phone please help,web,account_access
TCK001752,hello biometric login stopped working after teh latest update thanks,app,account_access
TCK001753,good morning the branch staff were rude and refused to escalate my case!,email,complaint
TCK001754,hello what is the early settlement figure for my loan account!!,app,loan_servicing
TCK001755,hi what documents do I need to update my address!,email,general_enquiry
TCK001756,"GOOD MORNING CANNOT LOG IN TO THE APP, IT SAYS MY CREDENTIALS ARE INVALID",email,account_access
TCK001757,"dear team payment issue on my account, need this sorted today!",email,loan_servicing
TCK001758,good morning please explain teh interest charge on my last statement!!,app,billing
TCK001759,good morning can I change my monthly instalment date to the 4th,email,loan_servicing
TCK001760,hi I have been waiting 7 weeks for a response and this is unacceptable many thanks,app,complaint
TCK001761,hi team what are your branch opening hours on a saturday!!,app,general_enquiry
TCK001762,hi how do I order a replacement card for a lost one!,web,general_enquiry
TCK001763,"cannot log in to the app, it says my credentials are invalid.",email,account_access
TCK001764,"good morning third time raising this issue, nobody has called me back many thanks",app,complaint
TCK001765,hi team please explain the interest charge on my last statement!!,app,billing
TCK001766,there are 7 transactions I do not recognise please block the card thanks,app,fraud_dispute
TCK001767,biometric login stopped working after the latest update thanks,app,account_access
TCK001768,DEAR TEAM REQUESTING A PAYMENT HOLIDAY FOR 7 MONTHS ON MY LOAN!!,email,loan_servicing
TCK001769,I DID NOT AUTHORISE THE £881.16 CHARGE FROM TESCO EXPRESS ON MY CARD REGARDS,app,fraud_dispute
TCK001770,hi team I was billed £618.48 after I already cancelled the service many thanks,phone_transcript,billing
TCK001771,hello I have been waiting 8 weeks for a response and this is unacceptable many thanks,app,complaint
TCK001772,"hi team my direct debit for the loan failed, how do I catch up!!",app,loan_servicing
TCK001773,"hi team my account was compromised after a phishing text, £115.95 is missing thanks",web,fraud_dispute
TCK001774,hi what documents do I need to update my address many thanks,app,general_enquiry
TCK001775,dear team my username is not recognised even though the account is active.,app,billing
TCK001776,hi I want to make an overpayment of £38.77 on my loan.,email,loan_servicing
TCK001777,hi team there are 5 transactions I do not recognise please block the card regards,email,fraud_dispute
TCK001778,money missing from my account.,email,complaint
TCK001779,hi I want to make an overpayment of £572.81 on my loan many thanks,email,loan_servicing
TCK001780,IS THERE A FEE FOR WITHDRAWING CASH ABROAD THANKS,app,general_enquiry
TCK001781,hi team something is wrong with my statement thanks,app,loan_servicing
TCK001782,good morning what is the early settlement figure for my loan acount!,app,loan_servicing
TCK001783,hi requesting a payment holiday for 6 months on my loan regards,web,loan_servicing
TCK001784,good morning please explain teh interest charge on my last statement please help,app,billing
TCK001785,"cannot log in to the app, it says my credentials are invalid many thanks",email,account_access
TCK001786,"good morning locked out after three attempts, need my password reset please help",app,account_access
TCK001787,dear team what documents do I need to update my address!!,email,general_enquiry
TCK001788,the annual fee of £193.04 was applied twice to my statement regards,email,billing
TCK001789,dear team what is the early settlement figure for my loan account please help,web,loan_servicing
TCK001790,GOOD MORNING I WANT TO MAKE AN OVERPAYMENT OF £38.54 ON MY LOAN,app,loan_servicing
TCK001791,good morning I want to make an overpayment of £452.52 on my loan,web,loan_servicing
TCK001792,I was billed £149.74 after I already cancelled the service,app,billing
TCK001793,"dear team my direct debit for the loan failed, how do I catch up!!",email,loan_servicing
TCK001794,"GOOD MORNING UNAUTHORISED PAYMENT OF £473.30 SHOWING ON STATEMENT, CARD WAS IN MY WALLET THANKS",email,fraud_dispute
TCK001795,HI TEAM CAN SOMEONE LOOK AT MY ACCOUNT URGENTLY PLEASE HELP,app,loan_servicing
TCK001796,"DEAR TEAM MY DIRECT DEBIT FOR THE LOAN FAILED, HOW DO I CATCH UP MANY THANKS",app,loan_servicing
TCK001797,how do I order a replacement card for a lost one please help,email,general_enquiry
TCK001798,hello I have been waiting 7 weeks for a response and this is unacceptable thanks,email,complaint
TCK001799,"hi third time raising this issue, nobody has called me back please help",app,complaint
TCK001800,HI TEAM DO YOU OFFER JOINT ACCOUNTS FOR STUDENTS.,app,general_enquiry
TCK001801,"hi team my acount was compromised after a phishing text, £420.23 is missing thanks",phone_transcript,fraud_dispute
TCK001802,HI THE AMOUNT IS NOT WHAT I EXPECTED MANY THANKS,app,general_enquiry
TCK001803,"hi third time raising this issue, nobody has called me back thanks",app,complaint
TCK001804,GOOD MORNING THE ONE TIME PASSCODE NEVER ARRIVES ON MY PHONE THANKS,app,account_access
TCK001805,"HI TEAM UNAUTHORISED PAYMENT OF £284.05 SHOWING ON STATEMENT, CARD WAS IN MY WALLET PLEASE HELP",app,fraud_dispute
TCK001806,"hi team locked out after three attempts, need my password reset thanks",phone_transcript,account_access
TCK001807,"hello unauthorised payment of £475.01 showing on statement, card was in my wallet",app,fraud_dispute
TCK001808,good morning why was I charged £317.60 this month when my plan is fixed thanks,email,billing
TCK001809,SOMETHING IS WRONG WITH MY STATEMENT!,email,complaint
TCK001810,"hi team cannot log in to the app, it says my credentials are invalid thanks",phone_transcript,account_access
TCK001811,"dear team third time raising this issue, nobody has called me back thanks",email,complaint
TCK001812,requesting a payment holiday for 6 months on my loan thanks,app,loan_servicing
TCK001813,dear team why was I charged £466.03 this month when my plan is fixed!!,email,billing
TCK001814,hi team teh annual fee of £185.05 was applied twice to my statement,app,billing
TCK001815,DEAR TEAM I DID NOT AUTHORISE THE £122.40 CHARGE FROM RYANAIR ON MY CARD!!,app,fraud_dispute
TCK001816,"hello my card is not working, what do I do thanks",phone_transcript,account_access
TCK001817,dear team I did not authorise the £566.97 charge from STEAM GAMES on my card!,email,fraud_dispute
TCK001818,the annual fee of £243.55 was applied twice to my statement.,app,billing
TCK001819,HELLO REQUESTING A PAYMENT HOLIDAY FOR 4 MONTHS ON MY LOAN REGARDS,email,loan_servicing
TCK001820,"dear team duplicate direct debit taken, need a refund of £195.25.",app,billing
TCK001821,dear team what is the early settlement figure for my loan account,email,loan_servicing
TCK001822,good morning how do I order a replacement card for a lost one.,app,general_enquiry
TCK001823,hi team I want to make an overpayment of £266.72 on my loan,web,loan_servicing
TCK001824,hello my username is not recognised even though the account is active many thanks,app,account_access
TCK001825,hi what are your branch opening hours on a saturday thanks,app,general_enquiry
TCK001826,hi please explain the interest charge on my last statement please help,email,billing
TCK001827,HI PLEASE EXPLAIN THE INTEREST CHARGE ON MY LAST STATEMENT!,app,billing
TCK001828,hello do you offer joint accounts for students thanks,email,general_enquiry
TCK001829,dear team biometric login stopped working after the latest update!!,email,account_access
TCK001830,good morning I did not authorise the £642.75 charge from TESCO EXPRESS on my card thanks,email,fraud_dispute
TCK001831,"my direct debit for the loan failed, how do I catch up.",email,loan_servicing
TCK001832,hi team biometric login stopped working after the latest update,app,account_access
TCK001833,"hello this is the worst service I have received, I am moving my accounts regards",web,complaint
TCK001834,hi team requesting a payment holiday for 2 months on my loan,app,loan_servicing
TCK001835,hello what documents do I need to update my address!,email,general_enquiry
TCK001836,"HI TEAM PAYMENT ISSUE ON MY ACCOUNT, NEED THIS SORTED TODAY!",phone_transcript,fraud_dispute
TCK001837,hello what is the early settlement figure for my loan account please help,email,loan_servicing
TCK001838,good morning biometric login stopped working after the latest update please help,email,account_access
TCK001839,hello the annual fee of £431.10 was applied twice to my statement,app,billing
TCK001840,dear team I have been waiting 4 weeks for a response and this is unacceptable!,app,complaint
TCK001841,good morning my username is not recognised even though teh account is active thanks,app,general_enquiry
TCK001842,"cannot log in to the app, it says my credentials are invalid",phone_transcript,account_access
TCK001843,good morning something is wrong with my statement,email,billing
TCK001844,hi there are 3 transactions I do not recognise please block the card!!,email,fraud_dispute
TCK001845,good morning there are 7 transactions I do not recognise please block the card!!,web,fraud_dispute
TCK001846,dear team I did not authorise the £654.26 charge from RYANAIR on my card,phone_transcript,fraud_dispute
TCK001847,hi team I was billed £614.80 after I already cancelled the service.,phone_transcript,billing
TCK001848,HELLO MONEY MISSING FROM MY ACCOUNT.,email,billing
TCK001849,HI WHAT ARE YOUR BRANCH OPENING HOURS ON A SATURDAY MANY THANKS,phone_transcript,general_enquiry
TCK001850,do you offer joint accounts for students regards,phone_transcript,general_enquiry
TCK001851,dear team how do I order a replacement card for a lost one!,email,general_enquiry
TCK001852,hello the one time passcode never arrives on my phone!!,app,account_access
TCK001853,HELLO IS THERE A FEE FOR WITHDRAWING CASH ABROAD,phone_transcript,general_enquiry
TCK001854,hi biometric login stopped working after the latest update please help,web,account_access
TCK001855,hello there are 2 transactions I do not recognise please block the card!!,app,fraud_dispute
TCK001856,GOOD MORNING CAN I CHANGE MY MONTHLY INSTALMENT DATE TO THE 4TH!,app,loan_servicing
TCK001857,hi what are your branch opening hours on a saturday,email,general_enquiry
TCK001858,HI WHAT IS THE EARLY SETTLEMENT FIGURE FOR MY LOAN ACCOUNT.,app,loan_servicing
TCK001859,good morning what documents do I need to update my address thanks,phone_transcript,general_enquiry
TCK001860,THE ONE TIME PASSCODE NEVER ARRIVES ON MY PHONE PLEASE HELP,email,account_access
TCK001861,dear team I was billed £822.11 after I already cancelled teh service many thanks,app,billing
TCK001862,dear team do you offer joint accounts for students many thanks,email,general_enquiry
TCK001863,"hi team duplicate direct debit taken, need a refund of £507.60 many thanks",app,billing
TCK001864,"hi someone used my debit card at RYANAIR, I want a chargeback",app,fraud_dispute
TCK001865,"please review my account, the numbers look wrong many thanks",web,account_access
TCK001866,hello how do I order a replacement card for a lost one,app,general_enquiry
TCK001867,"DEAR TEAM MY CARD IS NOT WORKING, WHAT DO I DO MANY THANKS",app,loan_servicing
TCK001868,"HELLO LOCKED OUT AFTER THREE ATTEMPTS, NEED MY PASSWORD RESET.",email,account_access
TCK001869,dear team my username is not recognised even though teh acount is active please help,app,account_access
TCK001870,"LOCKED OUT AFTER THREE ATTEMPTS, NEED MY PASSWORD RESET THANKS",app,account_access
TCK001871,good morning teh annual fee of £25.08 was applied twice to my statement!,app,billing
TCK001872,dear team teh annual fee of £660.84 was applied twice to my statement many thanks,app,billing
TCK001873,hello please explain the interest charge on my last statement.,phone_transcript,billing
TCK001874,I want to make a formal complaint about the handling of my case thanks,app,complaint
TCK001875,dear team my username is not recognised even though the account is active many thanks,app,account_access
TCK001876,hi team requesting a payment holiday for 4 months on my loan!!,email,loan_servicing
TCK001877,hi do you offer joint accounts for students!!,email,complaint
TCK001878,dear team I want to make an overpayment of £564.70 on my loan please help,app,loan_servicing
TCK001879,hi team money missing from my account regards,app,general_enquiry
TCK001880,good morning the one time passcode never arrives on my phone!,app,account_access
TCK001881,good morning do you offer joint accounts for students!!,email,general_enquiry
TCK001882,need help with a charge on my account!,app,loan_servicing
TCK001883,hi the amount is not what I expected,app,complaint
TCK001884,good morning please explain the interest charge on my last statement,app,billing
TCK001885,good morning what documents do I need to update my address thanks,email,general_enquiry
TCK001886,"MY DIRECT DEBIT FOR THE LOAN FAILED, HOW DO I CATCH UP MANY THANKS",email,loan_servicing
TCK001887,"hi my acount was compromised after a phishing text, £261.73 is missing",phone_transcript,fraud_dispute
TCK001888,hello what documents do I need to update my address thanks,email,general_enquiry
TCK001889,please explain teh interest charge on my last statement.,app,billing
TCK001890,hi can someone look at my account urgently thanks,email,billing
TCK001891,do you offer joint accounts for students!,email,general_enquiry
TCK001892,hi the one time passcode never arrives on my phone many thanks,app,account_access
TCK001893,dear team there is a problem with my account please call me!!,app,billing
TCK001894,dear team I was billed £716.21 after I already cancelled the service thanks,email,billing
TCK001895,"good morning cannot log in to teh app, it says my credentials are invalid please help",email,account_access
TCK001896,there are 6 transactions I do not recognise please block teh card please help,app,fraud_dispute
TCK001897,"hello payment issue on my acount, need this sorted today please help",email,billing
TCK001898,"hi third time raising this issue, nobody has called me back many thanks",app,complaint
TCK001899,GOOD MORNING PLEASE EXPLAIN THE INTEREST CHARGE ON MY LAST STATEMENT!!,app,billing
TCK001900,good morning biometric login stopped working after the latest update,phone_transcript,billing
TCK001901,dear team I have been waiting 7 weeks for a response and this is unacceptable,app,complaint
TCK001902,THE ONE TIME PASSCODE NEVER ARRIVES ON MY PHONE!!,email,complaint
TCK001903,dear team the annual fee of £48.59 was applied twice to my statement!,app,billing
TCK001904,"my card is not working, what do I do regards",phone_transcript,account_access
TCK001905,hi I want to make an overpayment of £528.77 on my loan!,email,loan_servicing
TCK001906,"hello my direct debit for teh loan failed, how do I catch up.",email,loan_servicing
TCK001907,good morning what is the early settlement figure for my loan acount many thanks,app,loan_servicing
TCK001908,hi what is the early settlement figure for my loan account please help,email,loan_servicing
TCK001909,HI THE AMOUNT IS NOT WHAT I EXPECTED THANKS,app,fraud_dispute
TCK001910,"good morning this is the worst service I have received, I am moving my accounts",app,complaint
TCK001911,"my account was compromised after a phishing text, £301.53 is missing!",app,fraud_dispute
TCK001912,hello there is a problem with my account please call me!,app,fraud_dispute
TCK001913,hello the annual fee of £733.85 was applied twice to my statement,app,billing
TCK001914,"good morning someone used my debit card at AMZN MKTPLACE, I want a chargeback!",email,fraud_dispute
TCK001915,dear team what are your branch opening hours on a saturday many thanks,email,general_enquiry
TCK001916,"hi duplicate direct debit taken, need a refund of £387.90 please help",phone_transcript,billing
TCK001917,hi what is the early settlement figure for my loan acount many thanks,email,loan_servicing
TCK001918,dear team my username is not recognised even though the account is active regards,email,account_access
TCK001919,good morning I want to make a formal complaint about the handling of my case please help,email,complaint
TCK001920,there are 3 transactions I do not recognise please block the card regards,web,fraud_dispute
TCK001921,dear team I have been waiting 7 weeks for a response and this is unacceptable!!,email,complaint
TCK001922,"HELLO DUPLICATE DIRECT DEBIT TAKEN, NEED A REFUND OF £14.39",web,billing
TCK001923,"hi duplicate direct debit taken, need a refund of £648.27!!",phone_transcript,billing
TCK001924,"hello unauthorised payment of £799.74 showing on statement, card was in my wallet please help",app,fraud_dispute
TCK001925,hi team I want to make a formal complaint about the handling of my case!,app,complaint
TCK001926,"GOOD MORNING CANNOT LOG IN TO THE APP, IT SAYS MY CREDENTIALS ARE INVALID!",web,account_access
TCK001927,GOOD MORNING WHY WAS I CHARGED £830.43 THIS MONTH WHEN MY PLAN IS FIXED.,email,billing
TCK001928,hi teh amount is not what I expected many thanks,web,billing
TCK001929,dear team what is teh early settlement figure for my loan account thanks,phone_transcript,loan_servicing
TCK001930,HI I DID NOT AUTHORISE THE £44.70 CHARGE FROM APPLE.COM/BILL ON MY CARD!,email,fraud_dispute
TCK001931,"hello locked out after three attempts, need my password reset!!",email,account_access
TCK001932,"DUPLICATE DIRECT DEBIT TAKEN, NEED A REFUND OF £490.60!!",email,billing
TCK001933,hi team money missing from my account please help,email,general_enquiry
TCK001934,"this is the worst service I have received, I am moving my accounts thanks",app,complaint
TCK001935,GOOD MORNING CAN I CHANGE MY MONTHLY INSTALMENT DATE TO THE 2TH!,web,loan_servicing
TCK001936,hello something is wrong with my statement,web,complaint
TCK001937,hi team I have been waiting 6 weeks for a response and this is unacceptable regards,email,complaint
TCK001938,HI TEAM MY USERNAME IS NOT RECOGNISED EVEN THOUGH THE ACCOUNT IS ACTIVE!!,app,account_access
TCK001939,DEAR TEAM I HAVE BEEN WAITING 8 WEEKS FOR A RESPONSE AND THIS IS UNACCEPTABLE.,web,complaint
TCK001940,dear team can I change my monthly instalment date to the 7th!,app,loan_servicing
TCK001941,"dear team please review my account, the numbers look wrong regards",email,loan_servicing
TCK001942,hi team what are your branch opening hours on a saturday regards,email,general_enquiry
TCK001943,hi team my username is not recognised even though the account is active regards,app,account_access
TCK001944,"locked out after three attempts, need my password reset!!",email,account_access
TCK001945,hi the amount is not what I expected please help,app,complaint
TCK001946,dear team my username is not recognised even though the account is active many thanks,app,account_access
TCK001947,good morning please explain the interest charge on my last statement please help,app,billing
TCK001948,what are your branch opening hours on a saturday.,email,general_enquiry
TCK001949,what documents do I need to update my address please help,email,general_enquiry
TCK001950,HELLO THE ONE TIME PASSCODE NEVER ARRIVES ON MY PHONE,app,account_access
TCK001951,"hi team my card is not working, what do I do.",app,loan_servicing
TCK001952,dear team the annual fee of £565.47 was applied twice to my statement regards,app,billing
TCK001953,the one time passcode never arrives on my phone!,app,account_access
TCK001954,"HELLO SOMEONE USED MY DEBIT CARD AT UBER TRIP, I WANT A CHARGEBACK MANY THANKS",email,fraud_dispute
TCK001955,HELLO WHY WAS I CHARGED £325.93 THIS MONTH WHEN MY PLAN IS FIXED PLEASE HELP,app,billing
TCK001956,dear team there is a problem with my account please call me!,app,billing
TCK001957,GOOD MORNING WHAT IS THE EARLY SETTLEMENT FIGURE FOR MY LOAN ACCOUNT.,app,complaint
TCK001958,DEAR TEAM WHAT DOCUMENTS DO I NEED TO UPDATE MY ADDRESS!!,app,general_enquiry
TCK001959,hi I was billed £832.94 after I already cancelled the service,app,billing
TCK001960,good morning I was billed £622.43 after I already cancelled the service!!,web,billing
TCK001961,HI PLEASE EXPLAIN THE INTEREST CHARGE ON MY LAST STATEMENT THANKS,email,billing
TCK001962,GOOD MORNING THE ONE TIME PASSCODE NEVER ARRIVES ON MY PHONE.,app,account_access
TCK001963,hello need help with a charge on my acount please help,app,fraud_dispute
TCK001964,DEAR TEAM THE AMOUNT IS NOT WHAT I EXPECTED PLEASE HELP,app,complaint
TCK001965,HELLO MONEY MISSING FROM MY ACCOUNT!!,phone_transcript,complaint
TCK001966,HELLO MY USERNAME IS NOT RECOGNISED EVEN THOUGH THE ACCOUNT IS ACTIVE.,web,account_access
TCK001967,hello do you offer joint accounts for students thanks,email,general_enquiry
TCK001968,dear team please explain teh interest charge on my last statement,email,fraud_dispute
TCK001969,HI PLEASE EXPLAIN THE INTEREST CHARGE ON MY LAST STATEMENT THANKS,web,billing
TCK001970,hi team my username is not recognised even though the account is active.,email,account_access
TCK001971,HELLO DO YOU OFFER JOINT ACCOUNTS FOR STUDENTS MANY THANKS,phone_transcript,general_enquiry
TCK001972,HELLO I WANT TO MAKE AN OVERPAYMENT OF £704.74 ON MY LOAN!!,app,loan_servicing
TCK001973,hello I was billed £375.05 after I already cancelled the service many thanks,email,billing
TCK001974,hi team how do I order a replacement card for a lost one regards,phone_transcript,general_enquiry
TCK001975,please explain the interest charge on my last statement regards,app,fraud_dispute
TCK001976,hi something is wrong with my statement many thanks,web,billing
TCK001977,biometric login stopped working after the latest update,app,account_access
TCK001978,"good morning cannot log in to the app, it says my credentials are invalid.",phone_transcript,account_access
TCK001979,dear team why was I charged £262.36 this month when my plan is fixed please help,app,billing
TCK001980,"hi my card is not working, what do I do many thanks",app,account_access
TCK001981,HELLO WHAT IS THE EARLY SETTLEMENT FIGURE FOR MY LOAN ACCOUNT PLEASE HELP,app,loan_servicing
TCK001982,good morning what is teh early settlement figure for my loan account many thanks,app,loan_servicing
TCK001983,"cannot log in to teh app, it says my credentials are invalid thanks",app,account_access
TCK001984,there are 8 transactions I do not recognise please block the card,app,fraud_dispute
TCK001985,"good morning third time raising this issue, nobody has called me back.",email,complaint
TCK001986,dear team I did not authorise the £285.34 charge from RYANAIR on my card!!,email,fraud_dispute
TCK001987,"DEAR TEAM PAYMENT ISSUE ON MY ACCOUNT, NEED THIS SORTED TODAY REGARDS",email,loan_servicing
TCK001988,HELLO I WANT TO MAKE AN OVERPAYMENT OF £34.66 ON MY LOAN REGARDS,email,loan_servicing
TCK001989,HI I WANT TO MAKE A FORMAL COMPLAINT ABOUT THE HANDLING OF MY CASE MANY THANKS,app,complaint
TCK001990,MY USERNAME IS NOT RECOGNISED EVEN THOUGH THE ACCOUNT IS ACTIVE PLEASE HELP,email,account_access
TCK001991,biometric login stopped working after the latest update please help,app,account_access
TCK001992,"PAYMENT ISSUE ON MY ACCOUNT, NEED THIS SORTED TODAY!",web,account_access
TCK001993,"good morning my account was compromised after a phishing text, £872.81 is missing",web,fraud_dispute
TCK001994,hi team money missing from my account regards,phone_transcript,billing
TCK001995,hi team biometric login stopped working after teh latest update many thanks,app,account_access
TCK001996,good morning the branch staff were rude and refused to escalate my case please help,email,complaint
TCK001997,"THIRD TIME RAISING THIS ISSUE, NOBODY HAS CALLED ME BACK THANKS",web,fraud_dispute
TCK001998,HI TEAM I HAVE BEEN WAITING 3 WEEKS FOR A RESPONSE AND THIS IS UNACCEPTABLE!!,app,complaint
TCK001999,"hello my account was compromised after a phishing text, £317.49 is missing regards",app,fraud_dispute
TCK002000,"hi team cannot log in to the app, it says my credentials are invalid regards",phone_transcript,account_access
TCK002001,the amount is not what I expected regards,web,account_access
TCK002002,"hello unauthorised payment of £182.74 showing on statement, card was in my wallet thanks",app,fraud_dispute
TCK002003,hi team I want to make an overpayment of £596.09 on my loan many thanks,app,loan_servicing
TCK002004,hello biometric login stopped working after the latest update!!,email,account_access
TCK002005,DEAR TEAM I WANT TO MAKE AN OVERPAYMENT OF £588.06 ON MY LOAN,email,loan_servicing
TCK002006,HI BIOMETRIC LOGIN STOPPED WORKING AFTER THE LATEST UPDATE.,email,account_access
TCK002007,dear team the branch staff were rude and refused to escalate my case.,email,complaint
TCK002008,"hi team duplicate direct debit taken, need a refund of £118.27",email,billing
TCK002009,good morning can someone look at my acount urgently thanks,email,fraud_dispute
TCK002010,"good morning my direct debit for the loan failed, how do I catch up!",app,loan_servicing
TCK002011,HELLO I HAVE BEEN WAITING 6 WEEKS FOR A RESPONSE AND THIS IS UNACCEPTABLE MANY THANKS,app,complaint
TCK002012,dear team biometric login stopped working after the latest update,web,account_access
TCK002013,dear team please explain teh interest charge on my last statement thanks,app,billing
TCK002014,dear team the one time passcode never arrives on my phone regards,email,account_access
TCK002015,"HI CANNOT LOG IN TO THE APP, IT SAYS MY CREDENTIALS ARE INVALID!",phone_transcript,account_access
TCK002016,"LOCKED OUT AFTER THREE ATTEMPTS, NEED MY PASSWORD RESET THANKS",email,account_access
TCK002017,"DEAR TEAM PAYMENT ISSUE ON MY ACCOUNT, NEED THIS SORTED TODAY REGARDS",app,general_enquiry
TCK002018,"hello my account was compromised after a phishing text, £356.68 is missing!!",web,fraud_dispute
TCK002019,good morning the annual fee of £425.20 was applied twice to my statement!!,app,billing
TCK002020,teh annual fee of £152.18 was applied twice to my statement please help,app,billing
TCK002021,DEAR TEAM I DID NOT AUTHORISE THE £375.97 CHARGE FROM APPLE.COM/BILL ON MY CARD!,app,fraud_dispute
TCK002022,"dear team someone used my debit card at STEAM GAMES, I want a chargeback!!",app,fraud_dispute
TCK002023,"dear team this is the worst service I have received, I am moving my accounts!!",app,complaint
TCK002024,"PAYMENT ISSUE ON MY ACCOUNT, NEED THIS SORTED TODAY!!",email,loan_servicing
TCK002025,"dear team issue with my payment, second time asking many thanks",app,loan_servicing
TCK002026,I want to make an overpayment of £400.75 on my loan.,email,billing
TCK002027,dear team biometric login stopped working after the latest update many thanks,app,account_access
TCK002028,dear team why was I charged £595.05 this month when my plan is fixed please help,web,billing
TCK002029,hello what documents do I need to update my address regards,app,general_enquiry
TCK002030,hello I was billed £100.86 after I already cancelled teh service,email,billing
TCK002031,hi team please explain the interest charge on my last statement!,phone_transcript,billing
TCK002032,GOOD MORNING THERE IS A PROBLEM WITH MY ACCOUNT PLEASE CALL ME MANY THANKS,email,general_enquiry
TCK002033,"cannot log in to the app, it says my credentials are invalid thanks",app,account_access
TCK002034,hi teh branch staff were rude and refused to escalate my case!!,email,complaint
TCK002035,"dear team locked out after three attempts, need my password reset",web,account_access
TCK002036,what is the early settlement figure for my loan account!!,email,loan_servicing
TCK002037,good morning I did not authorise the £279.76 charge from TESCO EXPRESS on my card regards,phone_transcript,fraud_dispute
TCK002038,"hi team this is the worst service I have received, I am moving my accounts",email,complaint
TCK002039,HI WHAT DOCUMENTS DO I NEED TO UPDATE MY ADDRESS REGARDS,email,general_enquiry
TCK002040,HELLO IS THERE A FEE FOR WITHDRAWING CASH ABROAD,email,general_enquiry
TCK002041,"SOMEONE USED MY DEBIT CARD AT AMZN MKTPLACE, I WANT A CHARGEBACK THANKS",email,fraud_dispute
TCK002042,hi team money missing from my account many thanks,web,loan_servicing
TCK002043,hello do you offer joint accounts for students,app,general_enquiry
TCK002044,money missing from my acount.,web,loan_servicing
TCK002045,"hi team cannot log in to the app, it says my credentials are invalid many thanks",email,account_access
TCK002046,biometric login stopped working after the latest update!!,app,account_access
TCK002047,"good morning this is teh worst service I have received, I am moving my accounts thanks",phone_transcript,complaint
TCK002048,hi team what is the early settlement figure for my loan account many thanks,email,loan_servicing
TCK002049,hi biometric login stopped working after teh latest update thanks,app,account_access
TCK002050,"hi team cannot log in to the app, it says my credentials are invalid",email,account_access
TCK002051,hello what is the early settlement figure for my loan account many thanks,email,loan_servicing
TCK002052,teh branch staff were rude and refused to escalate my case!,app,complaint
TCK002053,HI WHAT ARE YOUR BRANCH OPENING HOURS ON A SATURDAY!,phone_transcript,general_enquiry
TCK002054,why was I charged £772.74 this month when my plan is fixed many thanks,email,billing
TCK002055,the branch staff were rude and refused to escalate my case!!,app,complaint
TCK002056,DEAR TEAM THE ONE TIME PASSCODE NEVER ARRIVES ON MY PHONE THANKS,email,account_access
TCK002057,"dear team cannot log in to the app, it says my credentials are invalid",email,account_access
TCK002058,dear team the one time passcode never arrives on my phone!,app,account_access
TCK002059,"hello unauthorised payment of £132.79 showing on statement, card was in my wallet!",phone_transcript,fraud_dispute
TCK002060,"hello locked out after three attempts, need my password reset.",app,account_access
TCK002061,hi team I want to make a formal complaint about teh handling of my case.,email,complaint
TCK002062,hello something is wrong with my statement!!,app,complaint
TCK002063,requesting a payment holiday for 5 months on my loan regards,phone_transcript,loan_servicing
TCK002064,good morning there are 4 transactions I do not recognise please block the card many thanks,email,fraud_dispute
TCK002065,hi team money missing from my account many thanks,app,billing
TCK002066,hello is there a fee for withdrawing cash abroad please help,email,billing
TCK002067,good morning how do I order a replacement card for a lost one many thanks,app,general_enquiry
TCK002068,"hi issue with my payment, second time asking many thanks",app,complaint
TCK002069,I have been waiting 7 weeks for a response and this is unacceptable many thanks,email,complaint
TCK002070,hi team the amount is not what I expected regards,email,billing
TCK002071,hello can someone look at my account urgently.,web,general_enquiry
TCK002072,hi team I have been waiting 7 weeks for a response and this is unacceptable,email,complaint
TCK002073,"hello my account was compromised after a phishing text, £188.49 is missing!!",app,fraud_dispute
TCK002074,hi team requesting a payment holiday for 6 months on my loan!,phone_transcript,loan_servicing
TCK002075,hello what documents do I need to update my address.,phone_transcript,general_enquiry
TCK002076,GOOD MORNING MONEY MISSING FROM MY ACCOUNT REGARDS,app,billing
TCK002077,"good morning duplicate direct debit taken, need a refund of £64.78!",app,billing
TCK002078,hello I want to make a formal complaint about the handling of my case please help,app,complaint
TCK002079,"hi this is the worst service I have received, I am moving my accounts regards",app,complaint
TCK002080,"hi team cannot log in to the app, it says my credentials are invalid thanks",app,account_access
TCK002081,"DEAR TEAM THIS IS THE WORST SERVICE I HAVE RECEIVED, I AM MOVING MY ACCOUNTS",app,complaint
TCK002082,hi do you offer joint accounts for students regards,email,general_enquiry
TCK002083,good morning the annual fee of £12.54 was applied twice to my statement thanks,app,loan_servicing
TCK002084,hi team do you offer joint accounts for students.,email,general_enquiry
TCK002085,"payment issue on my account, need this sorted today.",app,account_access
TCK002086,"hi team issue with my payment, second time asking.",email,fraud_dispute
TCK002087,BIOMETRIC LOGIN STOPPED WORKING AFTER THE LATEST UPDATE.,app,account_access
TCK002088,hi team why was I charged £382.06 this month when my plan is fixed thanks,app,billing
TCK002089,HELLO I DID NOT AUTHORISE THE £767.90 CHARGE FROM UBER TRIP ON MY CARD.,app,fraud_dispute
TCK002090,"hi team third time raising this issue, nobody has called me back thanks",app,complaint
TCK002091,HELLO THE BRANCH STAFF WERE RUDE AND REFUSED TO ESCALATE MY CASE PLEASE HELP,web,complaint
TCK002092,THE ONE TIME PASSCODE NEVER ARRIVES ON MY PHONE REGARDS,app,general_enquiry
TCK002093,"HELLO DUPLICATE DIRECT DEBIT TAKEN, NEED A REFUND OF £555.13 REGARDS",web,billing
TCK002094,hi team can I change my monthly instalment date to the 4th please help,email,loan_servicing
TCK002095,HI TEAM THE ANNUAL FEE OF £110.32 WAS APPLIED TWICE TO MY STATEMENT.,phone_transcript,billing
TCK002096,hi the branch staff were rude and refused to escalate my case,web,complaint
TCK002097,dear team I want to make an overpayment of £649.65 on my loan please help,phone_transcript,loan_servicing
TCK002098,"hi cannot log in to the app, it says my credentials are invalid many thanks",email,account_access
TCK002099,hello the one time passcode never arrives on my phone,web,account_access
TCK002100,"hello cannot log in to the app, it says my credentials are invalid.",app,account_access
TCK002101,hi the annual fee of £483.90 was applied twice to my statement.,app,billing
TCK002102,"HI TEAM THIRD TIME RAISING THIS ISSUE, NOBODY HAS CALLED ME BACK PLEASE HELP",web,complaint
TCK002103,dear team requesting a payment holiday for 3 months on my loan.,app,loan_servicing
TCK002104,HI WHAT ARE YOUR BRANCH OPENING HOURS ON A SATURDAY,web,general_enquiry
TCK002105,"good morning locked out after three attempts, need my password reset!",app,account_access
TCK002106,"my acount was compromised after a phishing text, £272.30 is missing please help",email,fraud_dispute
TCK002107,HI TEAM CAN I CHANGE MY MONTHLY INSTALMENT DATE TO THE 4TH!,app,loan_servicing
TCK002108,"DEAR TEAM PAYMENT ISSUE ON MY ACCOUNT, NEED THIS SORTED TODAY!!",app,general_enquiry
TCK002109,"GOOD MORNING LOCKED OUT AFTER THREE ATTEMPTS, NEED MY PASSWORD RESET!",app,account_access
TCK002110,DEAR TEAM WHY WAS I CHARGED £8.70 THIS MONTH WHEN MY PLAN IS FIXED!,email,billing
TCK002111,hi can I change my monthly instalment date to the 3th!!,app,loan_servicing
TCK002112,"HELLO SOMEONE USED MY DEBIT CARD AT APPLE.COM/BILL, I WANT A CHARGEBACK",web,fraud_dispute
TCK002113,dear team I have been waiting 6 weeks for a response and this is unacceptable please help,app,complaint
TCK002114,is there a fee for withdrawing cash abroad regards,app,general_enquiry
TCK002115,"DEAR TEAM LOCKED OUT AFTER THREE ATTEMPTS, NEED MY PASSWORD RESET MANY THANKS",phone_transcript,account_access
TCK002116,"hello third time raising this issue, nobody has called me back thanks",email,complaint
TCK002117,hello what documents do I need to update my address thanks,web,general_enquiry
TCK002118,DEAR TEAM BIOMETRIC LOGIN STOPPED WORKING AFTER THE LATEST UPDATE THANKS,web,account_access
TCK002119,"dear team my account was compromised after a phishing text, £302.12 is missing!",web,fraud_dispute
TCK002120,hello biometric login stopped working after the latest update!!,email,account_access
TCK002121,"hi please review my account, the numbers look wrong",app,account_access
TCK002122,"hi team locked out after three attempts, need my password reset",web,account_access
TCK002123,HI TEAM THE ONE TIME PASSCODE NEVER ARRIVES ON MY PHONE REGARDS,email,account_access
TCK002124,hi team requesting a payment holiday for 5 months on my loan.,app,loan_servicing
TCK002125,"hello duplicate direct debit taken, need a refund of £176.37!",email,billing
TCK002126,"dear team locked out after three attempts, need my password reset!!",app,account_access
TCK002127,hello why was I charged £339.49 this month when my plan is fixed please help,email,billing
TCK002128,"hi team third time raising this issue, nobody has called me back",email,complaint
TCK002129,my username is not recognised even though the account is active,app,account_access
TCK002130,hi can I change my monthly instalment date to the 4th,phone_transcript,loan_servicing
TCK002131,good morning teh branch staff were rude and refused to escalate my case please help,app,complaint
TCK002132,hi team is there a fee for withdrawing cash abroad thanks,web,general_enquiry
TCK002133,HI IS THERE A FEE FOR WITHDRAWING CASH ABROAD REGARDS,phone_transcript,general_enquiry
TCK002134,hi team the annual fee of £739.84 was applied twice to my statement,email,billing
TCK002135,good morning why was I charged £623.67 this month when my plan is fixed thanks,app,billing
TCK002136,"hi team someone used my debit card at AMZN MKTPLACE, I want a chargeback many thanks",email,general_enquiry
TCK002137,good morning teh one time passcode never arrives on my phone regards,email,account_access
TCK002138,dear team what are your branch opening hours on a saturday many thanks,email,general_enquiry
TCK002139,hi team there is a problem with my account please call me!,phone_transcript,loan_servicing
TCK002140,hi please explain the interest charge on my last statement many thanks,email,billing
TCK002141,hi team what are your branch opening hours on a saturday thanks,app,general_enquiry
TCK002142,good morning biometric login stopped working after teh latest update!!,email,account_access
TCK002143,"dear team my direct debit for teh loan failed, how do I catch up",app,loan_servicing
TCK002144,"dear team payment issue on my account, need this sorted today",app,loan_servicing
TCK002145,GOOD MORNING THE ONE TIME PASSCODE NEVER ARRIVES ON MY PHONE,app,account_access
TCK002146,"GOOD MORNING PAYMENT ISSUE ON MY ACCOUNT, NEED THIS SORTED TODAY REGARDS",app,loan_servicing
TCK002147,GOOD MORNING CAN I CHANGE MY MONTHLY INSTALMENT DATE TO THE 8TH!,phone_transcript,loan_servicing
TCK002148,hi team biometric login stopped working after teh latest update regards,email,account_access
TCK002149,HELLO THE ANNUAL FEE OF £257.53 WAS APPLIED TWICE TO MY STATEMENT!,web,billing
TCK002150,what documents do I need to update my address thanks,web,general_enquiry
TCK002151,hi team requesting a payment holiday for 8 months on my loan regards,email,loan_servicing
TCK002152,biometric login stopped working after teh latest update!,email,account_access
TCK002153,dear team can I change my monthly instalment date to the 3th!,phone_transcript,loan_servicing
TCK002154,good morning what are your branch opening hours on a saturday regards,phone_transcript,general_enquiry
TCK002155,hi do you offer joint accounts for students!,web,general_enquiry
TCK002156,hello do you offer joint accounts for students,email,general_enquiry
TCK002157,hi team please explain the interest charge on my last statement many thanks,phone_transcript,billing
TCK002158,hi something is wrong with my statement thanks,email,account_access
TCK002159,there are 8 transactions I do not recognise please block the card!!,phone_transcript,fraud_dispute
TCK002160,biometric login stopped working after the latest update.,app,account_access
TCK002161,good morning can someone look at my account urgently,web,fraud_dispute
TCK002162,"hello issue with my payment, second time asking.",email,billing
TCK002163,dear team can someone look at my account urgently.,email,loan_servicing
TCK002164,"UNAUTHORISED PAYMENT OF £710.85 SHOWING ON STATEMENT, CARD WAS IN MY WALLET PLEASE HELP",app,fraud_dispute
TCK002165,"hi team please review my account, the numbers look wrong please help",phone_transcript,billing
TCK002166,HI I WAS BILLED £628.36 AFTER I ALREADY CANCELLED THE SERVICE PLEASE HELP,web,billing
TCK002167,hi team I want to make a formal complaint about teh handling of my case,app,complaint
TCK002168,GOOD MORNING I WAS BILLED £640.04 AFTER I ALREADY CANCELLED THE SERVICE,web,billing
TCK002169,WHAT DOCUMENTS DO I NEED TO UPDATE MY ADDRESS,web,general_enquiry
TCK002170,hi team I did not authorise teh £37.37 charge from STEAM GAMES on my card regards,app,complaint
TCK002171,hello something is wrong with my statement many thanks,app,account_access
TCK002172,I want to make an overpayment of £572.31 on my loan thanks,email,loan_servicing
TCK002173,HI TEAM MONEY MISSING FROM MY ACCOUNT.,web,billing
TCK002174,hello money missing from my acount many thanks,email,billing
TCK002175,dear team money missing from my account.,email,account_access
TCK002176,hello I want to make an overpayment of £79.49 on my loan!!,app,loan_servicing
TCK002177,hello the one time passcode never arrives on my phone regards,email,account_access
TCK002178,I want to make an overpayment of £458.06 on my loan,email,loan_servicing
TCK002179,I want to make a formal complaint about teh handling of my case!,email,complaint
TCK002180,dear team I was billed £249.08 after I already cancelled the service.,app,billing
TCK002181,HOW DO I ORDER A REPLACEMENT CARD FOR A LOST ONE.,email,general_enquiry
TCK002182,hi team my username is not recognised even though the account is active.,app,complaint
TCK002183,HELLO NEED HELP WITH A CHARGE ON MY ACCOUNT!!,app,account_access
TCK002184,good morning biometric login stopped working after teh latest update!!,web,account_access
TCK002185,hi what are your branch opening hours on a saturday.,web,general_enquiry
TCK002186,HELLO BIOMETRIC LOGIN STOPPED WORKING AFTER THE LATEST UPDATE!!,phone_transcript,fraud_dispute
TCK002187,hi team please explain teh interest charge on my last statement please help,email,billing
TCK002188,hi team I want to make an overpayment of £294.78 on my loan thanks,email,loan_servicing
TCK002189,hi team I want to make an overpayment of £219.92 on my loan,app,loan_servicing
TCK002190,HI MY USERNAME IS NOT RECOGNISED EVEN THOUGH THE ACCOUNT IS ACTIVE.,web,account_access
TCK002191,what are your branch opening hours on a saturday regards,app,general_enquiry
TCK002192,"DEAR TEAM DUPLICATE DIRECT DEBIT TAKEN, NEED A REFUND OF £490.21 PLEASE HELP",email,billing
TCK002193,dear team why was I charged £65.38 this month when my plan is fixed thanks,email,billing
TCK002194,dear team what are your branch opening hours on a saturday.,email,general_enquiry
TCK002195,good morning teh amount is not what I expected!!,app,account_access
TCK002196,"hello someone used my debit card at STEAM GAMES, I want a chargeback thanks",web,fraud_dispute
TCK002197,requesting a payment holiday for 4 months on my loan regards,web,loan_servicing
TCK002198,"good morning my direct debit for teh loan failed, how do I catch up please help",phone_transcript,loan_servicing
TCK002199,HELLO THE ANNUAL FEE OF £344.39 WAS APPLIED TWICE TO MY STATEMENT!,app,billing
TCK002200,"duplicate direct debit taken, need a refund of £111.86!!",web,billing
TCK002201,I want to make an overpayment of £820.86 on my loan thanks,app,loan_servicing
TCK002202,"DEAR TEAM DUPLICATE DIRECT DEBIT TAKEN, NEED A REFUND OF £641.68",phone_transcript,billing
TCK002203,"SOMEONE USED MY DEBIT CARD AT AMZN MKTPLACE, I WANT A CHARGEBACK REGARDS",email,fraud_dispute
TCK002204,good morning please explain the interest charge on my last statement thanks,app,billing
TCK002205,"hi please review my account, teh numbers look wrong!!",email,fraud_dispute
TCK002206,dear team something is wrong with my statement regards,phone_transcript,fraud_dispute
TCK002207,good morning teh annual fee of £737.94 was applied twice to my statement please help,web,billing
TCK002208,hi why was I charged £694.37 this month when my plan is fixed please help,email,billing
TCK002209,requesting a payment holiday for 5 months on my loan please help,email,loan_servicing
TCK002210,hi team why was I charged £766.57 this month when my plan is fixed!!,app,billing
TCK002211,"HELLO DUPLICATE DIRECT DEBIT TAKEN, NEED A REFUND OF £439.21.",email,billing
TCK002212,dear team teh annual fee of £491.61 was applied twice to my statement,web,billing
TCK002213,HI TEAM THERE ARE 2 TRANSACTIONS I DO NOT RECOGNISE PLEASE BLOCK THE CARD!,email,fraud_dispute
TCK002214,"HELLO MY DIRECT DEBIT FOR THE LOAN FAILED, HOW DO I CATCH UP",email,loan_servicing
TCK002215,"HI TEAM SOMEONE USED MY DEBIT CARD AT UBER TRIP, I WANT A CHARGEBACK",email,fraud_dispute
TCK002216,"please review my acount, the numbers look wrong please help",app,account_access
TCK002217,hi what documents do I need to update my address!!,email,general_enquiry
TCK002218,requesting a payment holiday for 5 months on my loan thanks,web,loan_servicing
TCK002219,my username is not recognised even though the account is active!!,email,account_access
TCK002220,good morning can I change my monthly instalment date to the 3th regards,app,loan_servicing
TCK002221,hello please explain the interest charge on my last statement.,app,billing
TCK002222,"good morning cannot log in to the app, it says my credentials are invalid.",email,account_access
TCK002223,what is the early settlement figure for my loan account!!,app,loan_servicing
TCK002224,hello is there a fee for withdrawing cash abroad regards,email,general_enquiry
TCK002225,dear team how do I order a replacement card for a lost one thanks,app,general_enquiry
TCK002226,how do I order a replacement card for a lost one,web,general_enquiry
TCK002227,dear team something is wrong with my statement!!,web,general_enquiry
TCK002228,hi what documents do I need to update my address,email,general_enquiry
TCK002229,HELLO WHY WAS I CHARGED £720.51 THIS MONTH WHEN MY PLAN IS FIXED!!,web,billing
TCK002230,hi team I did not authorise the £37.77 charge from STEAM GAMES on my card please help,app,fraud_dispute
TCK002231,dear team teh annual fee of £460.39 was applied twice to my statement regards,web,billing
TCK002232,"someone used my debit card at RYANAIR, I want a chargeback please help",email,fraud_dispute
TCK002233,hi I was billed £898.47 after I already cancelled teh service.,web,billing
TCK002234,hi do you offer joint accounts for students!,phone_transcript,general_enquiry
TCK002235,dear team need help with a charge on my account.,phone_transcript,loan_servicing
TCK002236,good morning the one time passcode never arrives on my phone regards,app,account_access
TCK002237,dear team what are your branch opening hours on a saturday.,email,general_enquiry
TCK002238,dear team is there a fee for withdrawing cash abroad please help,email,general_enquiry
TCK002239,"hi duplicate direct debit taken, need a refund of £719.52 many thanks",email,billing
TCK002240,HELLO PLEASE EXPLAIN THE INTEREST CHARGE ON MY LAST STATEMENT!!,app,billing
TCK002241,dear team do you offer joint accounts for students,email,general_enquiry
TCK002242,good morning my username is not recognised even though the account is active many thanks,web,account_access
TCK002243,"hi team please review my account, teh numbers look wrong many thanks",app,account_access
TCK002244,"dear team locked out after three attempts, need my password reset many thanks",app,account_access
TCK002245,what documents do I need to update my address.,app,general_enquiry
TCK002246,dear team the one time passcode never arrives on my phone.,email,account_access
TCK002247,"ISSUE WITH MY PAYMENT, SECOND TIME ASKING MANY THANKS",web,general_enquiry
TCK002248,"DEAR TEAM THIRD TIME RAISING THIS ISSUE, NOBODY HAS CALLED ME BACK!!",email,complaint
TCK002249,"hi team cannot log in to the app, it says my credentials are invalid many thanks",web,account_access
TCK002250,"good morning payment issue on my account, need this sorted today please help",app,general_enquiry
TCK002251,HI PLEASE EXPLAIN THE INTEREST CHARGE ON MY LAST STATEMENT!,phone_transcript,billing
TCK002252,dear team I want to make a formal complaint about the handling of my case.,email,complaint
TCK002253,good morning can someone look at my account urgently regards,email,general_enquiry
TCK002254,hello what documents do I need to update my address please help,phone_transcript,general_enquiry
TCK002255,"hi team my direct debit for the loan failed, how do I catch up many thanks",web,loan_servicing
TCK002256,"hi team my card is not working, what do I do.",app,complaint
TCK002257,good morning I did not authorise the £657.67 charge from UBER TRIP on my card please help,app,fraud_dispute
TCK002258,GOOD MORNING MY USERNAME IS NOT RECOGNISED EVEN THOUGH THE ACCOUNT IS ACTIVE REGARDS,app,account_access
TCK002259,hi I was billed £789.02 after I already cancelled the service,web,billing
TCK002260,hi please explain the interest charge on my last statement regards,app,billing
TCK002261,good morning the annual fee of £721.53 was applied twice to my statement,email,billing
TCK002262,hello please explain the interest charge on my last statement regards,email,billing
TCK002263,HI WHAT ARE YOUR BRANCH OPENING HOURS ON A SATURDAY PLEASE HELP,email,general_enquiry
TCK002264,HELLO THE BRANCH STAFF WERE RUDE AND REFUSED TO ESCALATE MY CASE MANY THANKS,email,complaint
TCK002265,hi team money missing from my account.,phone_transcript,loan_servicing
TCK002266,"DEAR TEAM MY ACCOUNT WAS COMPROMISED AFTER A PHISHING TEXT, £453.78 IS MISSING THANKS",app,fraud_dispute
TCK002267,hello I was billed £752.78 after I already cancelled the service regards,email,billing
TCK002268,DEAR TEAM I WANT TO MAKE A FORMAL COMPLAINT ABOUT THE HANDLING OF MY CASE!,email,complaint
TCK002269,hi team there is a problem with my acount please call me!,app,account_access
TCK002270,"HI CANNOT LOG IN TO THE APP, IT SAYS MY CREDENTIALS ARE INVALID MANY THANKS",app,account_access
TCK002271,my username is not recognised even though the account is active please help,email,account_access
TCK002272,hi why was I charged £854.74 this month when my plan is fixed many thanks,app,billing
TCK002273,HI TEAM MONEY MISSING FROM MY ACCOUNT THANKS,email,billing
TCK002274,GOOD MORNING HOW DO I ORDER A REPLACEMENT CARD FOR A LOST ONE!!,email,general_enquiry
TCK002275,"dear team cannot log in to the app, it says my credentials are invalid!!",email,account_access
TCK002276,good morning do you offer joint acounts for students regards,app,general_enquiry
TCK002277,hi team what are your branch opening hours on a saturday!,phone_transcript,general_enquiry
TCK002278,I was billed £116.61 after I already cancelled the service please help,app,billing
TCK002279,I want to make an overpayment of £13.91 on my loan please help,email,loan_servicing
TCK002280,"HI UNAUTHORISED PAYMENT OF £686.00 SHOWING ON STATEMENT, CARD WAS IN MY WALLET!!",phone_transcript,fraud_dispute
TCK002281,"good morning locked out after three attempts, need my password reset regards",app,account_access
TCK002282,hi can someone look at my account urgently.,app,account_access
TCK002283,HELLO PLEASE EXPLAIN THE INTEREST CHARGE ON MY LAST STATEMENT REGARDS,app,billing
TCK002284,hello what documents do I need to update my address!!,email,general_enquiry
TCK002285,"hello my direct debit for the loan failed, how do I catch up!!",phone_transcript,loan_servicing
TCK002286,good morning please explain teh interest charge on my last statement thanks,email,billing
TCK002287,dear team is there a fee for withdrawing cash abroad!!,web,general_enquiry
TCK002288,the one time passcode never arrives on my phone,email,account_access
TCK002289,dear team is there a fee for withdrawing cash abroad regards,web,general_enquiry
TCK002290,"hi payment issue on my acount, need this sorted today many thanks",web,loan_servicing
TCK002291,hello how do I order a replacement card for a lost one.,app,general_enquiry
TCK002292,hello is there a fee for withdrawing cash abroad,app,general_enquiry
TCK002293,"LOCKED OUT AFTER THREE ATTEMPTS, NEED MY PASSWORD RESET REGARDS",app,account_access
TCK002294,CAN I CHANGE MY MONTHLY INSTALMENT DATE TO THE 2TH PLEASE HELP,phone_transcript,billing
TCK002295,dear team do you offer joint accounts for students regards,phone_transcript,complaint
TCK002296,"dear team duplicate direct debit taken, need a refund of £824.89 please help",app,billing
TCK002297,dear team what is the early settlement figure for my loan account!,app,loan_servicing
TCK002298,"HI TEAM CANNOT LOG IN TO THE APP, IT SAYS MY CREDENTIALS ARE INVALID.",phone_transcript,account_access
TCK002299,"dear team locked out after three attempts, need my password reset!!",email,billing
TCK002300,hi can I change my monthly instalment date to teh 4th many thanks,email,loan_servicing
TCK002301,hi team teh one time passcode never arrives on my phone!!,phone_transcript,account_access
TCK002302,hi what are your branch opening hours on a saturday many thanks,web,general_enquiry
TCK002303,hello my username is not recognised even though the acount is active please help,app,account_access
TCK002304,"hi my account was compromised after a phishing text, £550.06 is missing.",web,fraud_dispute
TCK002305,HI TEAM THE ONE TIME PASSCODE NEVER ARRIVES ON MY PHONE MANY THANKS,app,account_access
TCK002306,HI THE ONE TIME PASSCODE NEVER ARRIVES ON MY PHONE MANY THANKS,email,account_access
TCK002307,hi I want to make a formal complaint about the handling of my case!!,phone_transcript,complaint
TCK002308,"hi team duplicate direct debit taken, need a refund of £678.34!!",web,billing
TCK002309,"dear team locked out after three attempts, need my password reset!!",app,account_access
TCK002310,"good morning this is the worst service I have received, I am moving my accounts!",web,complaint
TCK002311,"good morning third time raising this issue, nobody has called me back!",web,complaint
TCK002312,HI TEAM THERE ARE 6 TRANSACTIONS I DO NOT RECOGNISE PLEASE BLOCK THE CARD!,email,fraud_dispute
TCK002313,hi team there is a problem with my account please call me!,email,account_access
TCK002314,hello I was billed £539.21 after I already cancelled the service.,app,billing
TCK002315,hello why was I charged £866.47 this month when my plan is fixed.,email,billing
TCK002316,what is the early settlement figure for my loan acount.,web,loan_servicing
TCK002317,good morning why was I charged £621.49 this month when my plan is fixed!!,app,billing
TCK002318,"HI MY ACCOUNT WAS COMPROMISED AFTER A PHISHING TEXT, £217.00 IS MISSING MANY THANKS",email,fraud_dispute
TCK002319,dear team what are your branch opening hours on a saturday please help,web,general_enquiry
TCK002320,dear team how do I order a replacement card for a lost one!,app,general_enquiry
TCK002321,requesting a payment holiday for 2 months on my loan.,app,loan_servicing
TCK002322,dear team I want to make an overpayment of £282.10 on my loan thanks,app,loan_servicing
TCK002323,GOOD MORNING WHAT DOCUMENTS DO I NEED TO UPDATE MY ADDRESS!!,app,general_enquiry
TCK002324,HI TEAM I DID NOT AUTHORISE THE £654.20 CHARGE FROM UBER TRIP ON MY CARD REGARDS,web,fraud_dispute
TCK002325,"good morning locked out after three attempts, need my password reset many thanks",app,account_access
TCK002326,"hi cannot log in to the app, it says my credentials are invalid many thanks",app,account_access
TCK002327,"HI THIRD TIME RAISING THIS ISSUE, NOBODY HAS CALLED ME BACK REGARDS",app,general_enquiry
TCK002328,hi teh one time passcode never arrives on my phone!!,app,account_access
TCK002329,HELLO HOW DO I ORDER A REPLACEMENT CARD FOR A LOST ONE,email,general_enquiry
TCK002330,need help with a charge on my account.,app,general_enquiry
TCK002331,GOOD MORNING MONEY MISSING FROM MY ACCOUNT THANKS,email,fraud_dispute
TCK002332,"hello cannot log in to the app, it says my credentials are invalid.",app,account_access
TCK002333,requesting a payment holiday for 8 months on my loan!!,app,loan_servicing
TCK002334,"GOOD MORNING PLEASE REVIEW MY ACCOUNT, THE NUMBERS LOOK WRONG PLEASE HELP",email,fraud_dispute
TCK002335,dear team the annual fee of £536.05 was applied twice to my statement thanks,web,fraud_dispute
TCK002336,hi the annual fee of £254.32 was applied twice to my statement regards,email,billing
TCK002337,HELLO THERE ARE 4 TRANSACTIONS I DO NOT RECOGNISE PLEASE BLOCK THE CARD.,app,fraud_dispute
TCK002338,hello I was billed £717.89 after I already cancelled the service!,app,billing
TCK002339,good morning I have been waiting 2 weeks for a response and this is unacceptable,email,complaint
TCK002340,good morning teh annual fee of £863.52 was applied twice to my statement please help,app,billing
TCK002341,GOOD MORNING MONEY MISSING FROM MY ACCOUNT!!,web,complaint
TCK002342,"hello my account was compromised after a phishing text, £110.07 is missing!!",app,fraud_dispute
TCK002343,hi team I was billed £836.20 after I already cancelled the service please help,email,billing
TCK002344,GOOD MORNING BIOMETRIC LOGIN STOPPED WORKING AFTER THE LATEST UPDATE THANKS,phone_transcript,account_access
TCK002345,"my direct debit for teh loan failed, how do I catch up!",phone_transcript,loan_servicing
TCK002346,what documents do I need to update my address,app,general_enquiry
TCK002347,HELLO PLEASE EXPLAIN THE INTEREST CHARGE ON MY LAST STATEMENT,web,billing
TCK002348,"hi team locked out after three attempts, need my password reset",app,account_access
TCK002349,HELLO IS THERE A FEE FOR WITHDRAWING CASH ABROAD MANY THANKS,app,general_enquiry
TCK002350,"HI THIS IS THE WORST SERVICE I HAVE RECEIVED, I AM MOVING MY ACCOUNTS!!",app,fraud_dispute
TCK002351,hi team can I change my monthly instalment date to the 7th!,email,loan_servicing
TCK002352,hello need help with a charge on my acount,app,account_access
TCK002353,"DEAR TEAM MY DIRECT DEBIT FOR THE LOAN FAILED, HOW DO I CATCH UP",app,loan_servicing
TCK002354,I WANT TO MAKE AN OVERPAYMENT OF £790.98 ON MY LOAN!,phone_transcript,loan_servicing
TCK002355,dear team please explain teh interest charge on my last statement.,app,billing
TCK002356,hello the branch staff were rude and refused to escalate my case!,phone_transcript,complaint
TCK002357,"dear team my direct debit for the loan failed, how do I catch up",app,loan_servicing
TCK002358,hi team my username is not recognised even though the acount is active!!,email,account_access
TCK002359,please explain the interest charge on my last statement regards,app,billing
TCK002360,what is the early settlement figure for my loan account!!,email,loan_servicing
TCK002361,what is the early settlement figure for my loan account thanks,web,loan_servicing
TCK002362,hi team please explain teh interest charge on my last statement!!,app,billing
TCK002363,dear team the one time passcode never arrives on my phone regards,email,account_access
TCK002364,"GOOD MORNING CANNOT LOG IN TO THE APP, IT SAYS MY CREDENTIALS ARE INVALID!!",phone_transcript,loan_servicing
TCK002365,hello what is the early settlement figure for my loan account!,web,loan_servicing
TCK002366,"hi please review my account, the numbers look wrong.",email,billing
TCK002367,"dear team cannot log in to the app, it says my credentials are invalid!!",app,account_access
TCK002368,"hi team payment issue on my account, need this sorted today thanks",web,account_access
TCK002369,"good morning duplicate direct debit taken, need a refund of £626.26 many thanks",phone_transcript,billing
TCK002370,hello the one time passcode never arrives on my phone thanks,web,account_access
TCK002371,dear team please explain the interest charge on my last statement,email,billing
TCK002372,good morning teh one time passcode never arrives on my phone thanks,app,complaint
TCK002373,hi team the amount is not what I expected thanks,app,loan_servicing
TCK002374,DEAR TEAM THE ONE TIME PASSCODE NEVER ARRIVES ON MY PHONE MANY THANKS,email,account_access
TCK002375,good morning my username is not recognised even though the account is active many thanks,app,account_access
TCK002376,dear team what documents do I need to update my address regards,app,loan_servicing
TCK002377,my username is not recognised even though the account is active many thanks,phone_transcript,account_access
TCK002378,hi team what are your branch opening hours on a saturday please help,email,general_enquiry
TCK002379,HI THE AMOUNT IS NOT WHAT I EXPECTED PLEASE HELP,app,billing
TCK002380,"hi locked out after three attempts, need my password reset many thanks",phone_transcript,account_access
TCK002381,good morning I did not authorise the £163.44 charge from UBER TRIP on my card!!,phone_transcript,fraud_dispute
TCK002382,hi team do you offer joint accounts for students.,phone_transcript,general_enquiry
TCK002383,dear team the one time passcode never arrives on my phone!!,app,account_access
TCK002384,hi my username is not recognised even though the account is active many thanks,email,account_access
TCK002385,DEAR TEAM PLEASE EXPLAIN THE INTEREST CHARGE ON MY LAST STATEMENT!,web,billing
TCK002386,the one time passcode never arrives on my phone.,phone_transcript,account_access
TCK002387,"dear team my account was compromised after a phishing text, £775.23 is missing many thanks",phone_transcript,fraud_dispute
TCK002388,HI I WANT TO MAKE A FORMAL COMPLAINT ABOUT THE HANDLING OF MY CASE PLEASE HELP,web,complaint
TCK002389,DEAR TEAM THE ANNUAL FEE OF £190.10 WAS APPLIED TWICE TO MY STATEMENT!,email,billing
TCK002390,HELLO MY USERNAME IS NOT RECOGNISED EVEN THOUGH THE ACCOUNT IS ACTIVE!!,web,account_access
TCK002391,what documents do I need to update my address thanks,app,general_enquiry
TCK002392,"hi locked out after three attempts, need my password reset!!",email,account_access
TCK002393,hello I have been waiting 7 weeks for a response and this is unacceptable!!,phone_transcript,complaint
TCK002394,DEAR TEAM BIOMETRIC LOGIN STOPPED WORKING AFTER THE LATEST UPDATE MANY THANKS,email,account_access
TCK002395,"hi this is the worst service I have received, I am moving my accounts",email,complaint
TCK002396,why was I charged £538.46 this month when my plan is fixed!!,email,general_enquiry
TCK002397,"dear team my direct debit for the loan failed, how do I catch up.",app,loan_servicing
TCK002398,hello the annual fee of £435.46 was applied twice to my statement,app,billing
TCK002399,dear team is there a fee for withdrawing cash abroad!,app,general_enquiry
TCK002400,hi I want to make an overpayment of £684.69 on my loan!!,app,loan_servicing
TCK002401,hi team money missing from my account many thanks,app,loan_servicing
TCK002402,hi do you offer joint accounts for students regards,web,general_enquiry
TCK002403,hi what are your branch opening hours on a saturday please help,app,general_enquiry
TCK002404,dear team please explain the interest charge on my last statement please help,email,billing
TCK002405,dear team I did not authorise teh £424.67 charge from TESCO EXPRESS on my card many thanks,email,fraud_dispute
TCK002406,DEAR TEAM THE ONE TIME PASSCODE NEVER ARRIVES ON MY PHONE MANY THANKS,web,account_access
TCK002407,"good morning duplicate direct debit taken, need a refund of £438.15!!",web,billing
TCK002408,"dear team someone used my debit card at AMZN MKTPLACE, I want a chargeback!",email,fraud_dispute
TCK002409,good morning I want to make an overpayment of £416.20 on my loan please help,email,loan_servicing
TCK002410,"dear team someone used my debit card at APPLE.COM/BILL, I want a chargeback regards",web,fraud_dispute
TCK002411,"hi my direct debit for the loan failed, how do I catch up regards",app,loan_servicing
TCK002412,"unauthorised payment of £807.26 showing on statement, card was in my wallet regards",app,fraud_dispute
TCK002413,hi can I change my monthly instalment date to teh 2th,email,loan_servicing
TCK002414,"hi team duplicate direct debit taken, need a refund of £857.64 please help",app,billing
TCK002415,"hello someone used my debit card at AMZN MKTPLACE, I want a chargeback many thanks",phone_transcript,fraud_dispute
TCK002416,DEAR TEAM SOMETHING IS WRONG WITH MY STATEMENT,email,billing
TCK002417,HELLO IS THERE A FEE FOR WITHDRAWING CASH ABROAD,phone_transcript,general_enquiry
TCK002418,hello requesting a payment holiday for 7 months on my loan.,email,loan_servicing
TCK002419,MY USERNAME IS NOT RECOGNISED EVEN THOUGH THE ACCOUNT IS ACTIVE THANKS,phone_transcript,account_access
TCK002420,good morning can I change my monthly instalment date to the 7th!,web,loan_servicing
TCK002421,DEAR TEAM WHAT ARE YOUR BRANCH OPENING HOURS ON A SATURDAY MANY THANKS,web,general_enquiry
TCK002422,"HI TEAM MY DIRECT DEBIT FOR THE LOAN FAILED, HOW DO I CATCH UP PLEASE HELP",app,loan_servicing
TCK002423,I DID NOT AUTHORISE THE £176.50 CHARGE FROM TESCO EXPRESS ON MY CARD.,web,fraud_dispute
TCK002424,dear team can I change my monthly instalment date to the 2th.,app,loan_servicing
TCK002425,hi team there is a problem with my account please call me!,app,account_access
TCK002426,"hi team cannot log in to the app, it says my credentials are invalid regards",app,account_access
TCK002427,HI TEAM MY USERNAME IS NOT RECOGNISED EVEN THOUGH THE ACCOUNT IS ACTIVE MANY THANKS,email,account_access
TCK002428,hi team there is a problem with my account please call me,web,billing
TCK002429,good morning why was I charged £229.82 this month when my plan is fixed,app,billing
TCK002430,GOOD MORNING THE ONE TIME PASSCODE NEVER ARRIVES ON MY PHONE MANY THANKS,web,account_access
TCK002431,"hi team cannot log in to the app, it says my credentials are invalid!",email,account_access
TCK002432,HI TEAM THERE IS A PROBLEM WITH MY ACCOUNT PLEASE CALL ME PLEASE HELP,app,fraud_dispute
TCK002433,"good morning unauthorised payment of £563.18 showing on statement, card was in my wallet!!",app,fraud_dispute
TCK002434,"hi my card is not working, what do I do thanks",web,complaint
TCK002435,GOOD MORNING PLEASE EXPLAIN THE INTEREST CHARGE ON MY LAST STATEMENT MANY THANKS,phone_transcript,billing
TCK002436,hello teh annual fee of £372.32 was applied twice to my statement,web,billing
TCK002437,is there a fee for withdrawing cash abroad thanks,web,general_enquiry
TCK002438,HI THE ANNUAL FEE OF £862.88 WAS APPLIED TWICE TO MY STATEMENT!!,app,billing
TCK002439,HELLO THE ONE TIME PASSCODE NEVER ARRIVES ON MY PHONE MANY THANKS,app,account_access
TCK002440,HI WHY WAS I CHARGED £770.36 THIS MONTH WHEN MY PLAN IS FIXED!,app,billing
TCK002441,good morning there are 8 transactions I do not recognise please block the card.,app,fraud_dispute
TCK002442,"hi my direct debit for the loan failed, how do I catch up!!",app,loan_servicing
TCK002443,"duplicate direct debit taken, need a refund of £734.97 thanks",app,billing
TCK002444,good morning the annual fee of £832.53 was applied twice to my statement many thanks,phone_transcript,billing
TCK002445,"cannot log in to the app, it says my credentials are invalid",email,account_access
TCK002446,good morning my username is not recognised even though the account is active regards,email,account_access
TCK002447,dear team requesting a payment holiday for 7 months on my loan regards,app,loan_servicing
TCK002448,"good morning issue with my payment, second time asking",app,general_enquiry
TCK002449,HELLO PLEASE EXPLAIN THE INTEREST CHARGE ON MY LAST STATEMENT PLEASE HELP,app,billing
TCK002450,hello need help with a charge on my account!,email,loan_servicing
TCK002451,DEAR TEAM PLEASE EXPLAIN THE INTEREST CHARGE ON MY LAST STATEMENT PLEASE HELP,phone_transcript,billing
TCK002452,DEAR TEAM WHAT IS THE EARLY SETTLEMENT FIGURE FOR MY LOAN ACCOUNT!,email,loan_servicing
TCK002453,hi team I was billed £210.17 after I already cancelled the service!!,app,billing
TCK002454,hi team do you offer joint accounts for students.,email,general_enquiry
TCK002455,"dear team cannot log in to the app, it says my credentials are invalid many thanks",email,account_access
TCK002456,do you offer joint accounts for students!!,app,general_enquiry
TCK002457,WHY WAS I CHARGED £712.43 THIS MONTH WHEN MY PLAN IS FIXED.,email,billing
TCK002458,DEAR TEAM NEED HELP WITH A CHARGE ON MY ACCOUNT,app,billing
TCK002459,"hi team unauthorised payment of £807.97 showing on statement, card was in my wallet many thanks",app,fraud_dispute
TCK002460,dear team my username is not recognised even though the account is active,app,account_access
TCK002461,WHAT ARE YOUR BRANCH OPENING HOURS ON A SATURDAY REGARDS,app,general_enquiry
TCK002462,"HI TEAM DUPLICATE DIRECT DEBIT TAKEN, NEED A REFUND OF £192.01.",app,billing
TCK002463,"hi team my direct debit for teh loan failed, how do I catch up!",email,loan_servicing
TCK002464,"hello my account was compromised after a phishing text, £808.47 is missing regards",email,fraud_dispute
TCK002465,DEAR TEAM DO YOU OFFER JOINT ACCOUNTS FOR STUDENTS MANY THANKS,email,general_enquiry
TCK002466,HELLO WHAT ARE YOUR BRANCH OPENING HOURS ON A SATURDAY REGARDS,email,general_enquiry
TCK002467,hi requesting a payment holiday for 6 months on my loan many thanks,web,loan_servicing
TCK002468,good morning why was I charged £204.48 this month when my plan is fixed many thanks,app,billing
TCK002469,HELLO IS THERE A FEE FOR WITHDRAWING CASH ABROAD PLEASE HELP,web,general_enquiry
TCK002470,HELLO BIOMETRIC LOGIN STOPPED WORKING AFTER THE LATEST UPDATE!!,web,account_access
TCK002471,hi team something is wrong with my statement regards,app,account_access
TCK002472,WHAT ARE YOUR BRANCH OPENING HOURS ON A SATURDAY REGARDS,email,general_enquiry
TCK002473,"GOOD MORNING UNAUTHORISED PAYMENT OF £465.46 SHOWING ON STATEMENT, CARD WAS IN MY WALLET REGARDS",app,fraud_dispute
TCK002474,hello biometric login stopped working after the latest update many thanks,app,account_access
TCK002475,"hi team third time raising this issue, nobody has called me back!",web,complaint
TCK002476,hi teh one time passcode never arrives on my phone thanks,phone_transcript,account_access
TCK002477,"hello someone used my debit card at APPLE.COM/BILL, I want a chargeback regards",app,fraud_dispute
TCK002478,"hello my acount was compromised after a phishing text, £538.12 is missing please help",app,fraud_dispute
TCK002479,"hello my account was compromised after a phishing text, £894.56 is missing.",phone_transcript,fraud_dispute
TCK002480,"hi this is the worst service I have received, I am moving my accounts!!",app,complaint
TCK002481,HI I WANT TO MAKE AN OVERPAYMENT OF £878.56 ON MY LOAN MANY THANKS,app,loan_servicing
TCK002482,dear team why was I charged £405.64 this month when my plan is fixed,app,billing
TCK002483,hi team there are 3 transactions I do not recognise please block teh card thanks,email,fraud_dispute
TCK002484,hello what are your branch opening hours on a saturday many thanks,app,general_enquiry
TCK002485,hi team the one time passcode never arrives on my phone regards,app,account_access
TCK002486,"GOOD MORNING MY DIRECT DEBIT FOR THE LOAN FAILED, HOW DO I CATCH UP THANKS",app,loan_servicing
TCK002487,"hi team duplicate direct debit taken, need a refund of £613.74!",app,billing
TCK002488,the annual fee of £674.08 was applied twice to my statement!,phone_transcript,billing
TCK002489,hi team requesting a payment holiday for 3 months on my loan thanks,email,loan_servicing
TCK002490,biometric login stopped working after the latest update.,app,fraud_dispute
TCK002491,"dear team issue with my payment, second time asking thanks",email,fraud_dispute
TCK002492,"hello locked out after three attempts, need my password reset.",email,account_access
TCK002493,"DUPLICATE DIRECT DEBIT TAKEN, NEED A REFUND OF £484.46 THANKS",phone_transcript,billing
TCK002494,hi team why was I charged £834.42 this month when my plan is fixed,web,billing
TCK002495,hi team teh one time passcode never arrives on my phone please help,email,account_access
TCK002496,dear team I was billed £452.61 after I already cancelled teh service thanks,app,billing
TCK002497,hello my username is not recognised even though the account is active.,web,account_access
TCK002498,"CANNOT LOG IN TO THE APP, IT SAYS MY CREDENTIALS ARE INVALID!",app,account_access
TCK002499,hi biometric login stopped working after teh latest update many thanks,email,account_access
TCK002500,"HELLO MY CARD IS NOT WORKING, WHAT DO I DO",email,complaint
TCK002501,hi team the amount is not what I expected regards,app,loan_servicing
TCK002502,hi team requesting a payment holiday for 6 months on my loan!!,web,loan_servicing
TCK002503,there are 4 transactions I do not recognise please block teh card!,app,fraud_dispute
TCK002504,GOOD MORNING WHY WAS I CHARGED £245.34 THIS MONTH WHEN MY PLAN IS FIXED,phone_transcript,billing
TCK002505,GOOD MORNING I WANT TO MAKE AN OVERPAYMENT OF £331.86 ON MY LOAN!!,app,loan_servicing
TCK002506,there are 6 transactions I do not recognise please block the card.,app,fraud_dispute
TCK002507,GOOD MORNING I HAVE BEEN WAITING 7 WEEKS FOR A RESPONSE AND THIS IS UNACCEPTABLE PLEASE HELP,email,complaint
TCK002508,BIOMETRIC LOGIN STOPPED WORKING AFTER THE LATEST UPDATE!,phone_transcript,account_access
TCK002509,WHAT ARE YOUR BRANCH OPENING HOURS ON A SATURDAY PLEASE HELP,phone_transcript,general_enquiry
TCK002510,dear team the one time passcode never arrives on my phone!!,app,account_access
TCK002511,dear team what is the early settlement figure for my loan account,app,loan_servicing
TCK002512,hi I want to make an overpayment of £641.69 on my loan thanks,email,loan_servicing
TCK002513,hi what documents do I need to update my address many thanks,email,general_enquiry
TCK002514,GOOD MORNING HOW DO I ORDER A REPLACEMENT CARD FOR A LOST ONE,web,general_enquiry
TCK002515,dear team do you offer joint accounts for students!!,phone_transcript,general_enquiry
TCK002516,hello why was I charged £679.10 this month when my plan is fixed thanks,email,billing
TCK002517,"someone used my debit card at STEAM GAMES, I want a chargeback!!",web,fraud_dispute
TCK002518,hi I want to make an overpayment of £798.20 on my loan regards,app,loan_servicing
TCK002519,good morning there are 7 transactions I do not recognise please block the card thanks,app,fraud_dispute
TCK002520,what documents do I need to update my address regards,app,general_enquiry
TCK002521,"duplicate direct debit taken, need a refund of £432.68!",app,billing
TCK002522,HELLO I WAS BILLED £760.71 AFTER I ALREADY CANCELLED THE SERVICE!,email,billing
TCK002523,I was billed £42.72 after I already cancelled teh service please help,app,billing
TCK002524,"duplicate direct debit taken, need a refund of £778.00 please help",email,billing
TCK002525,"dear team issue with my payment, second time asking thanks",email,billing
TCK002526,hello is there a fee for withdrawing cash abroad!!,app,general_enquiry
TCK002527,"dear team my account was compromised after a phishing text, £211.01 is missing thanks",email,fraud_dispute
TCK002528,good morning I was billed £668.19 after I already cancelled teh service,app,billing
TCK002529,the one time passcode never arrives on my phone!!,app,account_access
TCK002530,dear team can someone look at my account urgently please help,email,fraud_dispute
TCK002531,DEAR TEAM WHAT DOCUMENTS DO I NEED TO UPDATE MY ADDRESS PLEASE HELP,app,general_enquiry
TCK002532,hi please explain teh interest charge on my last statement many thanks,email,billing
TCK002533,"hello unauthorised payment of £600.35 showing on statement, card was in my wallet.",app,fraud_dispute
TCK002534,hello what are your branch opening hours on a saturday!,email,general_enquiry
TCK002535,I want to make an overpayment of £105.75 on my loan,app,loan_servicing
TCK002536,"HI DUPLICATE DIRECT DEBIT TAKEN, NEED A REFUND OF £469.68 MANY THANKS",phone_transcript,billing
TCK002537,dear team the amount is not what I expected!,phone_transcript,loan_servicing
TCK002538,hi team what are your branch opening hours on a saturday!,phone_transcript,general_enquiry
TCK002539,good morning I want to make an overpayment of £746.24 on my loan please help,app,loan_servicing
TCK002540,"third time raising this issue, nobody has called me back please help",phone_transcript,complaint
TCK002541,DEAR TEAM I WAS BILLED £50.91 AFTER I ALREADY CANCELLED THE SERVICE,email,billing
TCK002542,hello what are your branch opening hours on a saturday thanks,app,general_enquiry
TCK002543,"hi please review my account, the numbers look wrong!",email,loan_servicing
TCK002544,"good morning cannot log in to the app, it says my credentials are invalid please help",app,account_access
TCK002545,GOOD MORNING PLEASE EXPLAIN THE INTEREST CHARGE ON MY LAST STATEMENT PLEASE HELP,app,billing
TCK002546,good morning need help with a charge on my account many thanks,web,loan_servicing
TCK002547,"dear team this is the worst service I have received, I am moving my accounts",app,complaint
TCK002548,hi team do you offer joint accounts for students thanks,email,general_enquiry
TCK002549,hello why was I charged £399.38 this month when my plan is fixed thanks,app,billing
TCK002550,hi team what is the early settlement figure for my loan account.,email,loan_servicing
TCK002551,"dear team third time raising this issue, nobody has called me back regards",app,complaint
TCK002552,GOOD MORNING BIOMETRIC LOGIN STOPPED WORKING AFTER THE LATEST UPDATE PLEASE HELP,email,account_access
TCK002553,hi team the annual fee of £663.67 was applied twice to my statement.,app,billing
TCK002554,hi I was billed £413.01 after I already cancelled the service!,email,billing
TCK002555,HI REQUESTING A PAYMENT HOLIDAY FOR 6 MONTHS ON MY LOAN PLEASE HELP,email,loan_servicing
TCK002556,"third time raising this issue, nobody has called me back.",app,complaint
TCK002557,"good morning my account was compromised after a phishing text, £404.05 is missing regards",phone_transcript,fraud_dispute
TCK002558,good morning is there a fee for withdrawing cash abroad!,web,general_enquiry
TCK002559,hi team the one time passcode never arrives on my phone.,app,account_access
TCK002560,THERE ARE 8 TRANSACTIONS I DO NOT RECOGNISE PLEASE BLOCK THE CARD,email,fraud_dispute
TCK002561,"hello my direct debit for teh loan failed, how do I catch up many thanks",web,loan_servicing
TCK002562,I have been waiting 2 weeks for a response and this is unacceptable regards,email,complaint
TCK002563,hello what documents do I need to update my address.,app,general_enquiry
TCK002564,THE BRANCH STAFF WERE RUDE AND REFUSED TO ESCALATE MY CASE MANY THANKS,app,complaint
TCK002565,hi what are your branch opening hours on a saturday thanks,phone_transcript,general_enquiry
TCK002566,dear team the amount is not what I expected!,app,billing
TCK002567,hello why was I charged £802.18 this month when my plan is fixed thanks,app,billing
TCK002568,"dear team my direct debit for the loan failed, how do I catch up",app,loan_servicing
TCK002569,"dear team someone used my debit card at APPLE.COM/BILL, I want a chargeback!",app,fraud_dispute
TCK002570,hi team money missing from my account regards,web,billing
TCK002571,good morning I was billed £808.94 after I already cancelled the service,app,billing
TCK002572,HI TEAM HOW DO I ORDER A REPLACEMENT CARD FOR A LOST ONE.,web,general_enquiry
TCK002573,I have been waiting 7 weeks for a response and this is unacceptable many thanks,phone_transcript,account_access
TCK002574,"hi issue with my payment, second time asking.",web,general_enquiry
TCK002575,"hi team payment issue on my account, need this sorted today many thanks",app,billing
TCK002576,"dear team cannot log in to teh app, it says my credentials are invalid many thanks",email,account_access
TCK002577,"hi team unauthorised payment of £289.38 showing on statement, card was in my wallet many thanks",web,fraud_dispute
TCK002578,DEAR TEAM IS THERE A FEE FOR WITHDRAWING CASH ABROAD,web,general_enquiry
TCK002579,hi I want to make a formal complaint about teh handling of my case thanks,phone_transcript,complaint
TCK002580,hello do you offer joint accounts for students,email,general_enquiry
TCK002581,please explain the interest charge on my last statement many thanks,app,account_access
TCK002582,HELLO THE AMOUNT IS NOT WHAT I EXPECTED!!,email,general_enquiry
TCK002583,dear team the amount is not what I expected.,app,billing
TCK002584,"hello duplicate direct debit taken, need a refund of £607.35",web,billing
TCK002585,can I change my monthly instalment date to the 2th.,app,loan_servicing
TCK002586,hi need help with a charge on my account many thanks,app,loan_servicing
TCK002587,hello teh branch staff were rude and refused to escalate my case!!,app,complaint
TCK002588,HI TEAM PLEASE EXPLAIN THE INTEREST CHARGE ON MY LAST STATEMENT!,web,billing
TCK002589,"hi team my direct debit for the loan failed, how do I catch up.",app,loan_servicing
TCK002590,dear team do you offer joint accounts for students thanks,email,general_enquiry
TCK002591,dear team I have been waiting 6 weeks for a response and this is unacceptable!,app,complaint
TCK002592,hi teh amount is not what I expected!!,phone_transcript,loan_servicing
TCK002593,DEAR TEAM THE ONE TIME PASSCODE NEVER ARRIVES ON MY PHONE!!,app,account_access
TCK002594,hello there is a problem with my account please call me,app,general_enquiry
TCK002595,hi team how do I order a replacement card for a lost one,web,general_enquiry
TCK002596,"dear team my account was compromised after a phishing text, £140.07 is missing.",web,fraud_dispute
TCK002597,hi team what is the early settlement figure for my loan account regards,email,loan_servicing
TCK002598,HI WHAT DOCUMENTS DO I NEED TO UPDATE MY ADDRESS!,app,general_enquiry
TCK002599,good morning the branch staff were rude and refused to escalate my case!!,app,complaint
TCK002600,HI I WAS BILLED £389.61 AFTER I ALREADY CANCELLED THE SERVICE PLEASE HELP,web,billing
TCK002601,HI PLEASE EXPLAIN THE INTEREST CHARGE ON MY LAST STATEMENT.,app,billing
TCK002602,"hello issue with my payment, second time asking!!",app,account_access
TCK002603,hi team I want to make an overpayment of £364.36 on my loan,phone_transcript,loan_servicing
TCK002604,I WAS BILLED £792.98 AFTER I ALREADY CANCELLED THE SERVICE!,app,billing
TCK002605,"locked out after three attempts, need my password reset regards",email,account_access
TCK002606,"hello cannot log in to the app, it says my credentials are invalid!!",email,account_access
TCK002607,"good morning cannot log in to the app, it says my credentials are invalid thanks",phone_transcript,account_access
TCK002608,"hi someone used my debit card at STEAM GAMES, I want a chargeback.",app,fraud_dispute
TCK002609,good morning the amount is not what I expected please help,web,fraud_dispute
TCK002610,"hi cannot log in to the app, it says my credentials are invalid",web,account_access
TCK002611,I did not authorise teh £386.57 charge from AMZN MKTPLACE on my card.,app,fraud_dispute
TCK002612,GOOD MORNING THE ANNUAL FEE OF £712.54 WAS APPLIED TWICE TO MY STATEMENT THANKS,web,billing
TCK002613,good morning is there a fee for withdrawing cash abroad!!,app,general_enquiry
TCK002614,HELLO WHY WAS I CHARGED £235.69 THIS MONTH WHEN MY PLAN IS FIXED,web,billing
TCK002615,DEAR TEAM I HAVE BEEN WAITING 2 WEEKS FOR A RESPONSE AND THIS IS UNACCEPTABLE,web,complaint
TCK002616,"hello my direct debit for the loan failed, how do I catch up thanks",email,loan_servicing
TCK002617,good morning requesting a payment holiday for 3 months on my loan.,email,loan_servicing
TCK002618,hi is there a fee for withdrawing cash abroad.,web,general_enquiry
TCK002619,I WAS BILLED £179.96 AFTER I ALREADY CANCELLED THE SERVICE!,web,billing
TCK002620,"my account was compromised after a phishing text, £170.39 is missing!",email,fraud_dispute
TCK002621,good morning is there a fee for withdrawing cash abroad please help,web,general_enquiry
TCK002622,good morning what documents do I need to update my address please help,app,general_enquiry
TCK002623,"dear team payment issue on my account, need this sorted today thanks",web,fraud_dispute
TCK002624,"cannot log in to the app, it says my credentials are invalid thanks",phone_transcript,account_access
TCK002625,"HI DUPLICATE DIRECT DEBIT TAKEN, NEED A REFUND OF £421.80!",app,billing
TCK002626,"duplicate direct debit taken, need a refund of £585.19 thanks",email,billing
TCK002627,hi I was billed £7.38 after I already cancelled the service!!,app,billing
TCK002628,hello the annual fee of £770.69 was applied twice to my statement!!,app,billing
TCK002629,hi I did not authorise the £139.11 charge from APPLE.COM/BILL on my card!,web,fraud_dispute
TCK002630,hi team what are your branch opening hours on a saturday many thanks,web,general_enquiry
TCK002631,"cannot log in to the app, it says my credentials are invalid",web,account_access
TCK002632,"dear team please review my account, the numbers look wrong please help",email,billing
TCK002633,MY USERNAME IS NOT RECOGNISED EVEN THOUGH THE ACCOUNT IS ACTIVE!,email,account_access
TCK002634,"hello cannot log in to teh app, it says my credentials are invalid thanks",email,account_access
TCK002635,hello what is the early settlement figure for my loan account!,web,loan_servicing
TCK002636,DEAR TEAM MY USERNAME IS NOT RECOGNISED EVEN THOUGH THE ACCOUNT IS ACTIVE MANY THANKS,app,account_access
TCK002637,"hi team duplicate direct debit taken, need a refund of £251.22!",app,billing
TCK002638,hello my username is not recognised even though the account is active thanks,app,account_access
TCK002639,"dear team my account was compromised after a phishing text, £199.39 is missing",email,fraud_dispute
TCK002640,"good morning my account was compromised after a phishing text, £124.64 is missing thanks",app,fraud_dispute
TCK002641,hello the annual fee of £740.44 was applied twice to my statement!,web,billing
TCK002642,DEAR TEAM NEED HELP WITH A CHARGE ON MY ACCOUNT MANY THANKS,app,billing
TCK002643,hi team something is wrong with my statement many thanks,web,loan_servicing
TCK002644,"payment issue on my account, need this sorted today many thanks",email,complaint
TCK002645,hello I want to make a formal complaint about the handling of my case regards,web,complaint
TCK002646,hi team requesting a payment holiday for 4 months on my loan!,app,loan_servicing
TCK002647,"hi duplicate direct debit taken, need a refund of £291.17!",app,billing
TCK002648,hi I was billed £325.04 after I already cancelled the service regards,app,billing
TCK002649,"GOOD MORNING MY CARD IS NOT WORKING, WHAT DO I DO THANKS",app,fraud_dispute
TCK002650,what are your branch opening hours on a saturday.,app,loan_servicing
TCK002651,hi I want to make an overpayment of £503.75 on my loan please help,web,loan_servicing
TCK002652,"hello my account was compromised after a phishing text, £172.46 is missing thanks",app,fraud_dispute
TCK002653,"hello payment issue on my account, need this sorted today please help",app,loan_servicing
TCK002654,"hi team unauthorised payment of £421.95 showing on statement, card was in my wallet regards",email,fraud_dispute
TCK002655,hi I did not authorise the £865.23 charge from APPLE.COM/BILL on my card please help,app,fraud_dispute
TCK002656,good morning can someone look at my account urgently!!,email,general_enquiry
TCK002657,"locked out after three attempts, need my password reset.",app,account_access
TCK002658,"dear team issue with my payment, second time asking regards",email,complaint
TCK002659,hi team can I change my monthly instalment date to teh 4th!,web,loan_servicing
TCK002660,"SOMEONE USED MY DEBIT CARD AT STEAM GAMES, I WANT A CHARGEBACK.",app,fraud_dispute
TCK002661,hello biometric login stopped working after the latest update!!,web,account_access
TCK002662,good morning the annual fee of £445.67 was applied twice to my statement regards,email,billing
TCK002663,HELLO I WAS BILLED £35.11 AFTER I ALREADY CANCELLED THE SERVICE REGARDS,app,billing
TCK002664,hi team there are 6 transactions I do not recognise please block teh card thanks,email,fraud_dispute
TCK002665,hi team I was billed £373.93 after I already cancelled the service please help,web,billing
TCK002666,"hi team locked out after three attempts, need my password reset",phone_transcript,account_access
TCK002667,hello there is a problem with my account please call me please help,app,loan_servicing
TCK002668,hi team biometric login stopped working after teh latest update.,web,account_access
TCK002669,"good morning duplicate direct debit taken, need a refund of £165.95",web,billing
TCK002670,"cannot log in to the app, it says my credentials are invalid.",email,account_access
TCK002671,hi team is there a fee for withdrawing cash abroad,email,general_enquiry
TCK002672,hello is there a fee for withdrawing cash abroad.,web,general_enquiry
TCK002673,"hi team cannot log in to teh app, it says my credentials are invalid please help",email,account_access
TCK002674,hi team I want to make a formal complaint about the handling of my case regards,email,complaint
TCK002675,"hi team this is the worst service I have received, I am moving my accounts!",app,complaint
TCK002676,hello I was billed £25.61 after I already cancelled the service many thanks,app,billing
TCK002677,"hello third time raising this issue, nobody has called me back many thanks",app,complaint
TCK002678,dear team I did not authorise teh £340.39 charge from UBER TRIP on my card please help,app,fraud_dispute
TCK002679,"dear team duplicate direct debit taken, need a refund of £349.90.",app,billing
TCK002680,good morning why was I charged £510.86 this month when my plan is fixed!!,app,billing
TCK002681,"HI TEAM LOCKED OUT AFTER THREE ATTEMPTS, NEED MY PASSWORD RESET REGARDS",app,account_access
TCK002682,dear team why was I charged £122.53 this month when my plan is fixed thanks,email,billing
TCK002683,why was I charged £148.43 this month when my plan is fixed,app,billing
TCK002684,"dear team duplicate direct debit taken, need a refund of £882.79 many thanks",web,billing
TCK002685,what are your branch opening hours on a saturday,phone_transcript,general_enquiry
TCK002686,dear team why was I charged £352.86 this month when my plan is fixed.,app,billing
TCK002687,hi what documents do I need to update my address many thanks,app,general_enquiry
TCK002688,good morning my username is not recognised even though the account is active regards,web,account_access
TCK002689,"hi unauthorised payment of £636.09 showing on statement, card was in my wallet please help",email,fraud_dispute
TCK002690,I have been waiting 5 weeks for a response and this is unacceptable thanks,app,complaint
TCK002691,I want to make a formal complaint about the handling of my case,email,complaint
TCK002692,"issue with my payment, second time asking regards",web,account_access
TCK002693,the one time passcode never arrives on my phone many thanks,web,account_access
TCK002694,good morning the amount is not what I expected regards,email,loan_servicing
TCK002695,DEAR TEAM WHAT ARE YOUR BRANCH OPENING HOURS ON A SATURDAY MANY THANKS,app,general_enquiry
TCK002696,hi team the annual fee of £524.15 was applied twice to my statement many thanks,email,billing
TCK002697,there is a problem with my account please call me,email,fraud_dispute
TCK002698,dear team I want to make an overpayment of £229.64 on my loan,phone_transcript,loan_servicing
TCK002699,hello the annual fee of £272.53 was applied twice to my statement,email,billing
TCK002700,hi team please explain the interest charge on my last statement!,web,billing
TCK002701,"HI UNAUTHORISED PAYMENT OF £612.41 SHOWING ON STATEMENT, CARD WAS IN MY WALLET THANKS",email,fraud_dispute
TCK002702,hi team requesting a payment holiday for 3 months on my loan many thanks,email,loan_servicing
TCK002703,HI HOW DO I ORDER A REPLACEMENT CARD FOR A LOST ONE!,web,general_enquiry
TCK002704,the annual fee of £240.71 was applied twice to my statement,web,billing
TCK002705,HI SOMETHING IS WRONG WITH MY STATEMENT THANKS,web,complaint
TCK002706,hi team need help with a charge on my account,app,general_enquiry
TCK002707,"HI TEAM UNAUTHORISED PAYMENT OF £428.83 SHOWING ON STATEMENT, CARD WAS IN MY WALLET THANKS",web,fraud_dispute
TCK002708,hello teh one time passcode never arrives on my phone regards,email,account_access
TCK002709,good morning how do I order a replacement card for a lost one please help,phone_transcript,general_enquiry
TCK002710,hi team requesting a payment holiday for 2 months on my loan please help,app,loan_servicing
TCK002711,"good morning duplicate direct debit taken, need a refund of £722.28.",app,billing
TCK002712,"MY DIRECT DEBIT FOR THE LOAN FAILED, HOW DO I CATCH UP PLEASE HELP",phone_transcript,loan_servicing
TCK002713,dear team do you offer joint accounts for students regards,web,general_enquiry
TCK002714,hello why was I charged £275.34 this month when my plan is fixed many thanks,email,billing
TCK002715,"DEAR TEAM SOMEONE USED MY DEBIT CARD AT APPLE.COM/BILL, I WANT A CHARGEBACK.",phone_transcript,fraud_dispute
TCK002716,hi team need help with a charge on my account please help,app,billing
TCK002717,DEAR TEAM THE BRANCH STAFF WERE RUDE AND REFUSED TO ESCALATE MY CASE!!,web,complaint
TCK002718,hello the branch staff were rude and refused to escalate my case!!,web,complaint
TCK002719,dear team can someone look at my account urgently!,app,billing
TCK002720,"good morning unauthorised payment of £660.92 showing on statement, card was in my wallet.",app,fraud_dispute
TCK002721,hi team there are 4 transactions I do not recognise please block the card!,email,fraud_dispute
TCK002722,"hello my acount was compromised after a phishing text, £46.95 is missing!",app,fraud_dispute
TCK002723,"HI THIS IS THE WORST SERVICE I HAVE RECEIVED, I AM MOVING MY ACCOUNTS MANY THANKS",app,complaint
TCK002724,good morning what documents do I need to update my address many thanks,web,general_enquiry
TCK002725,dear team biometric login stopped working after the latest update!,app,account_access
TCK002726,"my account was compromised after a phishing text, £847.75 is missing",phone_transcript,fraud_dispute
TCK002727,"dear team my card is not working, what do I do please help",app,general_enquiry
TCK002728,dear team I was billed £240.55 after I already cancelled the service regards,email,billing
TCK002729,dear team requesting a payment holiday for 8 months on my loan please help,email,loan_servicing
TCK002730,hi the one time passcode never arrives on my phone!,email,account_access
TCK002731,"dear team third time raising this issue, nobody has called me back!!",phone_transcript,complaint
TCK002732,"good morning this is teh worst service I have received, I am moving my accounts many thanks",app,complaint
TCK002733,dear team biometric login stopped working after the latest update please help,email,account_access
TCK002734,CAN SOMEONE LOOK AT MY ACCOUNT URGENTLY MANY THANKS,app,complaint
TCK002735,hello requesting a payment holiday for 3 months on my loan!,app,loan_servicing
TCK002736,hello I did not authorise the £665.35 charge from STEAM GAMES on my card!,email,fraud_dispute
TCK002737,there is a problem with my account please call me thanks,web,loan_servicing
TCK002738,hi team what documents do I need to update my address thanks,app,general_enquiry
TCK002739,"DEAR TEAM LOCKED OUT AFTER THREE ATTEMPTS, NEED MY PASSWORD RESET!",app,account_access
TCK002740,"good morning unauthorised payment of £367.98 showing on statement, card was in my wallet",app,fraud_dispute
TCK002741,"dear team unauthorised payment of £848.63 showing on statement, card was in my wallet many thanks",app,fraud_dispute
TCK002742,WHY WAS I CHARGED £554.33 THIS MONTH WHEN MY PLAN IS FIXED.,app,billing
TCK002743,"hi team my direct debit for the loan failed, how do I catch up please help",app,loan_servicing
TCK002744,teh one time passcode never arrives on my phone regards,email,account_access
TCK002745,why was I charged £372.58 this month when my plan is fixed many thanks,app,billing
TCK002746,there are 2 transactions I do not recognise please block the card many thanks,app,fraud_dispute
TCK002747,"dear team payment issue on my acount, need this sorted today!!",app,complaint
TCK002748,DEAR TEAM DO YOU OFFER JOINT ACCOUNTS FOR STUDENTS!!,app,general_enquiry
TCK002749,what documents do I need to update my address,web,general_enquiry
TCK002750,"this is the worst service I have received, I am moving my accounts regards",email,complaint
TCK002751,HELLO WHAT ARE YOUR BRANCH OPENING HOURS ON A SATURDAY,app,general_enquiry
TCK002752,"hi my card is not working, what do I do regards",web,billing
TCK002753,"hi team cannot log in to teh app, it says my credentials are invalid",app,account_access
TCK002754,good morning I was billed £797.52 after I already cancelled the service thanks,email,billing
TCK002755,good morning money missing from my account.,phone_transcript,general_enquiry
TCK002756,please explain the interest charge on my last statement thanks,app,billing
TCK002757,hi team biometric login stopped working after the latest update please help,email,account_access
TCK002758,can someone look at my account urgently thanks,web,fraud_dispute
TCK002759,hello please explain the interest charge on my last statement,phone_transcript,billing
TCK002760,I WANT TO MAKE A FORMAL COMPLAINT ABOUT THE HANDLING OF MY CASE!!,app,complaint
TCK002761,good morning the annual fee of £331.90 was applied twice to my statement!,email,billing
TCK002762,"good morning locked out after three attempts, need my password reset regards",app,account_access
TCK002763,hello something is wrong with my statement please help,app,loan_servicing
TCK002764,hi I did not authorise the £450.86 charge from STEAM GAMES on my card regards,app,fraud_dispute
TCK002765,DEAR TEAM WHAT ARE YOUR BRANCH OPENING HOURS ON A SATURDAY MANY THANKS,web,general_enquiry
TCK002766,hi teh annual fee of £390.34 was applied twice to my statement,app,billing
TCK002767,dear team there are 2 transactions I do not recognise please block the card!!,app,fraud_dispute
TCK002768,HI TEAM WHY WAS I CHARGED £365.84 THIS MONTH WHEN MY PLAN IS FIXED THANKS,app,billing
TCK002769,IS THERE A FEE FOR WITHDRAWING CASH ABROAD.,app,general_enquiry
TCK002770,hello do you offer joint accounts for students regards,email,general_enquiry
TCK002771,"hi team locked out after three attempts, need my password reset many thanks",web,account_access
TCK002772,DEAR TEAM THE ANNUAL FEE OF £743.43 WAS APPLIED TWICE TO MY STATEMENT REGARDS,app,billing
TCK002773,dear team what is the early settlement figure for my loan account!!,app,loan_servicing
TCK002774,"hello duplicate direct debit taken, need a refund of £453.25 thanks",app,billing
TCK002775,dear team do you offer joint accounts for students many thanks,app,general_enquiry
TCK002776,"hi unauthorised payment of £151.43 showing on statement, card was in my wallet",app,fraud_dispute
TCK002777,hello please explain the interest charge on my last statement regards,app,billing
TCK002778,hello please explain teh interest charge on my last statement many thanks,app,billing
TCK002779,"DUPLICATE DIRECT DEBIT TAKEN, NEED A REFUND OF £484.13.",email,billing
TCK002780,"good morning unauthorised payment of £22.10 showing on statement, card was in my wallet thanks",app,complaint
TCK002781,DEAR TEAM I WANT TO MAKE AN OVERPAYMENT OF £253.14 ON MY LOAN!!,app,loan_servicing
TCK002782,hi team something is wrong with my statement,phone_transcript,billing
TCK002783,how do I order a replacement card for a lost one thanks,app,general_enquiry
TCK002784,"DEAR TEAM CANNOT LOG IN TO THE APP, IT SAYS MY CREDENTIALS ARE INVALID PLEASE HELP",app,account_access
TCK002785,"hi cannot log in to the app, it says my credentials are invalid",email,account_access
TCK002786,"hello unauthorised payment of £346.12 showing on statement, card was in my wallet thanks",email,fraud_dispute
TCK002787,hello the one time passcode never arrives on my phone.,email,account_access
TCK002788,hi team how do I order a replacement card for a lost one regards,web,general_enquiry
TCK002789,dear team the annual fee of £808.78 was applied twice to my statement regards,app,billing
TCK002790,dear team what documents do I need to update my address!!,web,general_enquiry
TCK002791,hello what documents do I need to update my address please help,web,general_enquiry
TCK002792,hello please explain the interest charge on my last statement regards,app,general_enquiry
TCK002793,"good morning please review my account, the numbers look wrong.",web,fraud_dispute
TCK002794,"HELLO CANNOT LOG IN TO THE APP, IT SAYS MY CREDENTIALS ARE INVALID REGARDS",app,account_access
TCK002795,dear team can I change my monthly instalment date to the 5th thanks,email,loan_servicing
TCK002796,HI TEAM I WAS BILLED £833.51 AFTER I ALREADY CANCELLED THE SERVICE REGARDS,app,billing
TCK002797,hi do you offer joint accounts for students please help,email,general_enquiry
TCK002798,"good morning duplicate direct debit taken, need a refund of £293.25 thanks",email,complaint
TCK002799,"good morning please review my account, the numbers look wrong regards",email,account_access
TCK002800,hi teh annual fee of £822.17 was applied twice to my statement.,web,billing
TCK002801,I was billed £197.88 after I already cancelled the service thanks,phone_transcript,billing
TCK002802,"unauthorised payment of £413.94 showing on statement, card was in my wallet.",app,fraud_dispute
TCK002803,GOOD MORNING WHAT IS THE EARLY SETTLEMENT FIGURE FOR MY LOAN ACCOUNT!!,email,loan_servicing
TCK002804,"good morning payment issue on my account, need this sorted today thanks",web,billing
TCK002805,dear team the annual fee of £189.84 was applied twice to my statement many thanks,app,billing
TCK002806,HELLO THE AMOUNT IS NOT WHAT I EXPECTED,phone_transcript,account_access
TCK002807,"hi team my account was compromised after a phishing text, £259.66 is missing many thanks",web,fraud_dispute
TCK002808,hi I have been waiting 4 weeks for a response and this is unacceptable.,app,complaint
TCK002809,GOOD MORNING THE ANNUAL FEE OF £261.88 WAS APPLIED TWICE TO MY STATEMENT THANKS,email,billing
TCK002810,good morning my username is not recognised even though the acount is active thanks,app,account_access
TCK002811,dear team I want to make an overpayment of £46.02 on my loan thanks,app,loan_servicing
TCK002812,WHAT IS THE EARLY SETTLEMENT FIGURE FOR MY LOAN ACCOUNT,email,loan_servicing
TCK002813,hi the one time passcode never arrives on my phone.,app,account_access
TCK002814,dear team my username is not recognised even though the account is active,email,account_access
TCK002815,hi team the branch staff were rude and refused to escalate my case!,app,complaint
TCK002816,"good morning someone used my debit card at AMZN MKTPLACE, I want a chargeback thanks",app,fraud_dispute
TCK002817,dear team is there a fee for withdrawing cash abroad thanks,email,general_enquiry
TCK002818,GOOD MORNING WHAT DOCUMENTS DO I NEED TO UPDATE MY ADDRESS MANY THANKS,email,general_enquiry
TCK002819,"please review my account, the numbers look wrong",phone_transcript,billing
TCK002820,hello biometric login stopped working after the latest update.,app,account_access
TCK002821,dear team money missing from my account!,web,account_access
TCK002822,what are your branch opening hours on a saturday regards,email,general_enquiry
TCK002823,good morning my username is not recognised even though teh acount is active!!,phone_transcript,account_access
TCK002824,good morning biometric login stopped working after the latest update.,web,account_access
TCK002825,"hi cannot log in to the app, it says my credentials are invalid regards",app,account_access
TCK002826,GOOD MORNING I HAVE BEEN WAITING 3 WEEKS FOR A RESPONSE AND THIS IS UNACCEPTABLE.,app,complaint
TCK002827,good morning do you offer joint accounts for students,web,general_enquiry
TCK002828,"good morning my account was compromised after a phishing text, £518.91 is missing thanks",app,fraud_dispute
TCK002829,hello do you offer joint acounts for students!!,app,general_enquiry
TCK002830,"HELLO MY CARD IS NOT WORKING, WHAT DO I DO",app,general_enquiry
TCK002831,"hello payment issue on my account, need this sorted today",email,loan_servicing
TCK002832,hi team can I change my monthly instalment date to the 8th.,web,loan_servicing
TCK002833,hi what is the early settlement figure for my loan account thanks,app,loan_servicing
TCK002834,"dear team someone used my debit card at UBER TRIP, I want a chargeback many thanks",app,fraud_dispute
TCK002835,HI TEAM THE ONE TIME PASSCODE NEVER ARRIVES ON MY PHONE REGARDS,app,account_access
TCK002836,hi team how do I order a replacement card for a lost one!!,app,general_enquiry
TCK002837,"hello cannot log in to the app, it says my credentials are invalid please help",email,account_access
TCK002838,hi money missing from my account.,email,account_access
TCK002839,good morning the annual fee of £259.97 was applied twice to my statement please help,phone_transcript,billing
TCK002840,hi what is the early settlement figure for my loan account many thanks,email,loan_servicing
TCK002841,"good morning duplicate direct debit taken, need a refund of £117.20.",app,billing
TCK002842,hello biometric login stopped working after the latest update many thanks,phone_transcript,account_access
TCK002843,"good morning locked out after three attempts, need my password reset many thanks",email,account_access
TCK002844,dear team the branch staff were rude and refused to escalate my case please help,app,complaint
TCK002845,HOW DO I ORDER A REPLACEMENT CARD FOR A LOST ONE THANKS,phone_transcript,general_enquiry
TCK002846,hello my username is not recognised even though the acount is active,app,account_access
TCK002847,good morning need help with a charge on my account!,email,general_enquiry
TCK002848,DEAR TEAM THE ANNUAL FEE OF £215.01 WAS APPLIED TWICE TO MY STATEMENT THANKS,email,billing
TCK002849,dear team how do I order a replacement card for a lost one please help,app,general_enquiry
TCK002850,hi team there are 6 transactions I do not recognise please block the card,app,fraud_dispute
TCK002851,"good morning issue with my payment, second time asking.",app,complaint
TCK002852,"DEAR TEAM MY CARD IS NOT WORKING, WHAT DO I DO MANY THANKS",web,fraud_dispute
TCK002853,good morning the annual fee of £192.60 was applied twice to my statement!,app,billing
TCK002854,good morning biometric login stopped working after the latest update,web,account_access
TCK002855,hi team is there a fee for withdrawing cash abroad regards,web,loan_servicing
TCK002856,HELLO I HAVE BEEN WAITING 5 WEEKS FOR A RESPONSE AND THIS IS UNACCEPTABLE THANKS,app,complaint
TCK002857,"locked out after three attempts, need my password reset.",app,account_access
TCK002858,I DID NOT AUTHORISE THE £17.85 CHARGE FROM APPLE.COM/BILL ON MY CARD!!,app,fraud_dispute
TCK002859,biometric login stopped working after the latest update.,app,account_access
TCK002860,can I change my monthly instalment date to the 6th many thanks,web,loan_servicing
TCK002861,dear team what are your branch opening hours on a saturday many thanks,phone_transcript,general_enquiry
TCK002862,hello the amount is not what I expected many thanks,app,account_access
TCK002863,"hi payment issue on my account, need this sorted today.",email,account_access
TCK002864,good morning biometric login stopped working after teh latest update please help,email,account_access
TCK002865,good morning biometric login stopped working after teh latest update thanks,email,account_access
TCK002866,"good morning locked out after three attempts, need my password reset.",app,account_access
TCK002867,hi team my username is not recognised even though the account is active please help,app,complaint
TCK002868,hi what is the early settlement figure for my loan account!,app,loan_servicing
TCK002869,HELLO BIOMETRIC LOGIN STOPPED WORKING AFTER THE LATEST UPDATE.,email,loan_servicing
TCK002870,"dear team unauthorised payment of £690.44 showing on statement, card was in my wallet.",web,fraud_dispute
TCK002871,"hi please review my account, the numbers look wrong thanks",web,account_access
TCK002872,what is the early settlement figure for my loan account regards,app,complaint
TCK002873,what documents do I need to update my address thanks,email,general_enquiry
TCK002874,"good morning my direct debit for teh loan failed, how do I catch up",email,loan_servicing
TCK002875,hi need help with a charge on my account many thanks,email,general_enquiry
TCK002876,"hello my card is not working, what do I do",web,loan_servicing
TCK002877,"duplicate direct debit taken, need a refund of £44.09!",app,billing
TCK002878,good morning how do I order a replacement card for a lost one regards,app,general_enquiry
TCK002879,hi team teh one time passcode never arrives on my phone please help,app,account_access
TCK002880,"HI TEAM MY CARD IS NOT WORKING, WHAT DO I DO!",web,complaint
TCK002881,hi team I was billed £838.60 after I already cancelled the service,phone_transcript,billing
TCK002882,HOW DO I ORDER A REPLACEMENT CARD FOR A LOST ONE REGARDS,app,general_enquiry
TCK002883,"hi team payment issue on my account, need this sorted today many thanks",app,billing
TCK002884,"good morning payment issue on my account, need this sorted today please help",email,general_enquiry
TCK002885,dear team I have been waiting 8 weeks for a response and this is unacceptable.,app,complaint
TCK002886,"DEAR TEAM MY DIRECT DEBIT FOR THE LOAN FAILED, HOW DO I CATCH UP MANY THANKS",web,loan_servicing
TCK002887,GOOD MORNING WHAT IS THE EARLY SETTLEMENT FIGURE FOR MY LOAN ACCOUNT THANKS,app,loan_servicing
TCK002888,"dear team my acount was compromised after a phishing text, £127.37 is missing many thanks",phone_transcript,fraud_dispute
TCK002889,"my direct debit for the loan failed, how do I catch up please help",app,loan_servicing
TCK002890,hi there are 8 transactions I do not recognise please block the card thanks,web,fraud_dispute
TCK002891,"good morning my card is not working, what do I do.",email,complaint
TCK002892,what documents do I need to update my address!,web,general_enquiry
TCK002893,hi what are your branch opening hours on a saturday please help,app,general_enquiry
TCK002894,please explain teh interest charge on my last statement.,email,billing
TCK002895,hello what is the early settlement figure for my loan acount!,app,loan_servicing
TCK002896,"HI TEAM MY ACCOUNT WAS COMPROMISED AFTER A PHISHING TEXT, £434.32 IS MISSING REGARDS",web,fraud_dispute
TCK002897,good morning do you offer joint acounts for students.,app,general_enquiry
TCK002898,good morning there is a problem with my account please call me.,app,loan_servicing
TCK002899,dear team what is the early settlement figure for my loan account,app,loan_servicing
TCK002900,good morning the annual fee of £299.95 was applied twice to my statement,app,billing
TCK002901,hello can someone look at my account urgently.,web,account_access
TCK002902,"dear team unauthorised payment of £393.96 showing on statement, card was in my wallet!!",app,fraud_dispute
TCK002903,hi team how do I order a replacement card for a lost one please help,phone_transcript,general_enquiry
TCK002904,"GOOD MORNING THIRD TIME RAISING THIS ISSUE, NOBODY HAS CALLED ME BACK!!",app,complaint
TCK002905,GOOD MORNING THERE ARE 4 TRANSACTIONS I DO NOT RECOGNISE PLEASE BLOCK THE CARD PLEASE HELP,email,fraud_dispute
TCK002906,"hello cannot log in to the app, it says my credentials are invalid!",web,account_access
TCK002907,good morning my username is not recognised even though teh account is active many thanks,web,account_access
TCK002908,good morning why was I charged £62.68 this month when my plan is fixed!,email,billing
TCK002909,HI THE ANNUAL FEE OF £564.00 WAS APPLIED TWICE TO MY STATEMENT REGARDS,app,billing
TCK002910,hi team the one time passcode never arrives on my phone.,app,account_access
TCK002911,is there a fee for withdrawing cash abroad!!,app,general_enquiry
TCK002912,"HI MY CARD IS NOT WORKING, WHAT DO I DO!!",app,general_enquiry
TCK002913,"dear team my account was compromised after a phishing text, £198.67 is missing!",phone_transcript,fraud_dispute
TCK002914,DEAR TEAM I DID NOT AUTHORISE THE £533.75 CHARGE FROM RYANAIR ON MY CARD REGARDS,app,fraud_dispute
TCK002915,HI TEAM DO YOU OFFER JOINT ACCOUNTS FOR STUDENTS,email,general_enquiry
TCK002916,hi team why was I charged £187.12 this month when my plan is fixed!,email,billing
TCK002917,"GOOD MORNING MY ACCOUNT WAS COMPROMISED AFTER A PHISHING TEXT, £10.53 IS MISSING",web,fraud_dispute
TCK002918,"locked out after three attempts, need my password reset",email,account_access
TCK002919,hi team can I change my monthly instalment date to the 5th please help,app,loan_servicing
TCK002920,hello requesting a payment holiday for 7 months on my loan thanks,web,loan_servicing
TCK002921,dear team the one time passcode never arrives on my phone!,phone_transcript,account_access
TCK002922,hello do you offer joint accounts for students please help,app,general_enquiry
TCK002923,hi why was I charged £668.25 this month when my plan is fixed thanks,email,billing
TCK002924,dear team why was I charged £689.74 this month when my plan is fixed,app,billing
TCK002925,"hi unauthorised payment of £106.83 showing on statement, card was in my wallet regards",phone_transcript,fraud_dispute
TCK002926,"DEAR TEAM THIRD TIME RAISING THIS ISSUE, NOBODY HAS CALLED ME BACK!",web,complaint
TCK002927,HELLO THE ANNUAL FEE OF £101.40 WAS APPLIED TWICE TO MY STATEMENT!,app,billing
TCK002928,"dear team unauthorised payment of £34.06 showing on statement, card was in my wallet regards",app,fraud_dispute
TCK002929,HI TEAM I WAS BILLED £156.50 AFTER I ALREADY CANCELLED THE SERVICE!!,web,billing
TCK002930,good morning do you offer joint accounts for students many thanks,email,general_enquiry
TCK002931,good morning the annual fee of £861.42 was applied twice to my statement many thanks,web,billing
TCK002932,HELLO IS THERE A FEE FOR WITHDRAWING CASH ABROAD REGARDS,app,general_enquiry
TCK002933,"HI TEAM DUPLICATE DIRECT DEBIT TAKEN, NEED A REFUND OF £375.73 REGARDS",email,billing
TCK002934,dear team I was billed £565.19 after I already cancelled the service!!,web,billing
TCK002935,hello why was I charged £657.19 this month when my plan is fixed!,email,billing
TCK002936,HI I DID NOT AUTHORISE THE £687.63 CHARGE FROM AMZN MKTPLACE ON MY CARD!,email,fraud_dispute
TCK002937,"hi this is teh worst service I have received, I am moving my accounts!!",app,complaint
TCK002938,"dear team my direct debit for the loan failed, how do I catch up.",app,loan_servicing
TCK002939,DEAR TEAM DO YOU OFFER JOINT ACCOUNTS FOR STUDENTS.,email,general_enquiry
TCK002940,"HI MY DIRECT DEBIT FOR THE LOAN FAILED, HOW DO I CATCH UP REGARDS",app,fraud_dispute
TCK002941,hi team how do I order a replacement card for a lost one regards,email,general_enquiry
TCK002942,can I change my monthly instalment date to the 6th!,app,loan_servicing
TCK002943,good morning can someone look at my account urgently!,phone_transcript,billing
TCK002944,hi team what is teh early settlement figure for my loan account please help,web,loan_servicing
TCK002945,good morning how do I order a replacement card for a lost one.,app,general_enquiry
TCK002946,HELLO PLEASE EXPLAIN THE INTEREST CHARGE ON MY LAST STATEMENT.,app,billing
TCK002947,hi I was billed £18.35 after I already cancelled the service thanks,app,billing
TCK002948,hello I want to make an overpayment of £626.80 on my loan!!,email,loan_servicing
TCK002949,HI THE ONE TIME PASSCODE NEVER ARRIVES ON MY PHONE!!,app,account_access
TCK002950,can I change my monthly instalment date to the 6th many thanks,phone_transcript,loan_servicing
TCK002951,good morning what is teh early settlement figure for my loan account regards,app,loan_servicing
TCK002952,good morning how do I order a replacement card for a lost one please help,app,general_enquiry
TCK002953,dear team my username is not recognised even though the account is active!!,email,account_access
TCK002954,HELLO I DID NOT AUTHORISE THE £60.25 CHARGE FROM RYANAIR ON MY CARD REGARDS,web,fraud_dispute
TCK002955,WHY WAS I CHARGED £802.75 THIS MONTH WHEN MY PLAN IS FIXED REGARDS,web,billing
TCK002956,"good morning duplicate direct debit taken, need a refund of £606.55!!",web,billing
TCK002957,"duplicate direct debit taken, need a refund of £53.22 thanks",web,billing
TCK002958,HELLO WHAT ARE YOUR BRANCH OPENING HOURS ON A SATURDAY!!,app,general_enquiry
TCK002959,hello how do I order a replacement card for a lost one!!,app,general_enquiry
TCK002960,hello I was billed £437.65 after I already cancelled the service!!,phone_transcript,billing
TCK002961,hi need help with a charge on my account.,email,general_enquiry
TCK002962,hi team how do I order a replacement card for a lost one!,phone_transcript,general_enquiry
TCK002963,DEAR TEAM MY USERNAME IS NOT RECOGNISED EVEN THOUGH THE ACCOUNT IS ACTIVE!!,email,account_access
TCK002964,"good morning someone used my debit card at AMZN MKTPLACE, I want a chargeback.",web,fraud_dispute
TCK002965,hi do you offer joint accounts for students.,app,general_enquiry
TCK002966,can I change my monthly instalment date to the 4th,phone_transcript,loan_servicing
TCK002967,do you offer joint accounts for students regards,email,general_enquiry
TCK002968,"DUPLICATE DIRECT DEBIT TAKEN, NEED A REFUND OF £548.77 MANY THANKS",email,billing
TCK002969,"hello this is teh worst service I have received, I am moving my accounts",phone_transcript,complaint
TCK002970,hi need help with a charge on my account.,app,account_access
TCK002971,"UNAUTHORISED PAYMENT OF £368.86 SHOWING ON STATEMENT, CARD WAS IN MY WALLET!!",app,fraud_dispute
TCK002972,"good morning this is the worst service I have received, I am moving my accounts thanks",email,complaint
TCK002973,"dear team payment issue on my account, need this sorted today please help",app,fraud_dispute
TCK002974,"dear team payment issue on my account, need this sorted today!!",email,fraud_dispute
TCK002975,"hello duplicate direct debit taken, need a refund of £92.67",app,billing
TCK002976,hi my username is not recognised even though the account is active!!,app,account_access
TCK002977,"hello my direct debit for the loan failed, how do I catch up!",email,loan_servicing
TCK002978,"hello my direct debit for the loan failed, how do I catch up.",email,loan_servicing
TCK002979,hi team there are 8 transactions I do not recognise please block the card!,app,fraud_dispute
TCK002980,I did not authorise the £558.82 charge from UBER TRIP on my card thanks,app,fraud_dispute
TCK002981,hello money missing from my account.,email,fraud_dispute
TCK002982,"DEAR TEAM PLEASE REVIEW MY ACCOUNT, THE NUMBERS LOOK WRONG REGARDS",phone_transcript,billing
TCK002983,DEAR TEAM MY USERNAME IS NOT RECOGNISED EVEN THOUGH THE ACCOUNT IS ACTIVE PLEASE HELP,app,account_access
TCK002984,hello is there a fee for withdrawing cash abroad please help,phone_transcript,general_enquiry
TCK002985,IS THERE A FEE FOR WITHDRAWING CASH ABROAD THANKS,app,general_enquiry
TCK002986,hello I want to make an overpayment of £462.45 on my loan regards,app,loan_servicing
TCK002987,good morning I did not authorise the £600.23 charge from APPLE.COM/BILL on my card many thanks,app,fraud_dispute
TCK002988,REQUESTING A PAYMENT HOLIDAY FOR 5 MONTHS ON MY LOAN,email,loan_servicing
TCK002989,DEAR TEAM PLEASE EXPLAIN THE INTEREST CHARGE ON MY LAST STATEMENT PLEASE HELP,app,billing
TCK002990,hello I want to make an overpayment of £809.07 on my loan many thanks,app,loan_servicing
TCK002991,"HI TEAM UNAUTHORISED PAYMENT OF £725.36 SHOWING ON STATEMENT, CARD WAS IN MY WALLET!!",email,fraud_dispute
TCK002992,"hello duplicate direct debit taken, need a refund of £336.70 regards",email,billing
TCK002993,hello teh amount is not what I expected!,web,fraud_dispute
TCK002994,dear team I have been waiting 4 weeks for a response and this is unacceptable regards,app,complaint
TCK002995,"hello my direct debit for the loan failed, how do I catch up.",app,loan_servicing
TCK002996,hi team what are your branch opening hours on a saturday!,web,general_enquiry
TCK002997,good morning requesting a payment holiday for 8 months on my loan please help,app,loan_servicing
TCK002998,GOOD MORNING IS THERE A FEE FOR WITHDRAWING CASH ABROAD REGARDS,app,general_enquiry
TCK002999,hello what are your branch opening hours on a saturday!!,email,general_enquiry
TCK003000,HELLO HOW DO I ORDER A REPLACEMENT CARD FOR A LOST ONE.,app,general_enquiry
TCK003001,GOOD MORNING I HAVE BEEN WAITING 7 WEEKS FOR A RESPONSE AND THIS IS UNACCEPTABLE MANY THANKS,app,complaint
TCK003002,good morning do you offer joint accounts for students many thanks,app,general_enquiry
TCK003003,"duplicate direct debit taken, need a refund of £509.30 please help",email,billing
TCK003004,hello what is teh early settlement figure for my loan acount!!,email,loan_servicing
TCK003005,hello the annual fee of £567.53 was applied twice to my statement many thanks,app,billing
TCK003006,DEAR TEAM WHAT DOCUMENTS DO I NEED TO UPDATE MY ADDRESS,app,complaint
TCK003007,there are 7 transactions I do not recognise please block the card!,web,fraud_dispute
TCK003008,hi team I did not authorise the £677.67 charge from RYANAIR on my card!,app,fraud_dispute
TCK003009,hello what documents do I need to update my address thanks,email,general_enquiry
TCK003010,"hi duplicate direct debit taken, need a refund of £543.12 regards",web,billing
TCK003011,HI I WAS BILLED £722.04 AFTER I ALREADY CANCELLED THE SERVICE REGARDS,phone_transcript,billing
TCK003012,"HI PLEASE REVIEW MY ACCOUNT, THE NUMBERS LOOK WRONG MANY THANKS",phone_transcript,general_enquiry
TCK003013,hello please explain the interest charge on my last statement please help,phone_transcript,billing
TCK003014,hi requesting a payment holiday for 4 months on my loan thanks,email,loan_servicing
TCK003015,hello I have been waiting 3 weeks for a response and this is unacceptable regards,email,general_enquiry
TCK003016,dear team I want to make an overpayment of £242.50 on my loan many thanks,phone_transcript,loan_servicing
TCK003017,GOOD MORNING MONEY MISSING FROM MY ACCOUNT PLEASE HELP,email,billing
TCK003018,"hello this is the worst service I have received, I am moving my acounts.",email,complaint
TCK003019,good morning please explain the interest charge on my last statement!!,phone_transcript,billing
TCK003020,HI TEAM I WANT TO MAKE A FORMAL COMPLAINT ABOUT THE HANDLING OF MY CASE!!,app,complaint
TCK003021,good morning what is the early settlement figure for my loan account please help,app,general_enquiry
TCK003022,dear team I did not authorise the £655.33 charge from STEAM GAMES on my card.,phone_transcript,fraud_dispute
TCK003023,HELLO WHAT IS THE EARLY SETTLEMENT FIGURE FOR MY LOAN ACCOUNT.,app,loan_servicing
TCK003024,"hi payment issue on my account, need this sorted today!",app,general_enquiry
TCK003025,good morning biometric login stopped working after the latest update,app,account_access
TCK003026,hi what documents do I need to update my address.,email,general_enquiry
TCK003027,HELLO THE ONE TIME PASSCODE NEVER ARRIVES ON MY PHONE,app,account_access
TCK003028,"HELLO MY DIRECT DEBIT FOR THE LOAN FAILED, HOW DO I CATCH UP.",app,loan_servicing
TCK003029,"hi team issue with my payment, second time asking!!",email,account_access
TCK003030,hello money missing from my account many thanks,app,billing
TCK003031,why was I charged £238.04 this month when my plan is fixed thanks,email,billing
TCK003032,HI THE AMOUNT IS NOT WHAT I EXPECTED!,app,fraud_dispute
TCK003033,how do I order a replacement card for a lost one.,web,general_enquiry
TCK003034,hello why was I charged £217.44 this month when my plan is fixed.,app,billing
TCK003035,good morning please explain teh interest charge on my last statement,phone_transcript,billing
TCK003036,HELLO I HAVE BEEN WAITING 7 WEEKS FOR A RESPONSE AND THIS IS UNACCEPTABLE,email,complaint
TCK003037,HELLO DO YOU OFFER JOINT ACCOUNTS FOR STUDENTS!!,app,general_enquiry
TCK003038,WHY WAS I CHARGED £428.74 THIS MONTH WHEN MY PLAN IS FIXED THANKS,phone_transcript,billing
TCK003039,hi team how do I order a replacement card for a lost one regards,phone_transcript,general_enquiry
TCK003040,hi requesting a payment holiday for 7 months on my loan many thanks,email,loan_servicing
TCK003041,good morning there is a problem with my account please call me,email,complaint
TCK003042,"DUPLICATE DIRECT DEBIT TAKEN, NEED A REFUND OF £895.51 THANKS",email,billing
TCK003043,why was I charged £895.72 this month when my plan is fixed,web,billing
TCK003044,dear team I did not authorise the £316.42 charge from UBER TRIP on my card!!,email,fraud_dispute
TCK003045,"hi team my account was compromised after a phishing text, £410.40 is missing.",email,fraud_dispute
TCK003046,HI WHY WAS I CHARGED £876.42 THIS MONTH WHEN MY PLAN IS FIXED.,app,billing
TCK003047,"good morning someone used my debit card at STEAM GAMES, I want a chargeback regards",email,fraud_dispute
TCK003048,"hi my direct debit for teh loan failed, how do I catch up many thanks",email,loan_servicing
TCK003049,HI TEAM WHAT DOCUMENTS DO I NEED TO UPDATE MY ADDRESS!!,app,general_enquiry
TCK003050,"HELLO THIRD TIME RAISING THIS ISSUE, NOBODY HAS CALLED ME BACK.",web,complaint
TCK003051,"my card is not working, what do I do.",web,general_enquiry
TCK003052,"HI TEAM PLEASE REVIEW MY ACCOUNT, THE NUMBERS LOOK WRONG!",app,general_enquiry
TCK003053,"dear team please review my account, the numbers look wrong!",phone_transcript,loan_servicing
TCK003054,hello I was billed £833.05 after I already cancelled the service!!,app,billing
TCK003055,HELLO MONEY MISSING FROM MY ACCOUNT.,app,billing
TCK003056,how do I order a replacement card for a lost one!!,app,general_enquiry
TCK003057,"someone used my debit card at AMZN MKTPLACE, I want a chargeback",app,fraud_dispute
TCK003058,can someone look at my acount urgently!,email,general_enquiry
TCK003059,hello please explain the interest charge on my last statement regards,app,billing
TCK003060,why was I charged £845.45 this month when my plan is fixed,phone_transcript,billing
TCK003061,can I change my monthly instalment date to the 7th!,phone_transcript,loan_servicing
TCK003062,hi money missing from my account thanks,email,account_access
TCK003063,WHAT IS THE EARLY SETTLEMENT FIGURE FOR MY LOAN ACCOUNT,app,loan_servicing
TCK003064,HI TEAM NEED HELP WITH A CHARGE ON MY ACCOUNT REGARDS,web,loan_servicing
TCK003065,dear team my username is not recognised even though the account is active,app,account_access
TCK003066,"dear team locked out after three attempts, need my password reset!!",app,account_access
TCK003067,HELLO WHAT IS THE EARLY SETTLEMENT FIGURE FOR MY LOAN ACCOUNT THANKS,phone_transcript,loan_servicing
TCK003068,hi team biometric login stopped working after teh latest update.,app,account_access
TCK003069,what is teh early settlement figure for my loan acount please help,app,loan_servicing
TCK003070,hi team there are 2 transactions I do not recognise please block the card!,web,fraud_dispute
TCK003071,hi what documents do I need to update my address.,web,general_enquiry
TCK003072,"HI TEAM CANNOT LOG IN TO THE APP, IT SAYS MY CREDENTIALS ARE INVALID REGARDS",email,account_access
TCK003073,hi team please explain teh interest charge on my last statement!,email,billing
TCK003074,good morning biometric login stopped working after the latest update!!,app,account_access
TCK003075,good morning I have been waiting 7 weeks for a response and this is unacceptable.,app,complaint
TCK003076,HELLO THE ONE TIME PASSCODE NEVER ARRIVES ON MY PHONE MANY THANKS,phone_transcript,account_access
TCK003077,"HI TEAM MY ACCOUNT WAS COMPROMISED AFTER A PHISHING TEXT, £801.30 IS MISSING",app,fraud_dispute
TCK003078,how do I order a replacement card for a lost one thanks,email,general_enquiry
TCK003079,GOOD MORNING CAN SOMEONE LOOK AT MY ACCOUNT URGENTLY,email,billing
TCK003080,"hello duplicate direct debit taken, need a refund of £152.32!",app,billing
TCK003081,dear team can I change my monthly instalment date to the 3th.,email,loan_servicing
TCK003082,CAN I CHANGE MY MONTHLY INSTALMENT DATE TO THE 3TH!!,app,loan_servicing
TCK003083,"hello duplicate direct debit taken, need a refund of £242.66 many thanks",email,billing
TCK003084,"HI ISSUE WITH MY PAYMENT, SECOND TIME ASKING!!",phone_transcript,account_access
TCK003085,good morning the one time passcode never arrives on my phone please help,email,account_access
TCK003086,"hello unauthorised payment of £631.04 showing on statement, card was in my wallet",app,fraud_dispute
TCK003087,"HI CANNOT LOG IN TO THE APP, IT SAYS MY CREDENTIALS ARE INVALID REGARDS",web,account_access
TCK003088,"please review my account, the numbers look wrong many thanks",app,complaint
TCK003089,need help with a charge on my account!!,web,general_enquiry
TCK003090,can someone look at my account urgently!,phone_transcript,account_access
TCK003091,I want to make an overpayment of £508.74 on my loan!!,app,loan_servicing
TCK003092,hello what are your branch opening hours on a saturday!,app,general_enquiry
TCK003093,dear team I want to make an overpayment of £418.59 on my loan please help,email,loan_servicing
TCK003094,HI THE ANNUAL FEE OF £303.51 WAS APPLIED TWICE TO MY STATEMENT THANKS,app,billing
TCK003095,hi team how do I order a replacement card for a lost one many thanks,app,general_enquiry
TCK003096,"unauthorised payment of £204.59 showing on statement, card was in my wallet",web,fraud_dispute
TCK003097,GOOD MORNING THE ANNUAL FEE OF £509.26 WAS APPLIED TWICE TO MY STATEMENT MANY THANKS,web,billing
TCK003098,"dear team please review my account, the numbers look wrong many thanks",web,account_access
TCK003099,hi do you offer joint accounts for students.,app,general_enquiry
TCK003100,hello there is a problem with my account please call me!,email,account_access
TCK003101,good morning the annual fee of £443.28 was applied twice to my statement regards,app,billing
TCK003102,good morning what documents do I need to update my address!,app,general_enquiry
TCK003103,"HI MY ACCOUNT WAS COMPROMISED AFTER A PHISHING TEXT, £96.19 IS MISSING!!",web,fraud_dispute
TCK003104,dear team the one time passcode never arrives on my phone thanks,web,account_access
TCK003105,"unauthorised payment of £288.36 showing on statement, card was in my wallet many thanks",email,fraud_dispute
TCK003106,"dear team cannot log in to the app, it says my credentials are invalid",email,account_access
TCK003107,hello the one time passcode never arrives on my phone please help,app,account_access
TCK003108,WHAT ARE YOUR BRANCH OPENING HOURS ON A SATURDAY MANY THANKS,web,general_enquiry
TCK003109,"GOOD MORNING DUPLICATE DIRECT DEBIT TAKEN, NEED A REFUND OF £740.55 PLEASE HELP",email,billing
TCK003110,hi team how do I order a replacement card for a lost one thanks,app,general_enquiry
TCK003111,HELLO WHAT IS THE EARLY SETTLEMENT FIGURE FOR MY LOAN ACCOUNT.,app,loan_servicing
TCK003112,hi team is there a fee for withdrawing cash abroad!,app,general_enquiry
TCK003113,"DEAR TEAM PLEASE REVIEW MY ACCOUNT, THE NUMBERS LOOK WRONG THANKS",web,billing
TCK003114,good morning is there a fee for withdrawing cash abroad regards,app,general_enquiry
TCK003115,"DEAR TEAM THIRD TIME RAISING THIS ISSUE, NOBODY HAS CALLED ME BACK",app,complaint
TCK003116,requesting a payment holiday for 2 months on my loan many thanks,app,loan_servicing
TCK003117,I was billed £215.18 after I already cancelled the service!,email,billing
TCK003118,"hi team locked out after three attempts, need my password reset",email,account_access
TCK003119,hi team what are your branch opening hours on a saturday!,app,general_enquiry
TCK003120,hi the annual fee of £803.91 was applied twice to my statement please help,web,billing
TCK003121,what is the early settlement figure for my loan account.,phone_transcript,loan_servicing
TCK003122,"hi my account was compromised after a phishing text, £869.65 is missing!",app,fraud_dispute
TCK003123,hello the branch staff were rude and refused to escalate my case.,phone_transcript,complaint
TCK003124,NEED HELP WITH A CHARGE ON MY ACCOUNT!!,app,general_enquiry
TCK003125,good morning biometric login stopped working after the latest update!!,email,account_access
TCK003126,biometric login stopped working after the latest update!,email,account_access
TCK003127,"dear team my account was compromised after a phishing text, £751.79 is missing regards",email,fraud_dispute
TCK003128,"HI TEAM THIS IS THE WORST SERVICE I HAVE RECEIVED, I AM MOVING MY ACCOUNTS!!",email,complaint
TCK003129,hello biometric login stopped working after the latest update!,email,account_access
TCK003130,GOOD MORNING I WAS BILLED £498.65 AFTER I ALREADY CANCELLED THE SERVICE MANY THANKS,app,billing
TCK003131,"hi third time raising this issue, nobody has called me back.",web,complaint
TCK003132,HI I WANT TO MAKE A FORMAL COMPLAINT ABOUT THE HANDLING OF MY CASE.,app,complaint
TCK003133,hi team there are 5 transactions I do not recognise please block the card please help,app,fraud_dispute
TCK003134,"hello duplicate direct debit taken, need a refund of £316.32 regards",app,billing
TCK003135,hi team something is wrong with my statement thanks,email,general_enquiry
TCK003136,good morning what documents do I need to update my address many thanks,web,general_enquiry
TCK003137,SOMETHING IS WRONG WITH MY STATEMENT.,email,billing
TCK003138,"hi team my card is not working, what do I do!!",app,account_access
TCK003139,"hello my account was compromised after a phishing text, £486.39 is missing.",app,fraud_dispute
TCK003140,hi team there are 7 transactions I do not recognise please block the card!!,app,fraud_dispute
TCK003141,"hi someone used my debit card at APPLE.COM/BILL, I want a chargeback!!",email,fraud_dispute
TCK003142,hi the annual fee of £534.64 was applied twice to my statement please help,email,billing
TCK003143,"locked out after three attempts, need my password reset many thanks",app,account_access
TCK003144,"hello unauthorised payment of £684.18 showing on statement, card was in my wallet",web,fraud_dispute
TCK003145,GOOD MORNING WHAT DOCUMENTS DO I NEED TO UPDATE MY ADDRESS,web,general_enquiry
TCK003146,HELLO HOW DO I ORDER A REPLACEMENT CARD FOR A LOST ONE.,web,general_enquiry
TCK003147,"HI TEAM CANNOT LOG IN TO THE APP, IT SAYS MY CREDENTIALS ARE INVALID!",email,account_access
TCK003148,"hi team duplicate direct debit taken, need a refund of £736.62 please help",web,billing
TCK003149,hello my username is not recognised even though the account is active!,web,account_access
TCK003150,"hi cannot log in to the app, it says my credentials are invalid thanks",app,account_access
TCK003151,"GOOD MORNING MY CARD IS NOT WORKING, WHAT DO I DO!!",app,account_access
TCK003152,"good morning issue with my payment, second time asking many thanks",phone_transcript,loan_servicing
TCK003153,"hello duplicate direct debit taken, need a refund of £362.97 regards",app,billing
TCK003154,good morning how do I order a replacement card for a lost one.,phone_transcript,general_enquiry
TCK003155,hi team requesting a payment holiday for 8 months on my loan!,email,loan_servicing
TCK003156,"PAYMENT ISSUE ON MY ACCOUNT, NEED THIS SORTED TODAY",phone_transcript,complaint
TCK003157,"good morning cannot log in to the app, it says my credentials are invalid many thanks",web,account_access
TCK003158,requesting a payment holiday for 7 months on my loan thanks,app,loan_servicing
TCK003159,good morning how do I order a replacement card for a lost one please help,web,general_enquiry
TCK003160,I want to make an overpayment of £718.77 on my loan regards,phone_transcript,loan_servicing
TCK003161,CAN SOMEONE LOOK AT MY ACCOUNT URGENTLY REGARDS,app,account_access
TCK003162,hi why was I charged £302.08 this month when my plan is fixed regards,app,billing
TCK003163,"good morning my direct debit for the loan failed, how do I catch up!!",email,loan_servicing
TCK003164,I was billed £694.53 after I already cancelled the service many thanks,app,billing
TCK003165,"good morning my account was compromised after a phishing text, £700.06 is missing regards",web,fraud_dispute
TCK003166,hello biometric login stopped working after the latest update thanks,phone_transcript,account_access
TCK003167,hi is there a fee for withdrawing cash abroad,app,general_enquiry
TCK003168,hi there are 8 transactions I do not recognise please block teh card.,app,fraud_dispute
TCK003169,"HI CANNOT LOG IN TO THE APP, IT SAYS MY CREDENTIALS ARE INVALID!!",email,account_access
TCK003170,dear team something is wrong with my statement thanks,web,general_enquiry
TCK003171,good morning how do I order a replacement card for a lost one!!,phone_transcript,general_enquiry
TCK003172,HI THE BRANCH STAFF WERE RUDE AND REFUSED TO ESCALATE MY CASE.,email,complaint
TCK003173,"GOOD MORNING THIS IS THE WORST SERVICE I HAVE RECEIVED, I AM MOVING MY ACCOUNTS MANY THANKS",email,complaint
TCK003174,"hi team duplicate direct debit taken, need a refund of £470.50!",phone_transcript,billing
TCK003175,hi team what documents do I need to update my address!,email,general_enquiry
TCK003176,hi the one time passcode never arrives on my phone!,email,account_access
TCK003177,hi do you offer joint accounts for students many thanks,email,general_enquiry
TCK003178,do you offer joint accounts for students!!,web,general_enquiry
TCK003179,the one time passcode never arrives on my phone many thanks,app,account_access
TCK003180,dear team is there a fee for withdrawing cash abroad regards,app,general_enquiry
TCK003181,dear team I want to make a formal complaint about the handling of my case many thanks,app,complaint
TCK003182,"hi my card is not working, what do I do please help",app,loan_servicing
TCK003183,dear team money missing from my account!!,web,fraud_dispute
TCK003184,HI IS THERE A FEE FOR WITHDRAWING CASH ABROAD MANY THANKS,email,general_enquiry
TCK003185,hi what are your branch opening hours on a saturday regards,phone_transcript,general_enquiry
TCK003186,hello please explain the interest charge on my last statement thanks,app,billing
TCK003187,hi team my username is not recognised even though the account is active many thanks,app,account_access
TCK003188,HI TEAM WHAT IS THE EARLY SETTLEMENT FIGURE FOR MY LOAN ACCOUNT,app,loan_servicing
TCK003189,hi team please explain the interest charge on my last statement,app,billing
TCK003190,"hello my direct debit for the loan failed, how do I catch up thanks",web,loan_servicing
TCK003191,"hi duplicate direct debit taken, need a refund of £259.61!!",app,billing
TCK003192,"good morning unauthorised payment of £431.64 showing on statement, card was in my wallet many thanks",email,fraud_dispute
TCK003193,"hi issue with my payment, second time asking regards",web,loan_servicing
TCK003194,hello can I change my monthly instalment date to the 5th thanks,email,loan_servicing
TCK003195,good morning something is wrong with my statement!,app,billing
TCK003196,good morning can I change my monthly instalment date to the 4th!!,web,loan_servicing
TCK003197,why was I charged £560.65 this month when my plan is fixed please help,email,billing
TCK003198,"HELLO THIRD TIME RAISING THIS ISSUE, NOBODY HAS CALLED ME BACK REGARDS",email,complaint
TCK003199,DEAR TEAM HOW DO I ORDER A REPLACEMENT CARD FOR A LOST ONE!,app,general_enquiry
TCK003200,DEAR TEAM THE ANNUAL FEE OF £596.76 WAS APPLIED TWICE TO MY STATEMENT.,app,billing
TCK003201,good morning what documents do I need to update my address.,app,general_enquiry
TCK003202,hello I did not authorise the £37.54 charge from UBER TRIP on my card,phone_transcript,fraud_dispute
TCK003203,"HELLO LOCKED OUT AFTER THREE ATTEMPTS, NEED MY PASSWORD RESET THANKS",app,account_access
TCK003204,good morning I did not authorise the £45.42 charge from UBER TRIP on my card.,phone_transcript,fraud_dispute
TCK003205,hi why was I charged £490.26 this month when my plan is fixed!,app,billing
TCK003206,hi please explain the interest charge on my last statement,app,billing
TCK003207,DEAR TEAM THE ONE TIME PASSCODE NEVER ARRIVES ON MY PHONE THANKS,email,account_access
TCK003208,GOOD MORNING PLEASE EXPLAIN THE INTEREST CHARGE ON MY LAST STATEMENT!!,app,billing
TCK003209,"HI MY ACCOUNT WAS COMPROMISED AFTER A PHISHING TEXT, £833.83 IS MISSING",web,fraud_dispute
TCK003210,good morning what documents do I need to update my address.,email,general_enquiry
TCK003211,hello what documents do I need to update my address.,app,general_enquiry
TCK003212,good morning I did not authorise the £292.50 charge from UBER TRIP on my card please help,email,fraud_dispute
TCK003213,HELLO HOW DO I ORDER A REPLACEMENT CARD FOR A LOST ONE MANY THANKS,web,general_enquiry
TCK003214,good morning what documents do I need to update my address thanks,web,general_enquiry
TCK003215,"hello duplicate direct debit taken, need a refund of £416.12 thanks",app,billing
TCK003216,"HELLO THIRD TIME RAISING THIS ISSUE, NOBODY HAS CALLED ME BACK!",email,complaint
TCK003217,"hello someone used my debit card at AMZN MKTPLACE, I want a chargeback regards",app,fraud_dispute
TCK003218,good morning what is the early settlement figure for my loan account please help,app,loan_servicing
TCK003219,"dear team unauthorised payment of £829.79 showing on statement, card was in my wallet many thanks",app,fraud_dispute
TCK003220,hello I want to make a formal complaint about the handling of my case regards,app,complaint
TCK003221,hi biometric login stopped working after the latest update!,phone_transcript,account_access
TCK003222,DEAR TEAM IS THERE A FEE FOR WITHDRAWING CASH ABROAD!!,email,general_enquiry
TCK003223,"hi team unauthorised payment of £325.25 showing on statement, card was in my wallet thanks",email,fraud_dispute
TCK003224,"hi issue with my payment, second time asking!!",email,complaint
TCK003225,good morning I have been waiting 7 weeks for a response and this is unacceptable,phone_transcript,complaint
TCK003226,"good morning payment issue on my account, need this sorted today many thanks",web,billing
TCK003227,hi team do you offer joint accounts for students regards,phone_transcript,general_enquiry
TCK003228,good morning requesting a payment holiday for 2 months on my loan.,app,loan_servicing
TCK003229,DEAR TEAM WHAT DOCUMENTS DO I NEED TO UPDATE MY ADDRESS MANY THANKS,email,complaint
TCK003230,hi team can someone look at my acount urgently.,app,general_enquiry
TCK003231,"CANNOT LOG IN TO THE APP, IT SAYS MY CREDENTIALS ARE INVALID THANKS",phone_transcript,account_access
TCK003232,good morning why was I charged £713.24 this month when my plan is fixed please help,phone_transcript,billing
TCK003233,good morning biometric login stopped working after the latest update,app,account_access
TCK003234,dear team the annual fee of £488.67 was applied twice to my statement!!,email,billing
TCK003235,hello I want to make an overpayment of £118.58 on my loan many thanks,app,loan_servicing
TCK003236,"hi team third time raising this issue, nobody has called me back",app,complaint
TCK003237,dear team how do I order a replacement card for a lost one!!,phone_transcript,general_enquiry
TCK003238,GOOD MORNING SOMETHING IS WRONG WITH MY STATEMENT REGARDS,app,billing
TCK003239,hi I did not authorise the £629.62 charge from APPLE.COM/BILL on my card thanks,email,fraud_dispute
TCK003240,hi I was billed £546.56 after I already cancelled the service.,phone_transcript,billing
TCK003241,GOOD MORNING WHAT DOCUMENTS DO I NEED TO UPDATE MY ADDRESS PLEASE HELP,app,general_enquiry
TCK003242,"HELLO LOCKED OUT AFTER THREE ATTEMPTS, NEED MY PASSWORD RESET.",app,account_access
TCK003243,good morning I did not authorise the £199.20 charge from UBER TRIP on my card regards,email,fraud_dispute
TCK003244,hello what are your branch opening hours on a saturday regards,email,general_enquiry
TCK003245,HELLO THE ANNUAL FEE OF £109.05 WAS APPLIED TWICE TO MY STATEMENT.,app,billing
TCK003246,"cannot log in to the app, it says my credentials are invalid please help",web,account_access
TCK003247,"dear team duplicate direct debit taken, need a refund of £363.92!!",app,billing
TCK003248,hi what is the early settlement figure for my loan account regards,email,loan_servicing
TCK003249,GOOD MORNING I WAS BILLED £439.42 AFTER I ALREADY CANCELLED THE SERVICE,email,billing
TCK003250,dear team I was billed £217.35 after I already cancelled the service,email,billing
TCK003251,hello my username is not recognised even though the acount is active!,phone_transcript,account_access
TCK003252,hi team I did not authorise the £441.05 charge from TESCO EXPRESS on my card!,email,fraud_dispute
TCK003253,"good morning issue with my payment, second time asking regards",phone_transcript,fraud_dispute
TCK003254,hi I want to make an overpayment of £395.11 on my loan!!,email,loan_servicing
TCK003255,"HELLO ISSUE WITH MY PAYMENT, SECOND TIME ASKING.",email,loan_servicing
TCK003256,"third time raising this issue, nobody has called me back.",web,fraud_dispute
TCK003257,hi is there a fee for withdrawing cash abroad please help,app,general_enquiry
TCK003258,"HI LOCKED OUT AFTER THREE ATTEMPTS, NEED MY PASSWORD RESET!!",email,account_access
TCK003259,DEAR TEAM I WANT TO MAKE AN OVERPAYMENT OF £386.22 ON MY LOAN PLEASE HELP,web,loan_servicing
TCK003260,GOOD MORNING WHAT ARE YOUR BRANCH OPENING HOURS ON A SATURDAY!!,email,general_enquiry
TCK003261,"good morning unauthorised payment of £848.40 showing on statement, card was in my wallet regards",email,fraud_dispute
TCK003262,hi team I have been waiting 6 weeks for a response and this is unacceptable please help,email,complaint
TCK003263,"my card is not working, what do I do many thanks",web,account_access
TCK003264,hi can someone look at my account urgently thanks,app,complaint
TCK003265,hi my username is not recognised even though teh account is active.,email,account_access
TCK003266,GOOD MORNING THERE ARE 3 TRANSACTIONS I DO NOT RECOGNISE PLEASE BLOCK THE CARD!,email,fraud_dispute
TCK003267,HI TEAM I DID NOT AUTHORISE THE £646.04 CHARGE FROM AMZN MKTPLACE ON MY CARD!,app,account_access
TCK003268,"cannot log in to the app, it says my credentials are invalid regards",app,account_access
TCK003269,"good morning duplicate direct debit taken, need a refund of £404.05",phone_transcript,billing
TCK003270,dear team I did not authorise the £537.47 charge from AMZN MKTPLACE on my card many thanks,email,fraud_dispute
TCK003271,dear team teh annual fee of £248.64 was applied twice to my statement thanks,web,billing
TCK003272,hello the annual fee of £685.30 was applied twice to my statement please help,web,billing
TCK003273,"hi issue with my payment, second time asking!!",app,general_enquiry
TCK003274,dear team the branch staff were rude and refused to escalate my case!!,web,complaint
TCK003275,"someone used my debit card at AMZN MKTPLACE, I want a chargeback!!",phone_transcript,fraud_dispute
TCK003276,what is the early settlement figure for my loan account!,app,loan_servicing
TCK003277,what documents do I need to update my address!,app,fraud_dispute
TCK003278,"DEAR TEAM DUPLICATE DIRECT DEBIT TAKEN, NEED A REFUND OF £147.68!!",email,billing
TCK003279,dear team I was billed £352.22 after I already cancelled the service please help,app,billing
TCK003280,I DID NOT AUTHORISE THE £561.09 CHARGE FROM TESCO EXPRESS ON MY CARD!!,email,fraud_dispute
TCK003281,"hi team my account was compromised after a phishing text, £307.26 is missing!!",app,fraud_dispute
TCK003282,hi money missing from my acount.,email,fraud_dispute
TCK003283,HI PLEASE EXPLAIN THE INTEREST CHARGE ON MY LAST STATEMENT THANKS,app,billing
TCK003284,"hi team my direct debit for the loan failed, how do I catch up!",web,loan_servicing
TCK003285,hi team my username is not recognised even though the account is active!,app,loan_servicing
TCK003286,"dear team unauthorised payment of £807.84 showing on statement, card was in my wallet!!",email,fraud_dispute
TCK003287,HI THERE ARE 7 TRANSACTIONS I DO NOT RECOGNISE PLEASE BLOCK THE CARD REGARDS,app,fraud_dispute
TCK003288,DEAR TEAM WHAT DOCUMENTS DO I NEED TO UPDATE MY ADDRESS.,web,general_enquiry
TCK003289,good morning what are your branch opening hours on a saturday,app,general_enquiry
TCK003290,hi team what are your branch opening hours on a saturday thanks,phone_transcript,general_enquiry
TCK003291,"dear team duplicate direct debit taken, need a refund of £82.89 many thanks",email,fraud_dispute
TCK003292,DEAR TEAM I WAS BILLED £558.58 AFTER I ALREADY CANCELLED THE SERVICE PLEASE HELP,app,billing
TCK003293,hi I did not authorise the £513.90 charge from APPLE.COM/BILL on my card regards,email,fraud_dispute
TCK003294,GOOD MORNING THE ONE TIME PASSCODE NEVER ARRIVES ON MY PHONE PLEASE HELP,email,account_access
TCK003295,dear team need help with a charge on my account please help,email,loan_servicing
TCK003296,can I change my monthly instalment date to the 6th many thanks,app,loan_servicing
TCK003297,GOOD MORNING THE ONE TIME PASSCODE NEVER ARRIVES ON MY PHONE REGARDS,email,account_access
TCK003298,"hi my direct debit for the loan failed, how do I catch up thanks",web,loan_servicing
TCK003299,hello biometric login stopped working after the latest update many thanks,email,account_access
TCK003300,is there a fee for withdrawing cash abroad!!,app,general_enquiry
TCK003301,dear team how do I order a replacement card for a lost one please help,email,general_enquiry
TCK003302,dear team can I change my monthly instalment date to the 6th thanks,web,complaint
TCK003303,hi team what is teh early settlement figure for my loan account regards,app,loan_servicing
TCK003304,hi I want to make an overpayment of £327.93 on my loan!!,email,loan_servicing
TCK003305,DEAR TEAM DO YOU OFFER JOINT ACCOUNTS FOR STUDENTS THANKS,web,general_enquiry
TCK003306,hello please explain the interest charge on my last statement,phone_transcript,billing
TCK003307,hi team the annual fee of £68.22 was applied twice to my statement,web,billing
TCK003308,what are your branch opening hours on a saturday regards,app,general_enquiry
TCK003309,is there a fee for withdrawing cash abroad!!,app,general_enquiry
TCK003310,"hi duplicate direct debit taken, need a refund of £321.03!!",email,billing
TCK003311,dear team need help with a charge on my account,app,billing
TCK003312,what is the early settlement figure for my loan account thanks,web,loan_servicing
TCK003313,dear team what is the early settlement figure for my loan account thanks,web,loan_servicing
TCK003314,hi team the amount is not what I expected please help,web,loan_servicing
TCK003315,GOOD MORNING WHAT IS THE EARLY SETTLEMENT FIGURE FOR MY LOAN ACCOUNT.,app,loan_servicing
TCK003316,"hi my direct debit for teh loan failed, how do I catch up!!",app,loan_servicing
TCK003317,HI CAN SOMEONE LOOK AT MY ACCOUNT URGENTLY,web,billing
TCK003318,dear team need help with a charge on my account!!,web,account_access
TCK003319,hello the one time passcode never arrives on my phone!,phone_transcript,account_access
TCK003320,"hi team issue with my payment, second time asking many thanks",phone_transcript,account_access
TCK003321,"HELLO PAYMENT ISSUE ON MY ACCOUNT, NEED THIS SORTED TODAY.",phone_transcript,fraud_dispute
TCK003322,hi team why was I charged £780.83 this month when my plan is fixed many thanks,app,billing
TCK003323,I want to make an overpayment of £632.46 on my loan,phone_transcript,loan_servicing
TCK003324,"good morning my card is not working, what do I do!!",web,fraud_dispute
TCK003325,"hi team issue with my payment, second time asking many thanks",web,general_enquiry
TCK003326,"hi someone used my debit card at APPLE.COM/BILL, I want a chargeback!",app,fraud_dispute
TCK003327,HI WHY WAS I CHARGED £439.28 THIS MONTH WHEN MY PLAN IS FIXED.,app,billing
TCK003328,hello I was billed £123.50 after I already cancelled the service thanks,email,billing
TCK003329,something is wrong with my statement,web,billing
TCK003330,please explain the interest charge on my last statement please help,email,billing
TCK003331,"hello my account was compromised after a phishing text, £264.71 is missing.",web,fraud_dispute
TCK003332,"hi team someone used my debit card at UBER TRIP, I want a chargeback thanks",app,fraud_dispute
TCK003333,hi do you offer joint accounts for students please help,web,general_enquiry
TCK003334,HI I DID NOT AUTHORISE THE £368.50 CHARGE FROM AMZN MKTPLACE ON MY CARD!,app,fraud_dispute
TCK003335,hello can I change my monthly instalment date to the 5th,app,loan_servicing
TCK003336,dear team there are 2 transactions I do not recognise please block teh card thanks,phone_transcript,fraud_dispute
TCK003337,hello there are 2 transactions I do not recognise please block the card!!,web,fraud_dispute
TCK003338,good morning biometric login stopped working after the latest update regards,phone_transcript,account_access
TCK003339,hi team need help with a charge on my account!!,email,fraud_dispute
TCK003340,"DEAR TEAM DUPLICATE DIRECT DEBIT TAKEN, NEED A REFUND OF £885.46 THANKS",app,billing
TCK003341,"hi this is the worst service I have received, I am moving my accounts regards",email,complaint
TCK003342,GOOD MORNING WHAT IS THE EARLY SETTLEMENT FIGURE FOR MY LOAN ACCOUNT.,app,loan_servicing
TCK003343,hello what is teh early settlement figure for my loan acount thanks,app,loan_servicing
TCK003344,HELLO PLEASE EXPLAIN THE INTEREST CHARGE ON MY LAST STATEMENT.,app,billing
TCK003345,DEAR TEAM WHAT ARE YOUR BRANCH OPENING HOURS ON A SATURDAY!,phone_transcript,general_enquiry
TCK003346,hi biometric login stopped working after the latest update,email,account_access
TCK003347,there is a problem with my account please call me please help,email,loan_servicing
TCK003348,I DID NOT AUTHORISE THE £345.90 CHARGE FROM AMZN MKTPLACE ON MY CARD!,email,fraud_dispute
TCK003349,hello why was I charged £500.31 this month when my plan is fixed.,app,billing
TCK003350,there are 5 transactions I do not recognise please block the card!!,app,fraud_dispute
TCK003351,dear team biometric login stopped working after the latest update many thanks,email,account_access
TCK003352,"dear team unauthorised payment of £8.65 showing on statement, card was in my wallet regards",email,fraud_dispute
TCK003353,hi team there are 3 transactions I do not recognise please block the card!!,app,fraud_dispute
TCK003354,dear team there are 4 transactions I do not recognise please block the card!!,email,fraud_dispute
TCK003355,hi my username is not recognised even though the account is active thanks,app,account_access
TCK003356,dear team the one time passcode never arrives on my phone regards,email,account_access
TCK003357,dear team money missing from my account many thanks,app,account_access
TCK003358,do you offer joint accounts for students please help,email,general_enquiry
TCK003359,hi the one time passcode never arrives on my phone!,app,account_access
TCK003360,"hi payment issue on my account, need this sorted today!",app,general_enquiry
TCK003361,HELLO THERE IS A PROBLEM WITH MY ACCOUNT PLEASE CALL ME!!,email,loan_servicing
TCK003362,money missing from my acount.,app,general_enquiry
TCK003363,"good morning locked out after three attempts, need my password reset!!",app,billing
TCK003364,good morning why was I charged £825.32 this month when my plan is fixed!!,phone_transcript,billing
TCK003365,"dear team my account was compromised after a phishing text, £251.37 is missing many thanks",web,fraud_dispute
TCK003366,hi team I was billed £767.85 after I already cancelled the service.,app,billing
TCK003367,money missing from my account,app,account_access
TCK003368,"hi team someone used my debit card at APPLE.COM/BILL, I want a chargeback",email,fraud_dispute
TCK003369,hi team how do I order a replacement card for a lost one thanks,web,general_enquiry
TCK003370,"HI TEAM MY DIRECT DEBIT FOR THE LOAN FAILED, HOW DO I CATCH UP PLEASE HELP",web,loan_servicing
TCK003371,"duplicate direct debit taken, need a refund of £38.29.",web,billing
TCK003372,hi what are your branch opening hours on a saturday regards,phone_transcript,account_access
TCK003373,"payment issue on my account, need this sorted today please help",app,account_access
TCK003374,hi I did not authorise the £257.21 charge from UBER TRIP on my card regards,web,fraud_dispute
TCK003375,hi team there are 4 transactions I do not recognise please block the card please help,email,fraud_dispute
TCK003376,"good morning cannot log in to the app, it says my credentials are invalid.",web,account_access
TCK003377,hi I was billed £81.00 after I already cancelled the service,phone_transcript,billing
TCK003378,hi team do you offer joint accounts for students,web,general_enquiry
TCK003379,dear team biometric login stopped working after the latest update regards,app,account_access
TCK003380,GOOD MORNING WHY WAS I CHARGED £390.11 THIS MONTH WHEN MY PLAN IS FIXED THANKS,app,billing
TCK003381,HI THE ONE TIME PASSCODE NEVER ARRIVES ON MY PHONE THANKS,email,account_access
TCK003382,hi team teh amount is not what I expected,email,billing
TCK003383,good morning I was billed £673.89 after I already cancelled teh service thanks,phone_transcript,billing
TCK003384,hi team do you offer joint accounts for students,web,general_enquiry
TCK003385,good morning there are 8 transactions I do not recognise please block the card many thanks,email,fraud_dispute
TCK003386,hi team what is the early settlement figure for my loan account many thanks,phone_transcript,loan_servicing
TCK003387,good morning the one time passcode never arrives on my phone,web,account_access
TCK003388,good morning how do I order a replacement card for a lost one.,app,general_enquiry
TCK003389,DEAR TEAM MONEY MISSING FROM MY ACCOUNT!,app,complaint
TCK003390,good morning there is a problem with my account please call me many thanks,email,fraud_dispute
TCK003391,what are your branch opening hours on a saturday!,app,general_enquiry
TCK003392,"dear team my direct debit for the loan failed, how do I catch up thanks",email,loan_servicing
TCK003393,I did not authorise the £865.62 charge from STEAM GAMES on my card please help,email,fraud_dispute
TCK003394,hello there are 5 transactions I do not recognise please block the card!,phone_transcript,fraud_dispute
TCK003395,do you offer joint accounts for students many thanks,app,general_enquiry
TCK003396,hi team money missing from my account thanks,web,billing
TCK003397,can I change my monthly instalment date to the 6th regards,email,loan_servicing
TCK003398,good morning the one time passcode never arrives on my phone thanks,app,account_access
TCK003399,dear team please explain the interest charge on my last statement!,app,billing
TCK003400,good morning I was billed £283.42 after I already cancelled the service!!,app,billing
TCK003401,"dear team payment issue on my account, need this sorted today!",email,loan_servicing
TCK003402,hi team I was billed £712.50 after I already cancelled the service!,phone_transcript,billing
TCK003403,"dear team my card is not working, what do I do please help",web,general_enquiry
TCK003404,what documents do I need to update my address please help,email,billing
TCK003405,GOOD MORNING IS THERE A FEE FOR WITHDRAWING CASH ABROAD!!,email,billing
TCK003406,hi team the annual fee of £191.57 was applied twice to my statement,email,billing
TCK003407,HI SOMETHING IS WRONG WITH MY STATEMENT REGARDS,app,account_access
TCK003408,"hi team unauthorised payment of £308.36 showing on statement, card was in my wallet regards",app,fraud_dispute
TCK003409,dear team do you offer joint accounts for students please help,web,general_enquiry
TCK003410,"dear team please review my account, the numbers look wrong thanks",phone_transcript,fraud_dispute
TCK003411,HELLO I DID NOT AUTHORISE THE £267.43 CHARGE FROM TESCO EXPRESS ON MY CARD THANKS,phone_transcript,fraud_dispute
TCK003412,good morning the one time passcode never arrives on my phone,app,account_access
TCK003413,HI TEAM WHAT ARE YOUR BRANCH OPENING HOURS ON A SATURDAY!!,phone_transcript,general_enquiry
TCK003414,"dear team issue with my payment, second time asking",web,general_enquiry
TCK003415,HELLO DO YOU OFFER JOINT ACCOUNTS FOR STUDENTS.,web,general_enquiry
TCK003416,GOOD MORNING THERE IS A PROBLEM WITH MY ACCOUNT PLEASE CALL ME.,phone_transcript,account_access
TCK003417,hi I have been waiting 7 weeks for a response and this is unacceptable please help,web,complaint
TCK003418,hi the branch staff were rude and refused to escalate my case!!,app,complaint
TCK003419,biometric login stopped working after the latest update!!,email,account_access
TCK003420,dear team how do I order a replacement card for a lost one many thanks,app,general_enquiry
TCK003421,hi team what are your branch opening hours on a saturday.,web,general_enquiry
TCK003422,HI WHAT IS THE EARLY SETTLEMENT FIGURE FOR MY LOAN ACCOUNT REGARDS,app,loan_servicing
TCK003423,hello money missing from my account many thanks,email,fraud_dispute
TCK003424,"LOCKED OUT AFTER THREE ATTEMPTS, NEED MY PASSWORD RESET PLEASE HELP",web,account_access
TCK003425,why was I charged £463.36 this month when my plan is fixed,email,billing
TCK003426,"hello duplicate direct debit taken, need a refund of £495.71!!",email,loan_servicing
TCK003427,"good morning unauthorised payment of £444.52 showing on statement, card was in my wallet!",phone_transcript,fraud_dispute
TCK003428,HELLO SOMETHING IS WRONG WITH MY STATEMENT THANKS,app,complaint
TCK003429,"HELLO DUPLICATE DIRECT DEBIT TAKEN, NEED A REFUND OF £264.29 PLEASE HELP",app,billing
TCK003430,biometric login stopped working after the latest update.,web,account_access
TCK003431,"hi team payment issue on my account, need this sorted today thanks",app,account_access
TCK003432,"DEAR TEAM MY DIRECT DEBIT FOR THE LOAN FAILED, HOW DO I CATCH UP",app,loan_servicing
TCK003433,hello need help with a charge on my account thanks,email,account_access
TCK003434,"hello duplicate direct debit taken, need a refund of £718.24!",web,billing
TCK003435,dear team what are your branch opening hours on a saturday regards,phone_transcript,general_enquiry
TCK003436,"hi locked out after three attempts, need my password reset!!",email,account_access
TCK003437,hello what are your branch opening hours on a saturday regards,app,general_enquiry
TCK003438,what documents do I need to update my address thanks,email,general_enquiry
TCK003439,hello I want to make a formal complaint about the handling of my case thanks,app,complaint
TCK003440,hi team how do I order a replacement card for a lost one!,app,general_enquiry
TCK003441,good morning what documents do I need to update my address!!,web,general_enquiry
TCK003442,"HELLO CANNOT LOG IN TO THE APP, IT SAYS MY CREDENTIALS ARE INVALID!",web,account_access
TCK003443,"dear team locked out after three attempts, need my password reset",app,billing
TCK003444,"hi team duplicate direct debit taken, need a refund of £496.52.",app,billing
TCK003445,"good morning locked out after three attempts, need my password reset please help",web,account_access
TCK003446,hi team how do I order a replacement card for a lost one many thanks,web,general_enquiry
TCK003447,do you offer joint accounts for students thanks,app,general_enquiry
TCK003448,WHAT ARE YOUR BRANCH OPENING HOURS ON A SATURDAY THANKS,app,fraud_dispute
TCK003449,"HI TEAM LOCKED OUT AFTER THREE ATTEMPTS, NEED MY PASSWORD RESET MANY THANKS",email,account_access
TCK003450,dear team I have been waiting 2 weeks for a response and this is unacceptable regards,phone_transcript,complaint
TCK003451,"good morning locked out after three attempts, need my password reset.",app,account_access
TCK003452,good morning I have been waiting 6 weeks for a response and this is unacceptable,email,complaint
TCK003453,dear team how do I order a replacement card for a lost one regards,email,general_enquiry
TCK003454,GOOD MORNING DO YOU OFFER JOINT ACCOUNTS FOR STUDENTS,web,general_enquiry
TCK003455,"HI TEAM MY ACCOUNT WAS COMPROMISED AFTER A PHISHING TEXT, £824.64 IS MISSING MANY THANKS",app,fraud_dispute
TCK003456,I WAS BILLED £109.18 AFTER I ALREADY CANCELLED THE SERVICE!!,web,billing
TCK003457,good morning need help with a charge on my account please help,web,fraud_dispute
TCK003458,hi team I want to make a formal complaint about the handling of my case,email,complaint
TCK003459,hello do you offer joint acounts for students regards,email,general_enquiry
TCK003460,hi team I did not authorise teh £637.48 charge from TESCO EXPRESS on my card regards,email,fraud_dispute
TCK003461,"hi team someone used my debit card at RYANAIR, I want a chargeback thanks",email,fraud_dispute
TCK003462,hi team there are 7 transactions I do not recognise please block the card!,web,fraud_dispute
TCK003463,HI TEAM BIOMETRIC LOGIN STOPPED WORKING AFTER THE LATEST UPDATE MANY THANKS,phone_transcript,account_access
TCK003464,"hi someone used my debit card at STEAM GAMES, I want a chargeback!",app,fraud_dispute
TCK003465,HI THE ONE TIME PASSCODE NEVER ARRIVES ON MY PHONE!!,phone_transcript,account_access
TCK003466,good morning please explain the interest charge on my last statement regards,web,billing
TCK003467,requesting a payment holiday for 7 months on my loan regards,email,loan_servicing
TCK003468,hello why was I charged £674.62 this month when my plan is fixed!,email,billing
TCK003469,HI WHAT DOCUMENTS DO I NEED TO UPDATE MY ADDRESS THANKS,phone_transcript,general_enquiry
TCK003470,dear team teh branch staff were rude and refused to escalate my case thanks,web,complaint
TCK003471,I have been waiting 4 weeks for a response and this is unacceptable many thanks,app,complaint
TCK003472,"hello payment issue on my account, need this sorted today thanks",email,billing
TCK003473,"hi team cannot log in to teh app, it says my credentials are invalid.",web,account_access
TCK003474,"dear team payment issue on my account, need this sorted today many thanks",app,billing
TCK003475,hi I did not authorise the £617.40 charge from APPLE.COM/BILL on my card thanks,phone_transcript,fraud_dispute
TCK003476,hello please explain the interest charge on my last statement thanks,app,billing
TCK003477,"hi team duplicate direct debit taken, need a refund of £894.85 thanks",email,general_enquiry
TCK003478,good morning I was billed £240.20 after I already cancelled teh service regards,email,billing
TCK003479,"good morning please review my account, teh numbers look wrong many thanks",web,general_enquiry
TCK003480,dear team requesting a payment holiday for 5 months on my loan thanks,email,loan_servicing
TCK003481,dear team what is the early settlement figure for my loan account,email,loan_servicing
TCK003482,REQUESTING A PAYMENT HOLIDAY FOR 7 MONTHS ON MY LOAN!,app,loan_servicing
TCK003483,good morning do you offer joint accounts for students regards,app,general_enquiry
TCK003484,"hello my direct debit for the loan failed, how do I catch up.",email,loan_servicing
TCK003485,good morning there are 2 transactions I do not recognise please block teh card please help,phone_transcript,fraud_dispute
TCK003486,DEAR TEAM THE AMOUNT IS NOT WHAT I EXPECTED THANKS,email,general_enquiry
TCK003487,"hi team my direct debit for teh loan failed, how do I catch up!!",phone_transcript,loan_servicing
TCK003488,do you offer joint accounts for students please help,app,general_enquiry
TCK003489,GOOD MORNING I WANT TO MAKE AN OVERPAYMENT OF £325.67 ON MY LOAN.,phone_transcript,loan_servicing
TCK003490,good morning why was I charged £561.31 this month when my plan is fixed please help,web,billing
TCK003491,"hi team locked out after three attempts, need my password reset!!",app,account_access
TCK003492,HI WHAT IS THE EARLY SETTLEMENT FIGURE FOR MY LOAN ACCOUNT THANKS,web,loan_servicing
TCK003493,hi my username is not recognised even though the account is active!,email,billing
TCK003494,good morning what is the early settlement figure for my loan account.,app,loan_servicing
TCK003495,DEAR TEAM DO YOU OFFER JOINT ACCOUNTS FOR STUDENTS!!,web,general_enquiry
TCK003496,DEAR TEAM WHAT DOCUMENTS DO I NEED TO UPDATE MY ADDRESS!,email,general_enquiry
TCK003497,dear team my username is not recognised even though the account is active many thanks,phone_transcript,account_access
TCK003498,"DEAR TEAM CANNOT LOG IN TO THE APP, IT SAYS MY CREDENTIALS ARE INVALID!",email,account_access
TCK003499,dear team why was I charged £890.28 this month when my plan is fixed!,phone_transcript,billing
TCK003500,hi can someone look at my account urgently thanks,app,account_access
TCK003501,hello please explain the interest charge on my last statement thanks,web,billing
TCK003502,good morning biometric login stopped working after the latest update regards,app,account_access
TCK003503,good morning please explain the interest charge on my last statement please help,app,billing
TCK003504,dear team do you offer joint accounts for students thanks,app,general_enquiry
TCK003505,dear team why was I charged £842.95 this month when my plan is fixed many thanks,app,billing
TCK003506,the one time passcode never arrives on my phone please help,email,account_access
TCK003507,"dear team please review my account, the numbers look wrong thanks",app,general_enquiry
TCK003508,hi team how do I order a replacement card for a lost one!!,web,general_enquiry
TCK003509,hi there are 7 transactions I do not recognise please block the card!!,web,fraud_dispute
TCK003510,"good morning cannot log in to the app, it says my credentials are invalid many thanks",email,account_access
TCK003511,there is a problem with my account please call me!!,app,billing
TCK003512,hi team how do I order a replacement card for a lost one many thanks,app,general_enquiry
TCK003513,"hello duplicate direct debit taken, need a refund of £705.86 regards",web,billing
TCK003514,HI I WAS BILLED £748.44 AFTER I ALREADY CANCELLED THE SERVICE.,email,billing
TCK003515,"hi payment issue on my acount, need this sorted today please help",app,loan_servicing
TCK003516,the annual fee of £93.33 was applied twice to my statement regards,app,billing
TCK003517,how do I order a replacement card for a lost one!,phone_transcript,general_enquiry
TCK003518,"HI TEAM CANNOT LOG IN TO THE APP, IT SAYS MY CREDENTIALS ARE INVALID.",email,account_access
TCK003519,"DEAR TEAM THIS IS THE WORST SERVICE I HAVE RECEIVED, I AM MOVING MY ACCOUNTS THANKS",app,complaint
TCK003520,"good morning please review my account, the numbers look wrong regards",app,fraud_dispute
TCK003521,hi biometric login stopped working after the latest update many thanks,email,account_access
TCK003522,"hi someone used my debit card at TESCO EXPRESS, I want a chargeback!",web,fraud_dispute
TCK003523,hi team need help with a charge on my account,email,general_enquiry
TCK003524,DEAR TEAM HOW DO I ORDER A REPLACEMENT CARD FOR A LOST ONE!,email,general_enquiry
TCK003525,MY USERNAME IS NOT RECOGNISED EVEN THOUGH THE ACCOUNT IS ACTIVE MANY THANKS,email,account_access
TCK003526,"hi team someone used my debit card at TESCO EXPRESS, I want a chargeback!",phone_transcript,fraud_dispute
TCK003527,DEAR TEAM WHY WAS I CHARGED £275.75 THIS MONTH WHEN MY PLAN IS FIXED REGARDS,web,billing
TCK003528,DEAR TEAM MY USERNAME IS NOT RECOGNISED EVEN THOUGH THE ACCOUNT IS ACTIVE!,email,account_access
TCK003529,DEAR TEAM BIOMETRIC LOGIN STOPPED WORKING AFTER THE LATEST UPDATE,email,account_access
TCK003530,good morning I want to make an overpayment of £281.03 on my loan!,email,loan_servicing
TCK003531,HELLO WHY WAS I CHARGED £215.42 THIS MONTH WHEN MY PLAN IS FIXED THANKS,app,billing
TCK003532,HI IS THERE A FEE FOR WITHDRAWING CASH ABROAD THANKS,app,general_enquiry
TCK003533,hello I was billed £554.11 after I already cancelled the service please help,app,billing
TCK003534,money missing from my account.,phone_transcript,fraud_dispute
TCK003535,good morning please explain the interest charge on my last statement!!,app,billing
TCK003536,I have been waiting 5 weeks for a response and this is unacceptable,email,complaint
TCK003537,"GOOD MORNING LOCKED OUT AFTER THREE ATTEMPTS, NEED MY PASSWORD RESET REGARDS",web,account_access
TCK003538,dear team I did not authorise the £291.77 charge from APPLE.COM/BILL on my card!,phone_transcript,fraud_dispute
TCK003539,"third time raising this issue, nobody has called me back.",app,complaint
TCK003540,hi requesting a payment holiday for 3 months on my loan thanks,email,loan_servicing
TCK003541,HI TEAM THE AMOUNT IS NOT WHAT I EXPECTED.,app,loan_servicing
TCK003542,"payment issue on my account, need this sorted today please help",app,loan_servicing
TCK003543,hi team please explain the interest charge on my last statement.,app,billing
TCK003544,can someone look at my account urgently.,email,general_enquiry
TCK003545,"hi team please review my acount, the numbers look wrong regards",web,fraud_dispute
TCK003546,"hello unauthorised payment of £377.15 showing on statement, card was in my wallet.",app,fraud_dispute
TCK003547,"dear team duplicate direct debit taken, need a refund of £22.00",email,billing
TCK003548,how do I order a replacement card for a lost one!,phone_transcript,general_enquiry
TCK003549,hi my username is not recognised even though the account is active,web,account_access
TCK003550,HELLO PLEASE EXPLAIN THE INTEREST CHARGE ON MY LAST STATEMENT MANY THANKS,app,billing
TCK003551,"DEAR TEAM THIRD TIME RAISING THIS ISSUE, NOBODY HAS CALLED ME BACK MANY THANKS",app,complaint
TCK003552,"hi my account was compromised after a phishing text, £338.39 is missing please help",app,fraud_dispute
TCK003553,"hi team unauthorised payment of £862.14 showing on statement, card was in my wallet!!",email,complaint
TCK003554,hi team I was billed £303.49 after I already cancelled teh service,app,billing
TCK003555,what are your branch opening hours on a saturday many thanks,app,general_enquiry
TCK003556,dear team requesting a payment holiday for 7 months on my loan!!,email,loan_servicing
TCK003557,good morning there is a problem with my account please call me please help,app,fraud_dispute
TCK003558,HI TEAM IS THERE A FEE FOR WITHDRAWING CASH ABROAD,app,general_enquiry
TCK003559,"dear team locked out after three attempts, need my password reset many thanks",web,account_access
TCK003560,"good morning please review my account, the numbers look wrong regards",web,account_access
TCK003561,DEAR TEAM PLEASE EXPLAIN THE INTEREST CHARGE ON MY LAST STATEMENT!,email,billing
TCK003562,dear team what is the early settlement figure for my loan account.,phone_transcript,loan_servicing
TCK003563,"dear team my direct debit for the loan failed, how do I catch up",email,loan_servicing
TCK003564,"hi team issue with my payment, second time asking please help",phone_transcript,loan_servicing
TCK003565,"hello cannot log in to the app, it says my credentials are invalid!!",phone_transcript,account_access
TCK003566,hi team why was I charged £377.42 this month when my plan is fixed thanks,app,billing
TCK003567,dear team my username is not recognised even though the account is active many thanks,web,account_access
TCK003568,HI TEAM DO YOU OFFER JOINT ACCOUNTS FOR STUDENTS,email,general_enquiry
TCK003569,hello my username is not recognised even though the account is active!!,app,account_access
TCK003570,hi please explain the interest charge on my last statement,email,billing
TCK003571,hi team I want to make a formal complaint about the handling of my case.,email,complaint
TCK003572,good morning I want to make an overpayment of £326.50 on my loan thanks,app,loan_servicing
TCK003573,"HI MY CARD IS NOT WORKING, WHAT DO I DO MANY THANKS",email,general_enquiry
TCK003574,I did not authorise teh £50.25 charge from APPLE.COM/BILL on my card!!,app,fraud_dispute
TCK003575,hi what is the early settlement figure for my loan account please help,web,loan_servicing
TCK003576,biometric login stopped working after the latest update regards,app,account_access
TCK003577,hi team I was billed £269.77 after I already cancelled the service!!,app,billing
TCK003578,hi team requesting a payment holiday for 7 months on my loan!,email,loan_servicing
TCK003579,"HI TEAM DUPLICATE DIRECT DEBIT TAKEN, NEED A REFUND OF £582.18!!",email,billing
TCK003580,good morning biometric login stopped working after the latest update many thanks,email,account_access
TCK003581,dear team need help with a charge on my account thanks,email,general_enquiry
TCK003582,good morning the annual fee of £425.70 was applied twice to my statement!,email,billing
TCK003583,HI TEAM THE BRANCH STAFF WERE RUDE AND REFUSED TO ESCALATE MY CASE PLEASE HELP,app,billing
TCK003584,money missing from my account thanks,email,billing
TCK003585,good morning teh annual fee of £758.58 was applied twice to my statement thanks,app,billing
TCK003586,"good morning my direct debit for the loan failed, how do I catch up regards",email,loan_servicing
TCK003587,hi how do I order a replacement card for a lost one thanks,app,general_enquiry
TCK003588,hi what are your branch opening hours on a saturday regards,web,general_enquiry
TCK003589,"hi team please review my account, the numbers look wrong many thanks",app,complaint
TCK003590,hi can someone look at my account urgently many thanks,phone_transcript,general_enquiry
TCK003591,there are 8 transactions I do not recognise please block the card thanks,phone_transcript,fraud_dispute
TCK003592,THERE ARE 6 TRANSACTIONS I DO NOT RECOGNISE PLEASE BLOCK THE CARD!!,phone_transcript,fraud_dispute
TCK003593,good morning biometric login stopped working after the latest update.,app,account_access
TCK003594,hi team do you offer joint accounts for students please help,phone_transcript,general_enquiry
TCK003595,HI I WAS BILLED £675.34 AFTER I ALREADY CANCELLED THE SERVICE MANY THANKS,email,billing
TCK003596,can I change my monthly instalment date to the 6th many thanks,web,loan_servicing
TCK003597,IS THERE A FEE FOR WITHDRAWING CASH ABROAD.,app,general_enquiry
TCK003598,hello the one time passcode never arrives on my phone.,app,account_access
TCK003599,"dear team my direct debit for the loan failed, how do I catch up please help",web,loan_servicing
TCK003600,dear team please explain the interest charge on my last statement!,phone_transcript,billing
TCK003601,hello teh annual fee of £458.02 was applied twice to my statement!!,web,billing
TCK003602,hi team what documents do I need to update my address please help,phone_transcript,general_enquiry
TCK003603,hello is there a fee for withdrawing cash abroad.,app,general_enquiry
TCK003604,what documents do I need to update my address thanks,email,general_enquiry
TCK003605,"hello someone used my debit card at RYANAIR, I want a chargeback!!",app,fraud_dispute
TCK003606,"good morning third time raising this issue, nobody has called me back.",email,complaint
TCK003607,what is teh early settlement figure for my loan account regards,email,loan_servicing
TCK003608,"please review my account, teh numbers look wrong please help",email,general_enquiry
TCK003609,I want to make a formal complaint about the handling of my case!,phone_transcript,complaint
TCK003610,hi please explain the interest charge on my last statement,email,billing
TCK003611,hello I did not authorise the £883.07 charge from STEAM GAMES on my card many thanks,app,fraud_dispute
TCK003612,HI CAN I CHANGE MY MONTHLY INSTALMENT DATE TO THE 8TH!!,email,loan_servicing
TCK003613,"payment issue on my account, need this sorted today.",email,loan_servicing
TCK003614,"dear team third time raising this issue, nobody has called me back!",email,complaint
TCK003615,HELLO WHAT ARE YOUR BRANCH OPENING HOURS ON A SATURDAY MANY THANKS,email,general_enquiry
TCK003616,hi requesting a payment holiday for 7 months on my loan!!,app,loan_servicing
TCK003617,CAN I CHANGE MY MONTHLY INSTALMENT DATE TO THE 8TH PLEASE HELP,web,loan_servicing
TCK003618,hi how do I order a replacement card for a lost one.,app,general_enquiry
TCK003619,WHY WAS I CHARGED £294.16 THIS MONTH WHEN MY PLAN IS FIXED THANKS,web,billing
TCK003620,"good morning issue with my payment, second time asking please help",app,account_access
TCK003621,good morning I want to make an overpayment of £827.23 on my loan!,app,loan_servicing
TCK003622,BIOMETRIC LOGIN STOPPED WORKING AFTER THE LATEST UPDATE!!,email,account_access
TCK003623,hello the annual fee of £184.23 was applied twice to my statement thanks,email,billing
TCK003624,hi team I was billed £228.63 after I already cancelled teh service please help,email,billing
TCK003625,hi biometric login stopped working after the latest update thanks,app,account_access
TCK003626,"dear team locked out after three attempts, need my password reset!!",app,account_access
TCK003627,"hello unauthorised payment of £636.06 showing on statement, card was in my wallet thanks",email,fraud_dispute
TCK003628,hi team why was I charged £390.96 this month when my plan is fixed regards,phone_transcript,billing
TCK003629,hi is there a fee for withdrawing cash abroad,email,general_enquiry
TCK003630,dear team do you offer joint accounts for students thanks,email,general_enquiry
TCK003631,"dear team unauthorised payment of £36.29 showing on statement, card was in my wallet regards",app,fraud_dispute
TCK003632,HI TEAM THE BRANCH STAFF WERE RUDE AND REFUSED TO ESCALATE MY CASE.,app,loan_servicing
TCK003633,GOOD MORNING HOW DO I ORDER A REPLACEMENT CARD FOR A LOST ONE,app,general_enquiry
TCK003634,dear team how do I order a replacement card for a lost one!,web,general_enquiry
TCK003635,what is the early settlement figure for my loan account!,web,loan_servicing
TCK003636,"hi team cannot log in to the app, it says my credentials are invalid",app,account_access
TCK003637,good morning there is a problem with my account please call me please help,email,general_enquiry
TCK003638,hi is there a fee for withdrawing cash abroad regards,app,account_access
TCK003639,"hi team my account was compromised after a phishing text, £86.32 is missing.",email,fraud_dispute
TCK003640,HI WHAT DOCUMENTS DO I NEED TO UPDATE MY ADDRESS!,web,general_enquiry
TCK003641,HI SOMETHING IS WRONG WITH MY STATEMENT.,email,loan_servicing
TCK003642,good morning my username is not recognised even though the account is active.,email,account_access
TCK003643,what documents do I need to update my address thanks,email,general_enquiry
TCK003644,good morning I want to make a formal complaint about the handling of my case thanks,web,complaint
TCK003645,"hello someone used my debit card at STEAM GAMES, I want a chargeback",app,fraud_dispute
TCK003646,"hello my direct debit for the loan failed, how do I catch up regards",email,loan_servicing
TCK003647,"dear team my direct debit for the loan failed, how do I catch up",email,loan_servicing
TCK003648,dear team I was billed £783.77 after I already cancelled the service,email,billing
TCK003649,"dear team payment issue on my acount, need this sorted today!",app,general_enquiry
TCK003650,I did not authorise the £544.77 charge from UBER TRIP on my card!,app,fraud_dispute
TCK003651,"HI TEAM THIS IS THE WORST SERVICE I HAVE RECEIVED, I AM MOVING MY ACCOUNTS",email,complaint
TCK003652,"GOOD MORNING DUPLICATE DIRECT DEBIT TAKEN, NEED A REFUND OF £615.12.",email,loan_servicing
TCK003653,hello my username is not recognised even though the account is active please help,web,account_access
TCK003654,"good morning third time raising this issue, nobody has called me back.",app,complaint
TCK003655,"GOOD MORNING ISSUE WITH MY PAYMENT, SECOND TIME ASKING",phone_transcript,general_enquiry
TCK003656,"good morning duplicate direct debit taken, need a refund of £633.75!!",web,billing
TCK003657,HI TEAM WHAT ARE YOUR BRANCH OPENING HOURS ON A SATURDAY THANKS,web,general_enquiry
TCK003658,hi team teh annual fee of £895.46 was applied twice to my statement!!,web,billing
TCK003659,DEAR TEAM IS THERE A FEE FOR WITHDRAWING CASH ABROAD!!,web,general_enquiry
TCK003660,"hi team my account was compromised after a phishing text, £279.54 is missing regards",email,fraud_dispute
TCK003661,hello biometric login stopped working after the latest update please help,web,account_access
TCK003662,I was billed £678.47 after I already cancelled the service regards,app,billing
TCK003663,HELLO WHY WAS I CHARGED £495.39 THIS MONTH WHEN MY PLAN IS FIXED!,app,billing
TCK003664,good morning I did not authorise teh £818.68 charge from APPLE.COM/BILL on my card!!,app,fraud_dispute
TCK003665,"dear team my account was compromised after a phishing text, £863.82 is missing thanks",app,fraud_dispute
TCK003666,hi team money missing from my account,app,loan_servicing
TCK003667,DEAR TEAM WHY WAS I CHARGED £793.12 THIS MONTH WHEN MY PLAN IS FIXED PLEASE HELP,web,billing
TCK003668,hello why was I charged £52.37 this month when my plan is fixed please help,email,billing
TCK003669,good morning is there a fee for withdrawing cash abroad thanks,email,general_enquiry
TCK003670,"HI TEAM ISSUE WITH MY PAYMENT, SECOND TIME ASKING!!",phone_transcript,loan_servicing
TCK003671,hi I want to make a formal complaint about the handling of my case thanks,email,complaint
TCK003672,dear team my username is not recognised even though the account is active thanks,app,account_access
TCK003673,the annual fee of £778.16 was applied twice to my statement.,app,billing
TCK003674,why was I charged £200.06 this month when my plan is fixed!!,email,billing
TCK003675,hi team teh annual fee of £285.13 was applied twice to my statement!,app,billing
TCK003676,hi team requesting a payment holiday for 3 months on my loan!,web,loan_servicing
TCK003677,hi how do I order a replacement card for a lost one thanks,app,general_enquiry
TCK003678,GOOD MORNING REQUESTING A PAYMENT HOLIDAY FOR 2 MONTHS ON MY LOAN MANY THANKS,app,loan_servicing
TCK003679,dear team can someone look at my account urgently please help,web,billing
TCK003680,dear team the one time passcode never arrives on my phone regards,email,account_access
TCK003681,hi team can I change my monthly instalment date to the 3th!,email,loan_servicing
TCK003682,"hi team payment issue on my acount, need this sorted today!!",app,complaint
TCK003683,hi team money missing from my account regards,app,fraud_dispute
TCK003684,HELLO CAN I CHANGE MY MONTHLY INSTALMENT DATE TO THE 2TH!,app,loan_servicing
TCK003685,dear team is there a fee for withdrawing cash abroad!!,web,general_enquiry
TCK003686,dear team teh annual fee of £615.06 was applied twice to my statement,web,billing
TCK003687,GOOD MORNING WHY WAS I CHARGED £406.31 THIS MONTH WHEN MY PLAN IS FIXED,email,billing
TCK003688,HELLO THE ANNUAL FEE OF £116.56 WAS APPLIED TWICE TO MY STATEMENT,app,billing
TCK003689,hello the annual fee of £170.27 was applied twice to my statement,email,billing
TCK003690,"dear team duplicate direct debit taken, need a refund of £283.60 please help",app,billing
TCK003691,what is the early settlement figure for my loan account,app,loan_servicing
TCK003692,hi team my username is not recognised even though the account is active,phone_transcript,account_access
TCK003693,hi team requesting a payment holiday for 3 months on my loan,email,loan_servicing
TCK003694,HELLO WHY WAS I CHARGED £236.45 THIS MONTH WHEN MY PLAN IS FIXED!!,app,billing
TCK003695,"DEAR TEAM DUPLICATE DIRECT DEBIT TAKEN, NEED A REFUND OF £592.79 PLEASE HELP",web,billing
TCK003696,hi the annual fee of £898.10 was applied twice to my statement,app,billing
TCK003697,hi team the one time passcode never arrives on my phone!!,email,account_access
TCK003698,THERE IS A PROBLEM WITH MY ACCOUNT PLEASE CALL ME MANY THANKS,email,billing
TCK003699,hello requesting a payment holiday for 2 months on my loan thanks,app,loan_servicing
TCK003700,hi team my username is not recognised even though the account is active many thanks,app,account_access
TCK003701,"hi team duplicate direct debit taken, need a refund of £744.43.",email,complaint
TCK003702,biometric login stopped working after the latest update please help,email,account_access
TCK003703,hi team do you offer joint accounts for students many thanks,app,general_enquiry
TCK003704,dear team the annual fee of £778.08 was applied twice to my statement!!,email,billing
TCK003705,HI TEAM WHAT ARE YOUR BRANCH OPENING HOURS ON A SATURDAY,email,general_enquiry
TCK003706,why was I charged £535.43 this month when my plan is fixed please help,app,billing
TCK003707,"locked out after three attempts, need my password reset",app,account_access
TCK003708,good morning please explain the interest charge on my last statement thanks,app,billing
TCK003709,good morning is there a fee for withdrawing cash abroad thanks,app,general_enquiry
TCK003710,hi how do I order a replacement card for a lost one,email,general_enquiry
TCK003711,dear team I was billed £864.23 after I already cancelled the service thanks,web,fraud_dispute
TCK003712,why was I charged £525.40 this month when my plan is fixed!,app,billing
TCK003713,HI I WANT TO MAKE A FORMAL COMPLAINT ABOUT THE HANDLING OF MY CASE!,phone_transcript,complaint
TCK003714,"hi duplicate direct debit taken, need a refund of £322.65 regards",email,billing
TCK003715,good morning I want to make an overpayment of £748.45 on my loan regards,web,loan_servicing
TCK003716,good morning requesting a payment holiday for 8 months on my loan,phone_transcript,loan_servicing
TCK003717,hello can someone look at my acount urgently thanks,app,account_access
TCK003718,"hello this is teh worst service I have received, I am moving my accounts!",app,complaint
TCK003719,DEAR TEAM MY USERNAME IS NOT RECOGNISED EVEN THOUGH THE ACCOUNT IS ACTIVE PLEASE HELP,app,account_access
TCK003720,hello biometric login stopped working after the latest update thanks,phone_transcript,account_access
TCK003721,"HI TEAM LOCKED OUT AFTER THREE ATTEMPTS, NEED MY PASSWORD RESET REGARDS",app,account_access
TCK003722,I was billed £857.20 after I already cancelled teh service!!,app,billing
TCK003723,"hi please review my account, the numbers look wrong!!",app,account_access
TCK003724,"my card is not working, what do I do!",web,loan_servicing
TCK003725,hello there are 5 transactions I do not recognise please block teh card!!,email,fraud_dispute
TCK003726,hi team what documents do I need to update my address thanks,web,general_enquiry
TCK003727,hi team need help with a charge on my account please help,app,billing
TCK003728,"hello this is the worst service I have received, I am moving my accounts!!",phone_transcript,complaint
TCK003729,"my direct debit for the loan failed, how do I catch up!!",email,loan_servicing
TCK003730,I HAVE BEEN WAITING 2 WEEKS FOR A RESPONSE AND THIS IS UNACCEPTABLE,app,complaint
TCK003731,"hi team locked out after three attempts, need my password reset",email,account_access
TCK003732,there are 2 transactions I do not recognise please block the card please help,email,fraud_dispute
TCK003733,hello something is wrong with my statement thanks,email,account_access
TCK003734,HI TEAM THE ONE TIME PASSCODE NEVER ARRIVES ON MY PHONE!,app,general_enquiry
TCK003735,how do I order a replacement card for a lost one thanks,email,general_enquiry
TCK003736,"hi team locked out after three attempts, need my password reset many thanks",app,account_access
TCK003737,dear team there is a problem with my account please call me,email,general_enquiry
TCK003738,hi team requesting a payment holiday for 7 months on my loan!,phone_transcript,loan_servicing
TCK003739,requesting a payment holiday for 7 months on my loan!!,email,loan_servicing
TCK003740,"hello third time raising this issue, nobody has called me back!",email,complaint
TCK003741,need help with a charge on my account.,app,general_enquiry
TCK003742,"hi team unauthorised payment of £210.11 showing on statement, card was in my wallet regards",email,fraud_dispute
TCK003743,"issue with my payment, second time asking",phone_transcript,loan_servicing
TCK003744,HELLO THERE ARE 4 TRANSACTIONS I DO NOT RECOGNISE PLEASE BLOCK THE CARD THANKS,email,fraud_dispute
TCK003745,good morning need help with a charge on my account,web,loan_servicing
TCK003746,hi the annual fee of £212.77 was applied twice to my statement!,email,billing
TCK003747,HELLO THE ONE TIME PASSCODE NEVER ARRIVES ON MY PHONE REGARDS,app,account_access
TCK003748,hi team why was I charged £260.23 this month when my plan is fixed!!,app,billing
TCK003749,dear team can someone look at my account urgently!,web,general_enquiry
TCK003750,DEAR TEAM MONEY MISSING FROM MY ACCOUNT THANKS,email,fraud_dispute
TCK003751,hi team what documents do I need to update my address regards,app,general_enquiry
TCK003752,"hello locked out after three attempts, need my password reset!",web,account_access
TCK003753,GOOD MORNING WHY WAS I CHARGED £39.69 THIS MONTH WHEN MY PLAN IS FIXED.,web,fraud_dispute
TCK003754,HI WHAT DOCUMENTS DO I NEED TO UPDATE MY ADDRESS,email,general_enquiry
TCK003755,good morning I want to make an overpayment of £94.43 on my loan many thanks,web,loan_servicing
TCK003756,"issue with my payment, second time asking please help",app,account_access
TCK003757,what documents do I need to update my address!!,email,general_enquiry
TCK003758,DEAR TEAM THE ONE TIME PASSCODE NEVER ARRIVES ON MY PHONE,web,account_access
TCK003759,GOOD MORNING I WAS BILLED £120.29 AFTER I ALREADY CANCELLED THE SERVICE!,app,billing
TCK003760,my username is not recognised even though the account is active!!,phone_transcript,account_access
TCK003761,"DEAR TEAM SOMEONE USED MY DEBIT CARD AT STEAM GAMES, I WANT A CHARGEBACK REGARDS",app,fraud_dispute
TCK003762,hello please explain the interest charge on my last statement.,app,billing
TCK003763,"hi team locked out after three attempts, need my password reset!!",phone_transcript,account_access
TCK003764,hello my username is not recognised even though teh account is active thanks,email,account_access
TCK003765,HELLO MONEY MISSING FROM MY ACCOUNT REGARDS,email,billing
TCK003766,HELLO THERE IS A PROBLEM WITH MY ACCOUNT PLEASE CALL ME!!,app,account_access
TCK003767,dear team money missing from my account regards,app,billing
TCK003768,what documents do I need to update my address regards,phone_transcript,general_enquiry
TCK003769,"hi payment issue on my account, need this sorted today.",phone_transcript,loan_servicing
TCK003770,"GOOD MORNING MY ACCOUNT WAS COMPROMISED AFTER A PHISHING TEXT, £704.37 IS MISSING REGARDS",email,fraud_dispute
TCK003771,hello can I change my monthly instalment date to the 7th please help,app,loan_servicing
TCK003772,GOOD MORNING I WANT TO MAKE AN OVERPAYMENT OF £675.01 ON MY LOAN PLEASE HELP,app,billing
TCK003773,hi what documents do I need to update my address,app,general_enquiry
TCK003774,hi team why was I charged £494.13 this month when my plan is fixed!!,web,billing
TCK003775,"hi team please review my account, the numbers look wrong please help",app,billing
TCK003776,"DEAR TEAM MY ACCOUNT WAS COMPROMISED AFTER A PHISHING TEXT, £175.06 IS MISSING MANY THANKS",app,fraud_dispute
TCK003777,HI TEAM WHY WAS I CHARGED £860.13 THIS MONTH WHEN MY PLAN IS FIXED!,email,billing
TCK003778,good morning do you offer joint acounts for students regards,email,general_enquiry
TCK003779,HI TEAM WHAT IS THE EARLY SETTLEMENT FIGURE FOR MY LOAN ACCOUNT!!,phone_transcript,loan_servicing
TCK003780,GOOD MORNING WHAT IS THE EARLY SETTLEMENT FIGURE FOR MY LOAN ACCOUNT!!,app,loan_servicing
TCK003781,"locked out after three attempts, need my password reset many thanks",phone_transcript,account_access
TCK003782,dear team my username is not recognised even though the account is active,email,complaint
TCK003783,"hello third time raising this issue, nobody has called me back!!",app,complaint
TCK003784,"hi cannot log in to the app, it says my credentials are invalid!",app,account_access
TCK003785,"hi my card is not working, what do I do!",app,billing
TCK003786,"hello someone used my debit card at AMZN MKTPLACE, I want a chargeback",phone_transcript,fraud_dispute
TCK003787,"MY DIRECT DEBIT FOR THE LOAN FAILED, HOW DO I CATCH UP!",email,loan_servicing
TCK003788,PLEASE EXPLAIN THE INTEREST CHARGE ON MY LAST STATEMENT MANY THANKS,app,billing
TCK003789,"dear team my direct debit for the loan failed, how do I catch up many thanks",app,loan_servicing
TCK003790,"hi team someone used my debit card at APPLE.COM/BILL, I want a chargeback!!",email,fraud_dispute
TCK003791,the one time passcode never arrives on my phone many thanks,app,account_access
TCK003792,DEAR TEAM THE ONE TIME PASSCODE NEVER ARRIVES ON MY PHONE PLEASE HELP,email,account_access
TCK003793,"GOOD MORNING CANNOT LOG IN TO THE APP, IT SAYS MY CREDENTIALS ARE INVALID",app,account_access
TCK003794,there are 6 transactions I do not recognise please block teh card please help,app,fraud_dispute
TCK003795,DEAR TEAM WHY WAS I CHARGED £265.98 THIS MONTH WHEN MY PLAN IS FIXED!,app,billing
TCK003796,hi what is teh early settlement figure for my loan account,web,loan_servicing
TCK003797,hi team what are your branch opening hours on a saturday please help,phone_transcript,general_enquiry
TCK003798,"this is the worst service I have received, I am moving my accounts.",email,complaint
TCK003799,dear team I was billed £818.77 after I already cancelled the service,app,billing
TCK003800,"hi payment issue on my account, need this sorted today",app,account_access
TCK003801,BIOMETRIC LOGIN STOPPED WORKING AFTER THE LATEST UPDATE,app,account_access
TCK003802,DEAR TEAM THE AMOUNT IS NOT WHAT I EXPECTED MANY THANKS,web,billing
TCK003803,"GOOD MORNING MY ACCOUNT WAS COMPROMISED AFTER A PHISHING TEXT, £852.80 IS MISSING THANKS",email,fraud_dispute
TCK003804,hello what documents do I need to update my address!!,app,general_enquiry
TCK003805,good morning I did not authorise the £713.88 charge from AMZN MKTPLACE on my card!!,app,fraud_dispute
TCK003806,"DEAR TEAM DUPLICATE DIRECT DEBIT TAKEN, NEED A REFUND OF £891.19 MANY THANKS",web,billing
TCK003807,GOOD MORNING PLEASE EXPLAIN THE INTEREST CHARGE ON MY LAST STATEMENT MANY THANKS,app,billing
TCK003808,hello teh annual fee of £98.21 was applied twice to my statement thanks,app,billing
TCK003809,"HI UNAUTHORISED PAYMENT OF £503.14 SHOWING ON STATEMENT, CARD WAS IN MY WALLET REGARDS",web,fraud_dispute
TCK003810,dear team please explain the interest charge on my last statement!,web,billing
TCK003811,is there a fee for withdrawing cash abroad!,app,general_enquiry
TCK003812,hi team I have been waiting 3 weeks for a response and this is unacceptable many thanks,phone_transcript,complaint
TCK003813,good morning I have been waiting 8 weeks for a response and this is unacceptable regards,email,complaint
TCK003814,hello the annual fee of £801.82 was applied twice to my statement.,app,billing
TCK003815,hi what are your branch opening hours on a saturday please help,email,general_enquiry
TCK003816,"hi locked out after three attempts, need my password reset!",web,account_access
TCK003817,HI TEAM MY USERNAME IS NOT RECOGNISED EVEN THOUGH THE ACCOUNT IS ACTIVE PLEASE HELP,app,account_access
TCK003818,hello what is the early settlement figure for my loan account.,app,loan_servicing
TCK003819,I DID NOT AUTHORISE THE £243.10 CHARGE FROM AMZN MKTPLACE ON MY CARD MANY THANKS,app,fraud_dispute
TCK003820,hello the amount is not what I expected,email,billing
TCK003821,hi team need help with a charge on my account please help,email,general_enquiry
TCK003822,HI HOW DO I ORDER A REPLACEMENT CARD FOR A LOST ONE,app,general_enquiry
TCK003823,hi I was billed £150.58 after I already cancelled teh service many thanks,app,billing
TCK003824,HI TEAM MONEY MISSING FROM MY ACCOUNT REGARDS,email,billing
TCK003825,hi do you offer joint accounts for students.,web,general_enquiry
TCK003826,"good morning duplicate direct debit taken, need a refund of £86.13.",app,billing
TCK003827,"good morning this is the worst service I have received, I am moving my accounts!",app,complaint
TCK003828,do you offer joint accounts for students regards,email,general_enquiry
TCK003829,dear team what is the early settlement figure for my loan account!,app,loan_servicing
TCK003830,hello please explain the interest charge on my last statement please help,web,billing
TCK003831,DEAR TEAM WHAT DOCUMENTS DO I NEED TO UPDATE MY ADDRESS,app,general_enquiry
TCK003832,DEAR TEAM WHAT IS THE EARLY SETTLEMENT FIGURE FOR MY LOAN ACCOUNT!!,phone_transcript,loan_servicing
TCK003833,hi do you offer joint accounts for students many thanks,web,general_enquiry
TCK003834,hi team what documents do I need to update my address,app,general_enquiry
TCK003835,THERE IS A PROBLEM WITH MY ACCOUNT PLEASE CALL ME REGARDS,web,complaint
TCK003836,hi team do you offer joint accounts for students many thanks,email,general_enquiry
TCK003837,"hi team my direct debit for the loan failed, how do I catch up many thanks",app,loan_servicing
TCK003838,"HI TEAM THIRD TIME RAISING THIS ISSUE, NOBODY HAS CALLED ME BACK MANY THANKS",app,complaint
TCK003839,good morning there are 4 transactions I do not recognise please block the card please help,app,fraud_dispute
TCK003840,the annual fee of £688.54 was applied twice to my statement thanks,web,billing
TCK003841,HI TEAM WHAT DOCUMENTS DO I NEED TO UPDATE MY ADDRESS!,email,account_access
TCK003842,DEAR TEAM I HAVE BEEN WAITING 2 WEEKS FOR A RESPONSE AND THIS IS UNACCEPTABLE!,app,complaint
TCK003843,HELLO THE ANNUAL FEE OF £577.00 WAS APPLIED TWICE TO MY STATEMENT MANY THANKS,web,billing
TCK003844,"good morning my card is not working, what do I do!!",email,general_enquiry
TCK003845,is there a fee for withdrawing cash abroad regards,app,general_enquiry
TCK003846,good morning do you offer joint acounts for students.,web,general_enquiry
TCK003847,hi team what are your branch opening hours on a saturday!!,web,general_enquiry
TCK003848,"dear team this is the worst service I have received, I am moving my accounts",app,complaint
TCK003849,hello how do I order a replacement card for a lost one please help,app,general_enquiry
TCK003850,hello what is teh early settlement figure for my loan account many thanks,phone_transcript,loan_servicing
TCK003851,good morning the annual fee of £63.55 was applied twice to my statement.,app,billing
TCK003852,dear team teh one time passcode never arrives on my phone,app,account_access
TCK003853,"locked out after three attempts, need my password reset please help",app,account_access
TCK003854,"good morning my account was compromised after a phishing text, £5.27 is missing",web,fraud_dispute
TCK003855,"unauthorised payment of £807.68 showing on statement, card was in my wallet!",web,fraud_dispute
TCK003856,what documents do I need to update my address,app,general_enquiry
TCK003857,HELLO PLEASE EXPLAIN THE INTEREST CHARGE ON MY LAST STATEMENT!,app,billing
TCK003858,"hello duplicate direct debit taken, need a refund of £346.36 regards",email,billing
TCK003859,hello the one time passcode never arrives on my phone please help,app,account_access
TCK003860,hello I was billed £155.16 after I already cancelled the service!!,web,billing
TCK003861,HI TEAM THE ONE TIME PASSCODE NEVER ARRIVES ON MY PHONE,phone_transcript,account_access
TCK003862,"dear team my direct debit for the loan failed, how do I catch up regards",web,loan_servicing
TCK003863,"DEAR TEAM THIRD TIME RAISING THIS ISSUE, NOBODY HAS CALLED ME BACK",email,complaint
TCK003864,HI CAN SOMEONE LOOK AT MY ACCOUNT URGENTLY!!,app,billing
TCK003865,requesting a payment holiday for 2 months on my loan!!,app,loan_servicing
TCK003866,NEED HELP WITH A CHARGE ON MY ACCOUNT REGARDS,email,complaint
TCK003867,GOOD MORNING I WAS BILLED £340.05 AFTER I ALREADY CANCELLED THE SERVICE REGARDS,email,billing
TCK003868,good morning biometric login stopped working after the latest update thanks,email,account_access
TCK003869,HI TEAM THE ANNUAL FEE OF £94.86 WAS APPLIED TWICE TO MY STATEMENT MANY THANKS,web,general_enquiry
TCK003870,"hi team this is the worst service I have received, I am moving my accounts.",phone_transcript,complaint
TCK003871,hi team there are 4 transactions I do not recognise please block the card many thanks,email,fraud_dispute
TCK003872,"HI DUPLICATE DIRECT DEBIT TAKEN, NEED A REFUND OF £61.28!",phone_transcript,billing
TCK003873,PLEASE EXPLAIN THE INTEREST CHARGE ON MY LAST STATEMENT.,email,billing
TCK003874,dear team how do I order a replacement card for a lost one,phone_transcript,general_enquiry
TCK003875,"hi please review my account, the numbers look wrong please help",app,account_access
TCK003876,hello the branch staff were rude and refused to escalate my case regards,email,complaint
TCK003877,"hi unauthorised payment of £273.75 showing on statement, card was in my wallet thanks",phone_transcript,fraud_dispute
TCK003878,can I change my monthly instalment date to the 2th many thanks,web,loan_servicing
TCK003879,DEAR TEAM I WAS BILLED £191.28 AFTER I ALREADY CANCELLED THE SERVICE MANY THANKS,phone_transcript,billing
TCK003880,hello biometric login stopped working after the latest update please help,app,account_access
TCK003881,I want to make a formal complaint about the handling of my case,web,complaint
TCK003882,"hi third time raising this issue, nobody has called me back.",app,complaint
TCK003883,something is wrong with my statement regards,email,fraud_dispute
TCK003884,"hello third time raising this issue, nobody has called me back",email,complaint
TCK003885,hello biometric login stopped working after the latest update please help,app,account_access
TCK003886,dear team biometric login stopped working after the latest update.,app,account_access
TCK003887,GOOD MORNING HOW DO I ORDER A REPLACEMENT CARD FOR A LOST ONE MANY THANKS,app,general_enquiry
TCK003888,DEAR TEAM THERE ARE 3 TRANSACTIONS I DO NOT RECOGNISE PLEASE BLOCK THE CARD!!,email,fraud_dispute
TCK003889,HELLO I WAS BILLED £242.80 AFTER I ALREADY CANCELLED THE SERVICE.,app,billing
TCK003890,hi team there is a problem with my account please call me.,email,complaint
TCK003891,hi why was I charged £875.26 this month when my plan is fixed!,app,billing
TCK003892,"HI MY CARD IS NOT WORKING, WHAT DO I DO REGARDS",web,loan_servicing
TCK003893,THERE ARE 6 TRANSACTIONS I DO NOT RECOGNISE PLEASE BLOCK THE CARD THANKS,app,fraud_dispute
TCK003894,hello please explain the interest charge on my last statement thanks,app,billing
TCK003895,GOOD MORNING HOW DO I ORDER A REPLACEMENT CARD FOR A LOST ONE.,app,general_enquiry
TCK003896,"LOCKED OUT AFTER THREE ATTEMPTS, NEED MY PASSWORD RESET!!",phone_transcript,account_access
TCK003897,hi I want to make a formal complaint about the handling of my case regards,app,complaint
TCK003898,GOOD MORNING MY USERNAME IS NOT RECOGNISED EVEN THOUGH THE ACCOUNT IS ACTIVE PLEASE HELP,web,account_access
TCK003899,"unauthorised payment of £821.07 showing on statement, card was in my wallet please help",email,fraud_dispute
TCK003900,"hi locked out after three attempts, need my password reset regards",email,account_access
TCK003901,hi team need help with a charge on my account!,app,loan_servicing
TCK003902,good morning requesting a payment holiday for 4 months on my loan regards,email,loan_servicing
TCK003903,"cannot log in to the app, it says my credentials are invalid!!",web,account_access
TCK003904,how do I order a replacement card for a lost one.,web,general_enquiry
TCK003905,"duplicate direct debit taken, need a refund of £333.96 regards",phone_transcript,billing
TCK003906,hello please explain the interest charge on my last statement!,email,complaint
TCK003907,GOOD MORNING HOW DO I ORDER A REPLACEMENT CARD FOR A LOST ONE.,web,general_enquiry
TCK003908,hi team I was billed £847.21 after I already cancelled the service.,web,billing
TCK003909,hi the one time passcode never arrives on my phone regards,phone_transcript,account_access
TCK003910,hello money missing from my account,app,billing
TCK003911,good morning the one time passcode never arrives on my phone thanks,email,account_access
TCK003912,hello what are your branch opening hours on a saturday.,email,general_enquiry
TCK003913,"dear team locked out after three attempts, need my password reset!!",app,account_access
TCK003914,hello what are your branch opening hours on a saturday regards,app,general_enquiry
TCK003915,"good morning please review my account, teh numbers look wrong regards",app,billing
TCK003916,"hi cannot log in to the app, it says my credentials are invalid!!",app,fraud_dispute
TCK003917,why was I charged £561.10 this month when my plan is fixed many thanks,web,billing
TCK003918,what documents do I need to update my address please help,email,general_enquiry
TCK003919,I WANT TO MAKE A FORMAL COMPLAINT ABOUT THE HANDLING OF MY CASE!!,email,complaint
TCK003920,SOMETHING IS WRONG WITH MY STATEMENT PLEASE HELP,phone_transcript,account_access
TCK003921,DEAR TEAM CAN I CHANGE MY MONTHLY INSTALMENT DATE TO THE 5TH REGARDS,app,loan_servicing
TCK003922,dear team why was I charged £661.90 this month when my plan is fixed many thanks,email,billing
TCK003923,"dear team third time raising this issue, nobody has called me back thanks",email,complaint
TCK003924,"hi team my acount was compromised after a phishing text, £119.39 is missing!!",email,fraud_dispute
TCK003925,hi team I want to make a formal complaint about teh handling of my case.,email,complaint
TCK003926,dear team do you offer joint accounts for students!,phone_transcript,general_enquiry
TCK003927,"dear team someone used my debit card at UBER TRIP, I want a chargeback please help",email,fraud_dispute
TCK003928,hi I want to make an overpayment of £429.97 on my loan.,email,loan_servicing
TCK003929,HI TEAM I HAVE BEEN WAITING 6 WEEKS FOR A RESPONSE AND THIS IS UNACCEPTABLE REGARDS,email,complaint
TCK003930,hi what are your branch opening hours on a saturday!,email,general_enquiry
TCK003931,dear team the amount is not what I expected please help,app,billing
TCK003932,good morning I have been waiting 3 weeks for a response and this is unacceptable!,email,complaint
TCK003933,is there a fee for withdrawing cash abroad,phone_transcript,general_enquiry
TCK003934,"cannot log in to the app, it says my credentials are invalid regards",app,account_access
TCK003935,"good morning payment issue on my account, need this sorted today!!",app,general_enquiry
TCK003936,"dear team cannot log in to the app, it says my credentials are invalid!",web,account_access
TCK003937,"hello my direct debit for teh loan failed, how do I catch up thanks",web,loan_servicing
TCK003938,hi I did not authorise the £13.68 charge from STEAM GAMES on my card.,email,fraud_dispute
TCK003939,"hi team payment issue on my account, need this sorted today!!",web,loan_servicing
TCK003940,"hi someone used my debit card at APPLE.COM/BILL, I want a chargeback thanks",email,fraud_dispute
TCK003941,GOOD MORNING MONEY MISSING FROM MY ACCOUNT MANY THANKS,app,loan_servicing
TCK003942,good morning teh annual fee of £811.47 was applied twice to my statement please help,app,billing
TCK003943,good morning how do I order a replacement card for a lost one!,app,general_enquiry
TCK003944,hi do you offer joint accounts for students please help,app,general_enquiry
TCK003945,the amount is not what I expected.,phone_transcript,account_access
TCK003946,hi the one time passcode never arrives on my phone!,email,account_access
TCK003947,THE ONE TIME PASSCODE NEVER ARRIVES ON MY PHONE REGARDS,app,account_access
TCK003948,hi team money missing from my account,app,loan_servicing
TCK003949,good morning can someone look at my account urgently.,email,billing
TCK003950,good morning I want to make a formal complaint about the handling of my case many thanks,app,complaint
TCK003951,"HI TEAM SOMEONE USED MY DEBIT CARD AT UBER TRIP, I WANT A CHARGEBACK REGARDS",app,fraud_dispute
TCK003952,"HELLO MY DIRECT DEBIT FOR THE LOAN FAILED, HOW DO I CATCH UP THANKS",app,loan_servicing
TCK003953,hi team what documents do I need to update my address!,app,general_enquiry
TCK003954,need help with a charge on my account,web,fraud_dispute
TCK003955,GOOD MORNING DO YOU OFFER JOINT ACCOUNTS FOR STUDENTS!,phone_transcript,general_enquiry
TCK003956,hi can I change my monthly instalment date to the 2th many thanks,email,loan_servicing
TCK003957,"my direct debit for the loan failed, how do I catch up regards",phone_transcript,loan_servicing
TCK003958,dear team I was billed £299.38 after I already cancelled the service many thanks,email,billing
TCK003959,"hello this is the worst service I have received, I am moving my accounts!!",app,complaint
TCK003960,dear team I want to make an overpayment of £90.41 on my loan.,email,loan_servicing
TCK003961,hi I want to make an overpayment of £222.74 on my loan please help,app,loan_servicing
TCK003962,dear team do you offer joint accounts for students.,app,general_enquiry
TCK003963,"good morning locked out after three attempts, need my password reset!",app,account_access
TCK003964,GOOD MORNING THERE ARE 2 TRANSACTIONS I DO NOT RECOGNISE PLEASE BLOCK THE CARD PLEASE HELP,email,fraud_dispute
TCK003965,what are your branch opening hours on a saturday please help,phone_transcript,general_enquiry
TCK003966,"dear team my direct debit for the loan failed, how do I catch up many thanks",app,loan_servicing
TCK003967,hello do you offer joint accounts for students regards,phone_transcript,general_enquiry
TCK003968,HI NEED HELP WITH A CHARGE ON MY ACCOUNT REGARDS,app,fraud_dispute
TCK003969,"good morning this is the worst service I have received, I am moving my accounts!!",email,complaint
TCK003970,hi team the annual fee of £556.31 was applied twice to my statement many thanks,app,billing
TCK003971,dear team the branch staff were rude and refused to escalate my case!!,web,complaint
TCK003972,dear team I want to make a formal complaint about the handling of my case please help,app,complaint
TCK003973,I did not authorise the £411.54 charge from STEAM GAMES on my card!!,phone_transcript,fraud_dispute
TCK003974,the annual fee of £812.73 was applied twice to my statement thanks,app,billing
TCK003975,good morning why was I charged £309.30 this month when my plan is fixed!,email,billing
TCK003976,teh amount is not what I expected thanks,web,billing
TCK003977,HI TEAM THE AMOUNT IS NOT WHAT I EXPECTED MANY THANKS,email,loan_servicing
TCK003978,hello the annual fee of £258.57 was applied twice to my statement thanks,app,billing
TCK003979,hi biometric login stopped working after the latest update,email,account_access
TCK003980,hello need help with a charge on my account please help,web,general_enquiry
TCK003981,"LOCKED OUT AFTER THREE ATTEMPTS, NEED MY PASSWORD RESET PLEASE HELP",app,account_access
TCK003982,hi need help with a charge on my account regards,email,billing
TCK003983,"good morning locked out after three attempts, need my password reset!!",app,account_access
TCK003984,good morning what documents do I need to update my address thanks,app,general_enquiry
TCK003985,"dear team cannot log in to the app, it says my credentials are invalid!",web,account_access
TCK003986,"cannot log in to the app, it says my credentials are invalid please help",app,account_access
TCK003987,dear team please explain the interest charge on my last statement many thanks,web,billing
TCK003988,hi team I did not authorise the £143.38 charge from TESCO EXPRESS on my card,email,fraud_dispute
TCK003989,"hi third time raising this issue, nobody has called me back thanks",email,complaint
TCK003990,"hi cannot log in to the app, it says my credentials are invalid",email,account_access
TCK003991,"HI PLEASE REVIEW MY ACCOUNT, THE NUMBERS LOOK WRONG!!",email,general_enquiry
TCK003992,"HELLO MY ACCOUNT WAS COMPROMISED AFTER A PHISHING TEXT, £132.98 IS MISSING PLEASE HELP",email,fraud_dispute
TCK003993,"dear team cannot log in to the app, it says my credentials are invalid!!",app,account_access
TCK003994,hi the amount is not what I expected,app,loan_servicing
TCK003995,"hello duplicate direct debit taken, need a refund of £504.23!",app,billing
TCK003996,"HI TEAM DUPLICATE DIRECT DEBIT TAKEN, NEED A REFUND OF £740.62!",web,billing
TCK003997,"GOOD MORNING UNAUTHORISED PAYMENT OF £548.77 SHOWING ON STATEMENT, CARD WAS IN MY WALLET",app,fraud_dispute
TCK003998,HI TEAM REQUESTING A PAYMENT HOLIDAY FOR 6 MONTHS ON MY LOAN REGARDS,email,loan_servicing
TCK003999,good morning something is wrong with my statement!,web,complaint
TCK004000,"HI TEAM MY DIRECT DEBIT FOR THE LOAN FAILED, HOW DO I CATCH UP!!",email,loan_servicing
TCK004001,"HI TEAM LOCKED OUT AFTER THREE ATTEMPTS, NEED MY PASSWORD RESET REGARDS",email,loan_servicing
TCK004002,hi I was billed £801.43 after I already cancelled the service many thanks,web,billing
TCK004003,hi team please explain the interest charge on my last statement!!,web,billing
TCK004004,HI TEAM WHY WAS I CHARGED £409.41 THIS MONTH WHEN MY PLAN IS FIXED THANKS,web,billing
TCK004005,good morning biometric login stopped working after the latest update many thanks,email,account_access
TCK004006,hi team why was I charged £15.56 this month when my plan is fixed.,web,billing
TCK004007,something is wrong with my statement regards,app,account_access
TCK004008,"hello my account was compromised after a phishing text, £470.89 is missing thanks",email,fraud_dispute
TCK004009,hi team can I change my monthly instalment date to teh 2th please help,app,loan_servicing
TCK004010,hello why was I charged £898.36 this month when my plan is fixed please help,email,billing
TCK004011,"hi payment issue on my account, need this sorted today!",email,billing
TCK004012,hi team I want to make an overpayment of £178.50 on my loan many thanks,email,billing
TCK004013,hi biometric login stopped working after the latest update thanks,phone_transcript,account_access
TCK004014,"dear team third time raising this issue, nobody has called me back please help",app,complaint
TCK004015,"hi third time raising this issue, nobody has called me back!",web,complaint
TCK004016,biometric login stopped working after the latest update!!,phone_transcript,account_access
TCK004017,HELLO HOW DO I ORDER A REPLACEMENT CARD FOR A LOST ONE,phone_transcript,general_enquiry
TCK004018,good morning something is wrong with my statement regards,app,account_access
TCK004019,good morning money missing from my account,app,billing
TCK004020,"cannot log in to the app, it says my credentials are invalid thanks",app,account_access
TCK004021,good morning I did not authorise the £665.97 charge from TESCO EXPRESS on my card,web,fraud_dispute
TCK004022,WHAT ARE YOUR BRANCH OPENING HOURS ON A SATURDAY THANKS,phone_transcript,billing
TCK004023,"hi team my direct debit for the loan failed, how do I catch up!",app,loan_servicing
TCK004024,"third time raising this issue, nobody has called me back",app,complaint
TCK004025,dear team what are your branch opening hours on a saturday!,web,general_enquiry
TCK004026,GOOD MORNING REQUESTING A PAYMENT HOLIDAY FOR 2 MONTHS ON MY LOAN MANY THANKS,email,loan_servicing
TCK004027,HI IS THERE A FEE FOR WITHDRAWING CASH ABROAD PLEASE HELP,app,general_enquiry
TCK004028,HI WHY WAS I CHARGED £329.33 THIS MONTH WHEN MY PLAN IS FIXED.,email,billing
TCK004029,good morning biometric login stopped working after the latest update.,email,account_access
TCK004030,HELLO IS THERE A FEE FOR WITHDRAWING CASH ABROAD.,email,general_enquiry
TCK004031,DEAR TEAM WHAT DOCUMENTS DO I NEED TO UPDATE MY ADDRESS,web,general_enquiry
TCK004032,biometric login stopped working after the latest update please help,email,account_access
TCK004033,"THIRD TIME RAISING THIS ISSUE, NOBODY HAS CALLED ME BACK!!",email,complaint
TCK004034,hi team please explain the interest charge on my last statement thanks,phone_transcript,billing
TCK004035,MY USERNAME IS NOT RECOGNISED EVEN THOUGH THE ACCOUNT IS ACTIVE,app,account_access
TCK004036,hi what is the early settlement figure for my loan account regards,app,loan_servicing
TCK004037,dear team I want to make a formal complaint about the handling of my case!!,app,complaint
TCK004038,HELLO WHY WAS I CHARGED £772.10 THIS MONTH WHEN MY PLAN IS FIXED THANKS,email,billing
TCK004039,hi there are 2 transactions I do not recognise please block the card.,app,fraud_dispute
TCK004040,HI I WANT TO MAKE AN OVERPAYMENT OF £574.92 ON MY LOAN REGARDS,phone_transcript,loan_servicing
TCK004041,"dear team my account was compromised after a phishing text, £576.55 is missing.",email,fraud_dispute
TCK004042,I WAS BILLED £367.09 AFTER I ALREADY CANCELLED THE SERVICE,web,billing
TCK004043,hello I did not authorise the £497.34 charge from APPLE.COM/BILL on my card please help,web,fraud_dispute
TCK004044,"HELLO ISSUE WITH MY PAYMENT, SECOND TIME ASKING MANY THANKS",app,complaint
TCK004045,"payment issue on my acount, need this sorted today!!",web,account_access
TCK004046,HI TEAM BIOMETRIC LOGIN STOPPED WORKING AFTER THE LATEST UPDATE!,app,account_access
TCK004047,hello I want to make an overpayment of £424.85 on my loan please help,web,loan_servicing
TCK004048,HI TEAM I DID NOT AUTHORISE THE £259.18 CHARGE FROM UBER TRIP ON MY CARD THANKS,app,fraud_dispute
TCK004049,"dear team please review my account, teh numbers look wrong please help",app,general_enquiry
TCK004050,"good morning unauthorised payment of £656.11 showing on statement, card was in my wallet many thanks",email,fraud_dispute
TCK004051,hi is there a fee for withdrawing cash abroad.,email,general_enquiry
TCK004052,hello I have been waiting 8 weeks for a response and this is unacceptable!,email,complaint
TCK004053,HELLO CAN I CHANGE MY MONTHLY INSTALMENT DATE TO THE 5TH MANY THANKS,email,loan_servicing
TCK004054,dear team what are your branch opening hours on a saturday many thanks,web,general_enquiry
TCK004055,HI TEAM I HAVE BEEN WAITING 4 WEEKS FOR A RESPONSE AND THIS IS UNACCEPTABLE.,email,complaint
TCK004056,"locked out after three attempts, need my password reset please help",phone_transcript,account_access
TCK004057,"hi cannot log in to the app, it says my credentials are invalid please help",web,account_access
TCK004058,dear team I was billed £304.13 after I already cancelled the service,phone_transcript,billing
TCK004059,hi team biometric login stopped working after the latest update many thanks,phone_transcript,account_access
TCK004060,DEAR TEAM I HAVE BEEN WAITING 3 WEEKS FOR A RESPONSE AND THIS IS UNACCEPTABLE!!,web,complaint
TCK004061,"HI CANNOT LOG IN TO THE APP, IT SAYS MY CREDENTIALS ARE INVALID THANKS",email,account_access
TCK004062,I want to make an overpayment of £569.34 on my loan regards,app,loan_servicing
TCK004063,"third time raising this issue, nobody has called me back",phone_transcript,complaint
TCK004064,"payment issue on my account, need this sorted today thanks",web,loan_servicing
TCK004065,good morning do you offer joint accounts for students please help,app,general_enquiry
TCK004066,dear team the annual fee of £67.09 was applied twice to my statement!,email,billing
TCK004067,good morning teh annual fee of £703.64 was applied twice to my statement!,app,billing
TCK004068,hi the one time passcode never arrives on my phone,app,account_access
TCK004069,hi team biometric login stopped working after the latest update regards,app,loan_servicing
TCK004070,requesting a payment holiday for 4 months on my loan regards,phone_transcript,loan_servicing
TCK004071,HI WHY WAS I CHARGED £323.68 THIS MONTH WHEN MY PLAN IS FIXED PLEASE HELP,app,billing
TCK004072,HELLO THE ONE TIME PASSCODE NEVER ARRIVES ON MY PHONE!!,email,account_access
TCK004073,HI TEAM NEED HELP WITH A CHARGE ON MY ACCOUNT,web,loan_servicing
TCK004074,"dear team unauthorised payment of £221.52 showing on statement, card was in my wallet regards",app,fraud_dispute
TCK004075,good morning is there a fee for withdrawing cash abroad,email,general_enquiry
TCK004076,"dear team locked out after three attempts, need my password reset.",email,account_access
TCK004077,WHAT DOCUMENTS DO I NEED TO UPDATE MY ADDRESS REGARDS,email,general_enquiry
TCK004078,hello biometric login stopped working after teh latest update thanks,web,account_access
TCK004079,good morning how do I order a replacement card for a lost one.,email,general_enquiry
TCK004080,hi team how do I order a replacement card for a lost one.,email,general_enquiry
TCK004081,dear team do you offer joint accounts for students.,app,general_enquiry
TCK004082,"dear team unauthorised payment of £732.66 showing on statement, card was in my wallet!",web,fraud_dispute
TCK004083,hi team need help with a charge on my account many thanks,app,complaint
TCK004084,"hello duplicate direct debit taken, need a refund of £536.22 thanks",app,billing
TCK004085,good morning can I change my monthly instalment date to teh 8th!,email,loan_servicing
TCK004086,"please review my account, the numbers look wrong!!",email,general_enquiry
TCK004087,hello need help with a charge on my account thanks,app,billing
TCK004088,"hi third time raising this issue, nobody has called me back!",app,complaint
TCK004089,"dear team this is the worst service I have received, I am moving my accounts!",app,complaint
TCK004090,hello I want to make a formal complaint about the handling of my case thanks,web,complaint
TCK004091,"SOMEONE USED MY DEBIT CARD AT AMZN MKTPLACE, I WANT A CHARGEBACK REGARDS",phone_transcript,fraud_dispute
TCK004092,GOOD MORNING WHAT IS THE EARLY SETTLEMENT FIGURE FOR MY LOAN ACCOUNT!!,app,loan_servicing
TCK004093,hi I did not authorise the £81.73 charge from UBER TRIP on my card please help,app,fraud_dispute
TCK004094,dear team please explain the interest charge on my last statement!!,web,billing
TCK004095,hi team teh annual fee of £355.81 was applied twice to my statement!,app,billing
TCK004096,"dear team third time raising this issue, nobody has called me back please help",app,complaint
TCK004097,GOOD MORNING IS THERE A FEE FOR WITHDRAWING CASH ABROAD PLEASE HELP,email,general_enquiry
TCK004098,"PLEASE REVIEW MY ACCOUNT, THE NUMBERS LOOK WRONG.",web,loan_servicing
TCK004099,good morning what are your branch opening hours on a saturday please help,app,general_enquiry
TCK004100,hi team is there a fee for withdrawing cash abroad regards,email,general_enquiry
TCK004101,hello the branch staff were rude and refused to escalate my case!!,app,complaint
TCK004102,"hi unauthorised payment of £481.04 showing on statement, card was in my wallet",email,fraud_dispute
TCK004103,hi team what are your branch opening hours on a saturday,email,general_enquiry
TCK004104,"locked out after three attempts, need my password reset",web,account_access
TCK004105,dear team do you offer joint accounts for students regards,web,general_enquiry
TCK004106,hi team please explain the interest charge on my last statement!!,email,general_enquiry
TCK004107,hi team the one time passcode never arrives on my phone,email,account_access
TCK004108,I WAS BILLED £353.53 AFTER I ALREADY CANCELLED THE SERVICE MANY THANKS,email,billing
TCK004109,"good morning this is the worst service I have received, I am moving my accounts!!",email,complaint
TCK004110,MY USERNAME IS NOT RECOGNISED EVEN THOUGH THE ACCOUNT IS ACTIVE PLEASE HELP,email,account_access
TCK004111,"hi third time raising this issue, nobody has called me back!",email,complaint
TCK004112,hello something is wrong with my statement,app,fraud_dispute
TCK004113,hello I want to make an overpayment of £278.43 on my loan many thanks,app,complaint
TCK004114,"hi team someone used my debit card at AMZN MKTPLACE, I want a chargeback.",email,fraud_dispute
TCK004115,"hello my direct debit for teh loan failed, how do I catch up!!",web,loan_servicing
TCK004116,hi team my username is not recognised even though the acount is active.,email,account_access
TCK004117,HI TEAM WHY WAS I CHARGED £637.14 THIS MONTH WHEN MY PLAN IS FIXED THANKS,app,billing
TCK004118,HI TEAM MY USERNAME IS NOT RECOGNISED EVEN THOUGH THE ACCOUNT IS ACTIVE PLEASE HELP,app,account_access
TCK004119,WHAT IS THE EARLY SETTLEMENT FIGURE FOR MY LOAN ACCOUNT!,email,loan_servicing
TCK004120,"hi someone used my debit card at RYANAIR, I want a chargeback!!",app,fraud_dispute
TCK004121,hi I was billed £441.13 after I already cancelled the service.,phone_transcript,general_enquiry
TCK004122,GOOD MORNING DO YOU OFFER JOINT ACCOUNTS FOR STUDENTS!!,app,general_enquiry
TCK004123,good morning do you offer joint accounts for students!!,app,general_enquiry
TCK004124,"cannot log in to the app, it says my credentials are invalid please help",web,account_access
TCK004125,good morning biometric login stopped working after the latest update please help,email,account_access
TCK004126,good morning why was I charged £714.16 this month when my plan is fixed please help,web,billing
TCK004127,hi team the one time passcode never arrives on my phone.,app,account_access
TCK004128,good morning what are your branch opening hours on a saturday,app,general_enquiry
TCK004129,"DEAR TEAM CANNOT LOG IN TO THE APP, IT SAYS MY CREDENTIALS ARE INVALID!",app,account_access
TCK004130,DEAR TEAM THERE ARE 5 TRANSACTIONS I DO NOT RECOGNISE PLEASE BLOCK THE CARD,app,fraud_dispute
TCK004131,hi team why was I charged £109.82 this month when my plan is fixed!,email,billing
TCK004132,"good morning locked out after three attempts, need my password reset regards",email,account_access
TCK004133,"hi team locked out after three attempts, need my password reset!!",web,account_access
TCK004134,"dear team duplicate direct debit taken, need a refund of £60.27!",email,billing
TCK004135,"HELLO CANNOT LOG IN TO THE APP, IT SAYS MY CREDENTIALS ARE INVALID MANY THANKS",app,account_access
TCK004136,hello my username is not recognised even though the account is active thanks,app,account_access
TCK004137,good morning I want to make an overpayment of £452.36 on my loan.,email,loan_servicing
TCK004138,hello I was billed £117.15 after I already cancelled the service many thanks,phone_transcript,billing
TCK004139,dear team how do I order a replacement card for a lost one thanks,email,general_enquiry
TCK004140,GOOD MORNING I HAVE BEEN WAITING 3 WEEKS FOR A RESPONSE AND THIS IS UNACCEPTABLE,phone_transcript,account_access
TCK004141,hi can someone look at my account urgently!,email,account_access
TCK004142,"duplicate direct debit taken, need a refund of £313.36!!",app,billing
TCK004143,"HELLO UNAUTHORISED PAYMENT OF £350.75 SHOWING ON STATEMENT, CARD WAS IN MY WALLET",app,fraud_dispute
TCK004144,HI TEAM REQUESTING A PAYMENT HOLIDAY FOR 2 MONTHS ON MY LOAN THANKS,app,loan_servicing
TCK004145,good morning I did not authorise the £525.65 charge from TESCO EXPRESS on my card many thanks,web,fraud_dispute
TCK004146,hello something is wrong with my statement.,app,billing
TCK004147,HI TEAM THE ANNUAL FEE OF £727.90 WAS APPLIED TWICE TO MY STATEMENT,email,billing
TCK004148,HELLO I WANT TO MAKE A FORMAL COMPLAINT ABOUT THE HANDLING OF MY CASE THANKS,web,complaint
TCK004149,dear team do you offer joint accounts for students many thanks,phone_transcript,general_enquiry
TCK004150,hi team my username is not recognised even though the acount is active!,app,account_access
TCK004151,hi I was billed £124.05 after I already cancelled the service many thanks,phone_transcript,billing
TCK004152,"locked out after three attempts, need my password reset please help",app,account_access
TCK004153,"dear team please review my account, the numbers look wrong many thanks",app,general_enquiry
TCK004154,CAN SOMEONE LOOK AT MY ACCOUNT URGENTLY.,phone_transcript,account_access
TCK004155,"UNAUTHORISED PAYMENT OF £709.01 SHOWING ON STATEMENT, CARD WAS IN MY WALLET THANKS",email,fraud_dispute
TCK004156,HI TEAM WHAT IS THE EARLY SETTLEMENT FIGURE FOR MY LOAN ACCOUNT!!,phone_transcript,loan_servicing
TCK004157,hi I did not authorise teh £255.85 charge from TESCO EXPRESS on my card many thanks,web,fraud_dispute
TCK004158,DEAR TEAM PLEASE EXPLAIN THE INTEREST CHARGE ON MY LAST STATEMENT!!,app,billing
TCK004159,"GOOD MORNING CANNOT LOG IN TO THE APP, IT SAYS MY CREDENTIALS ARE INVALID!",email,account_access
TCK004160,please explain teh interest charge on my last statement thanks,web,billing
TCK004161,good morning why was I charged £113.19 this month when my plan is fixed!,email,billing
TCK004162,HI TEAM THERE ARE 7 TRANSACTIONS I DO NOT RECOGNISE PLEASE BLOCK THE CARD REGARDS,email,fraud_dispute
TCK004163,"HELLO LOCKED OUT AFTER THREE ATTEMPTS, NEED MY PASSWORD RESET MANY THANKS",phone_transcript,account_access
TCK004164,"good morning my card is not working, what do I do many thanks",email,loan_servicing
TCK004165,HI TEAM THE ANNUAL FEE OF £897.68 WAS APPLIED TWICE TO MY STATEMENT THANKS,email,billing
TCK004166,hello the annual fee of £240.87 was applied twice to my statement!,phone_transcript,billing
TCK004167,I want to make an overpayment of £258.10 on my loan.,web,loan_servicing
TCK004168,hi teh annual fee of £574.16 was applied twice to my statement regards,app,billing
TCK004169,"hello my direct debit for the loan failed, how do I catch up regards",app,loan_servicing
TCK004170,"dear team locked out after three attempts, need my password reset.",app,account_access
TCK004171,what is the early settlement figure for my loan account!!,app,loan_servicing
TCK004172,hi team the branch staff were rude and refused to escalate my case regards,app,complaint
TCK004173,biometric login stopped working after the latest update please help,email,account_access
TCK004174,HI REQUESTING A PAYMENT HOLIDAY FOR 6 MONTHS ON MY LOAN REGARDS,email,loan_servicing
TCK004175,"third time raising this issue, nobody has called me back many thanks",web,complaint
TCK004176,hi team why was I charged £297.51 this month when my plan is fixed!!,app,billing
TCK004177,hi team is there a fee for withdrawing cash abroad please help,phone_transcript,general_enquiry
TCK004178,"dear team third time raising this issue, nobody has called me back.",phone_transcript,complaint
TCK004179,good morning can someone look at my account urgently!!,app,general_enquiry
TCK004180,"hello cannot log in to teh app, it says my credentials are invalid",app,account_access
TCK004181,good morning my username is not recognised even though the account is active!,email,account_access
TCK004182,HI TEAM MY USERNAME IS NOT RECOGNISED EVEN THOUGH THE ACCOUNT IS ACTIVE!,email,account_access
TCK004183,"my acount was compromised after a phishing text, £702.44 is missing!",phone_transcript,fraud_dispute
TCK004184,dear team teh branch staff were rude and refused to escalate my case.,web,loan_servicing
TCK004185,"HI THIRD TIME RAISING THIS ISSUE, NOBODY HAS CALLED ME BACK PLEASE HELP",app,complaint
TCK004186,HELLO NEED HELP WITH A CHARGE ON MY ACCOUNT THANKS,web,loan_servicing
TCK004187,HI PLEASE EXPLAIN THE INTEREST CHARGE ON MY LAST STATEMENT MANY THANKS,web,billing
TCK004188,hi the one time passcode never arrives on my phone thanks,web,account_access
TCK004189,"hi team unauthorised payment of £486.48 showing on statement, card was in my wallet!",app,fraud_dispute
TCK004190,there are 7 transactions I do not recognise please block the card!!,app,fraud_dispute
TCK004191,HELLO I WAS BILLED £734.11 AFTER I ALREADY CANCELLED THE SERVICE.,app,billing
TCK004192,hello what documents do I need to update my address thanks,email,general_enquiry
TCK004193,good morning biometric login stopped working after the latest update regards,app,account_access
TCK004194,dear team what are your branch opening hours on a saturday many thanks,email,general_enquiry
TCK004195,good morning I did not authorise the £691.00 charge from AMZN MKTPLACE on my card thanks,email,fraud_dispute
TCK004196,"good morning unauthorised payment of £162.10 showing on statement, card was in my wallet many thanks",email,fraud_dispute
TCK004197,"hi someone used my debit card at RYANAIR, I want a chargeback!",web,fraud_dispute
TCK004198,"HI ISSUE WITH MY PAYMENT, SECOND TIME ASKING.",app,account_access
TCK004199,hi team please explain teh interest charge on my last statement please help,email,billing
TCK004200,dear team why was I charged £352.06 this month when my plan is fixed thanks,app,billing
TCK004201,"hi team my direct debit for the loan failed, how do I catch up many thanks",app,loan_servicing
TCK004202,hi do you offer joint accounts for students many thanks,app,general_enquiry
TCK004203,hi the amount is not what I expected regards,phone_transcript,loan_servicing
TCK004204,hi team why was I charged £607.81 this month when my plan is fixed many thanks,app,billing
TCK004205,hi I want to make an overpayment of £287.31 on my loan many thanks,phone_transcript,loan_servicing
TCK004206,"payment issue on my account, need this sorted today!!",app,general_enquiry
TCK004207,"HELLO MY CARD IS NOT WORKING, WHAT DO I DO.",app,complaint
TCK004208,"HELLO THIRD TIME RAISING THIS ISSUE, NOBODY HAS CALLED ME BACK!",app,complaint
TCK004209,HI TEAM WHAT ARE YOUR BRANCH OPENING HOURS ON A SATURDAY MANY THANKS,email,general_enquiry
TCK004210,"dear team duplicate direct debit taken, need a refund of £571.46!!",app,billing
TCK004211,hi team the annual fee of £422.64 was applied twice to my statement regards,email,billing
TCK004212,"DEAR TEAM MY CARD IS NOT WORKING, WHAT DO I DO",web,general_enquiry
TCK004213,good morning what documents do I need to update my address many thanks,web,general_enquiry
TCK004214,DEAR TEAM THERE ARE 4 TRANSACTIONS I DO NOT RECOGNISE PLEASE BLOCK THE CARD REGARDS,web,fraud_dispute
TCK004215,HI TEAM BIOMETRIC LOGIN STOPPED WORKING AFTER THE LATEST UPDATE,web,account_access
TCK004216,hello do you offer joint accounts for students thanks,email,general_enquiry
TCK004217,I HAVE BEEN WAITING 8 WEEKS FOR A RESPONSE AND THIS IS UNACCEPTABLE.,phone_transcript,complaint
TCK004218,HI SOMETHING IS WRONG WITH MY STATEMENT REGARDS,phone_transcript,account_access
TCK004219,"good morning issue with my payment, second time asking thanks",email,loan_servicing
TCK004220,"locked out after three attempts, need my password reset.",web,account_access
TCK004221,why was I charged £538.29 this month when my plan is fixed many thanks,web,billing
TCK004222,hello can someone look at my account urgently many thanks,web,billing
TCK004223,hi teh one time passcode never arrives on my phone regards,app,account_access
TCK004224,"hi team cannot log in to the app, it says my credentials are invalid many thanks",email,account_access
TCK004225,hi do you offer joint accounts for students!!,app,general_enquiry
TCK004226,HELLO HOW DO I ORDER A REPLACEMENT CARD FOR A LOST ONE REGARDS,phone_transcript,general_enquiry
TCK004227,do you offer joint accounts for students regards,email,general_enquiry
TCK004228,"hi please review my account, the numbers look wrong please help",app,complaint
TCK004229,good morning can I change my monthly instalment date to the 7th!!,app,loan_servicing
TCK004230,"hi my account was compromised after a phishing text, £880.19 is missing many thanks",email,fraud_dispute
TCK004231,HI CAN I CHANGE MY MONTHLY INSTALMENT DATE TO THE 2TH THANKS,app,loan_servicing
TCK004232,"hi duplicate direct debit taken, need a refund of £533.87.",email,billing
TCK004233,dear team what are your branch opening hours on a saturday regards,app,general_enquiry
TCK004234,hi team something is wrong with my statement please help,web,billing
TCK004235,hello what is the early settlement figure for my loan account.,email,loan_servicing
TCK004236,"good morning locked out after three attempts, need my password reset!!",email,account_access
TCK004237,HI NEED HELP WITH A CHARGE ON MY ACCOUNT PLEASE HELP,email,billing
TCK004238,hello the amount is not what I expected!!,web,loan_servicing
TCK004239,"hi team third time raising this issue, nobody has called me back thanks",email,complaint
TCK004240,"HI MY DIRECT DEBIT FOR THE LOAN FAILED, HOW DO I CATCH UP",phone_transcript,loan_servicing
TCK004241,"dear team payment issue on my account, need this sorted today.",app,fraud_dispute
TCK004242,good morning money missing from my acount!,web,billing
TCK004243,"hi team cannot log in to the app, it says my credentials are invalid thanks",phone_transcript,account_access
TCK004244,"good morning duplicate direct debit taken, need a refund of £707.05 thanks",app,billing
TCK004245,"hi my card is not working, what do I do thanks",app,fraud_dispute
TCK004246,HELLO THERE ARE 7 TRANSACTIONS I DO NOT RECOGNISE PLEASE BLOCK THE CARD PLEASE HELP,phone_transcript,fraud_dispute
TCK004247,"hi duplicate direct debit taken, need a refund of £350.46 regards",app,billing
TCK004248,good morning requesting a payment holiday for 2 months on my loan!!,app,loan_servicing
TCK004249,"GOOD MORNING THIS IS THE WORST SERVICE I HAVE RECEIVED, I AM MOVING MY ACCOUNTS THANKS",web,complaint
TCK004250,do you offer joint accounts for students many thanks,web,general_enquiry
TCK004251,hi team I did not authorise the £64.35 charge from UBER TRIP on my card!,email,fraud_dispute
TCK004252,hello can someone look at my account urgently!!,web,general_enquiry
TCK004253,good morning please explain the interest charge on my last statement many thanks,email,billing
TCK004254,"good morning my card is not working, what do I do regards",web,account_access
TCK004255,DEAR TEAM WHAT IS THE EARLY SETTLEMENT FIGURE FOR MY LOAN ACCOUNT MANY THANKS,app,loan_servicing
TCK004256,hi the branch staff were rude and refused to escalate my case thanks,web,complaint
TCK004257,hi what documents do I need to update my address please help,web,general_enquiry
TCK004258,I did not authorise the £805.45 charge from APPLE.COM/BILL on my card.,email,fraud_dispute
TCK004259,hello teh branch staff were rude and refused to escalate my case,web,complaint
TCK004260,HI THE ANNUAL FEE OF £470.40 WAS APPLIED TWICE TO MY STATEMENT THANKS,app,billing
TCK004261,dear team I want to make an overpayment of £797.80 on my loan regards,web,loan_servicing
TCK004262,good morning is there a fee for withdrawing cash abroad regards,app,general_enquiry
TCK004263,"hi team someone used my debit card at STEAM GAMES, I want a chargeback.",app,fraud_dispute
TCK004264,"hi team locked out after three attempts, need my password reset many thanks",app,account_access
TCK004265,"issue with my payment, second time asking regards",phone_transcript,general_enquiry
TCK004266,hi team my username is not recognised even though the account is active thanks,app,account_access
TCK004267,hello can someone look at my account urgently regards,phone_transcript,billing
TCK004268,good morning something is wrong with my statement.,email,loan_servicing
TCK004269,dear team something is wrong with my statement!,email,account_access
TCK004270,HI TEAM I WAS BILLED £531.73 AFTER I ALREADY CANCELLED THE SERVICE PLEASE HELP,email,billing
TCK004271,hi there are 7 transactions I do not recognise please block the card!,web,fraud_dispute
TCK004272,hi team I did not authorise the £597.84 charge from STEAM GAMES on my card many thanks,app,fraud_dispute
TCK004273,"duplicate direct debit taken, need a refund of £849.85!",app,billing
TCK004274,dear team is there a fee for withdrawing cash abroad,app,general_enquiry
TCK004275,"my direct debit for teh loan failed, how do I catch up many thanks",app,loan_servicing
TCK004276,HI WHAT IS THE EARLY SETTLEMENT FIGURE FOR MY LOAN ACCOUNT PLEASE HELP,web,loan_servicing
TCK004277,hi something is wrong with my statement!!,app,complaint
TCK004278,DEAR TEAM THE BRANCH STAFF WERE RUDE AND REFUSED TO ESCALATE MY CASE!!,phone_transcript,complaint
TCK004279,dear team I have been waiting 4 weeks for a response and this is unacceptable,email,complaint
TCK004280,hi team biometric login stopped working after the latest update regards,web,account_access
TCK004281,HELLO THE AMOUNT IS NOT WHAT I EXPECTED THANKS,app,account_access
TCK004282,dear team the branch staff were rude and refused to escalate my case please help,phone_transcript,complaint
TCK004283,what are your branch opening hours on a saturday regards,app,general_enquiry
TCK004284,hello biometric login stopped working after the latest update many thanks,email,account_access
TCK004285,"dear team please review my account, the numbers look wrong many thanks",web,general_enquiry
TCK004286,"hi team my account was compromised after a phishing text, £584.16 is missing regards",email,fraud_dispute
TCK004287,dear team the one time passcode never arrives on my phone many thanks,email,account_access
TCK004288,"GOOD MORNING THIS IS THE WORST SERVICE I HAVE RECEIVED, I AM MOVING MY ACCOUNTS!",email,complaint
TCK004289,HI TEAM WHAT DOCUMENTS DO I NEED TO UPDATE MY ADDRESS!!,phone_transcript,complaint
TCK004290,what documents do I need to update my address.,app,general_enquiry
TCK004291,biometric login stopped working after the latest update.,email,account_access
TCK004292,there are 7 transactions I do not recognise please block the card please help,app,fraud_dispute
TCK004293,hello please explain the interest charge on my last statement.,app,billing
TCK004294,HELLO REQUESTING A PAYMENT HOLIDAY FOR 5 MONTHS ON MY LOAN REGARDS,phone_transcript,loan_servicing
TCK004295,HELLO DO YOU OFFER JOINT ACCOUNTS FOR STUDENTS MANY THANKS,app,general_enquiry
TCK004296,hi please explain teh interest charge on my last statement please help,app,account_access
TCK004297,hello biometric login stopped working after teh latest update,phone_transcript,account_access
TCK004298,"hello unauthorised payment of £874.25 showing on statement, card was in my wallet thanks",email,fraud_dispute
TCK004299,"hi team my card is not working, what do I do thanks",app,fraud_dispute
TCK004300,"HI PAYMENT ISSUE ON MY ACCOUNT, NEED THIS SORTED TODAY!",web,loan_servicing
TCK004301,"HI TEAM DUPLICATE DIRECT DEBIT TAKEN, NEED A REFUND OF £292.31 REGARDS",app,billing
TCK004302,HELLO WHAT IS THE EARLY SETTLEMENT FIGURE FOR MY LOAN ACCOUNT!,app,loan_servicing
TCK004303,DEAR TEAM I HAVE BEEN WAITING 2 WEEKS FOR A RESPONSE AND THIS IS UNACCEPTABLE.,email,complaint
TCK004304,"hello my card is not working, what do I do",app,billing
TCK004305,HI TEAM WHAT DOCUMENTS DO I NEED TO UPDATE MY ADDRESS,app,general_enquiry
TCK004306,"cannot log in to the app, it says my credentials are invalid!!",app,account_access
TCK004307,"hi please review my account, the numbers look wrong please help",app,complaint
TCK004308,dear team what documents do I need to update my address!,email,general_enquiry
TCK004309,dear team money missing from my account regards,web,loan_servicing
TCK004310,the one time passcode never arrives on my phone please help,web,account_access
TCK004311,the branch staff were rude and refused to escalate my case regards,email,complaint
TCK004312,hello the annual fee of £848.65 was applied twice to my statement please help,web,billing
TCK004313,hi team I was billed £356.64 after I already cancelled the service thanks,app,billing
TCK004314,"hi team unauthorised payment of £580.05 showing on statement, card was in my wallet please help",email,fraud_dispute
TCK004315,"hi unauthorised payment of £287.85 showing on statement, card was in my wallet!!",app,fraud_dispute
TCK004316,hi team I want to make a formal complaint about the handling of my case thanks,app,complaint
TCK004317,"DEAR TEAM MY ACCOUNT WAS COMPROMISED AFTER A PHISHING TEXT, £403.18 IS MISSING!!",web,fraud_dispute
TCK004318,hi can someone look at my account urgently.,email,account_access
TCK004319,hi do you offer joint acounts for students!,app,general_enquiry
TCK004320,"HI TEAM PLEASE REVIEW MY ACCOUNT, THE NUMBERS LOOK WRONG MANY THANKS",web,general_enquiry
TCK004321,HELLO WHY WAS I CHARGED £78.06 THIS MONTH WHEN MY PLAN IS FIXED,email,billing
TCK004322,"HELLO DUPLICATE DIRECT DEBIT TAKEN, NEED A REFUND OF £833.13",app,billing
TCK004323,"HELLO DUPLICATE DIRECT DEBIT TAKEN, NEED A REFUND OF £830.00!",app,billing
TCK004324,HELLO WHAT ARE YOUR BRANCH OPENING HOURS ON A SATURDAY PLEASE HELP,app,general_enquiry
TCK004325,"hello third time raising this issue, nobody has called me back regards",app,complaint
TCK004326,my username is not recognised even though teh account is active please help,app,account_access
TCK004327,good morning can someone look at my account urgently!,email,complaint
TCK004328,the one time passcode never arrives on my phone thanks,app,account_access
TCK004329,good morning I have been waiting 3 weeks for a response and this is unacceptable please help,app,complaint
TCK004330,hi what documents do I need to update my address please help,app,general_enquiry
TCK004331,good morning biometric login stopped working after the latest update regards,phone_transcript,account_access
TCK004332,hello how do I order a replacement card for a lost one thanks,email,general_enquiry
TCK004333,hi do you offer joint accounts for students regards,email,general_enquiry
TCK004334,hi team the one time passcode never arrives on my phone regards,app,account_access
TCK004335,"HI DUPLICATE DIRECT DEBIT TAKEN, NEED A REFUND OF £816.60 PLEASE HELP",email,billing
TCK004336,"HI TEAM MY ACCOUNT WAS COMPROMISED AFTER A PHISHING TEXT, £157.78 IS MISSING PLEASE HELP",app,account_access
TCK004337,"dear team duplicate direct debit taken, need a refund of £793.52 thanks",web,billing
TCK004338,what documents do I need to update my address!,app,account_access
TCK004339,dear team why was I charged £760.13 this month when my plan is fixed many thanks,email,billing
TCK004340,"hi my account was compromised after a phishing text, £848.05 is missing!",app,fraud_dispute
TCK004341,SOMETHING IS WRONG WITH MY STATEMENT REGARDS,web,billing
TCK004342,"hello my card is not working, what do I do thanks",app,loan_servicing
TCK004343,"hi cannot log in to teh app, it says my credentials are invalid regards",app,account_access
TCK004344,"hello cannot log in to the app, it says my credentials are invalid thanks",email,account_access
TCK004345,dear team I did not authorise the £152.13 charge from AMZN MKTPLACE on my card please help,phone_transcript,fraud_dispute
TCK004346,"HI TEAM MY DIRECT DEBIT FOR THE LOAN FAILED, HOW DO I CATCH UP",email,loan_servicing
TCK004347,hello money missing from my account regards,web,billing
TCK004348,hi team I want to make an overpayment of £219.49 on my loan thanks,phone_transcript,loan_servicing
TCK004349,"GOOD MORNING SOMEONE USED MY DEBIT CARD AT AMZN MKTPLACE, I WANT A CHARGEBACK!",app,fraud_dispute
TCK004350,my username is not recognised even though the account is active thanks,phone_transcript,account_access
TCK004351,good morning I want to make a formal complaint about the handling of my case many thanks,email,complaint
TCK004352,HELLO CAN I CHANGE MY MONTHLY INSTALMENT DATE TO THE 7TH.,email,loan_servicing
TCK004353,"HI THIS IS THE WORST SERVICE I HAVE RECEIVED, I AM MOVING MY ACCOUNTS!",web,complaint
TCK004354,hi team the annual fee of £172.43 was applied twice to my statement thanks,email,billing
TCK004355,good morning the one time passcode never arrives on my phone please help,app,account_access
TCK004356,"hi team payment issue on my account, need this sorted today!!",app,loan_servicing
TCK004357,"DEAR TEAM LOCKED OUT AFTER THREE ATTEMPTS, NEED MY PASSWORD RESET!!",app,account_access
TCK004358,"this is teh worst service I have received, I am moving my accounts!",web,complaint
TCK004359,HI TEAM I WANT TO MAKE A FORMAL COMPLAINT ABOUT THE HANDLING OF MY CASE MANY THANKS,app,complaint
TCK004360,dear team the branch staff were rude and refused to escalate my case thanks,email,complaint
TCK004361,"good morning someone used my debit card at UBER TRIP, I want a chargeback",web,fraud_dispute
TCK004362,dear team the annual fee of £839.37 was applied twice to my statement thanks,email,billing
TCK004363,dear team why was I charged £748.34 this month when my plan is fixed many thanks,web,loan_servicing
TCK004364,hello something is wrong with my statement thanks,web,billing
TCK004365,hi do you offer joint accounts for students many thanks,email,general_enquiry
TCK004366,good morning please explain the interest charge on my last statement!!,web,billing
TCK004367,the annual fee of £581.68 was applied twice to my statement.,web,billing
TCK004368,good morning can someone look at my account urgently.,email,loan_servicing
TCK004369,hi please explain the interest charge on my last statement!,web,billing
TCK004370,hi team do you offer joint accounts for students!!,app,general_enquiry
TCK004371,"hi locked out after three attempts, need my password reset!!",app,account_access
TCK004372,HI TEAM THERE ARE 2 TRANSACTIONS I DO NOT RECOGNISE PLEASE BLOCK THE CARD,app,fraud_dispute
TCK004373,hi team please explain the interest charge on my last statement many thanks,phone_transcript,billing
TCK004374,"HI TEAM SOMEONE USED MY DEBIT CARD AT APPLE.COM/BILL, I WANT A CHARGEBACK.",app,fraud_dispute
TCK004375,HELLO NEED HELP WITH A CHARGE ON MY ACCOUNT REGARDS,email,fraud_dispute
TCK004376,"cannot log in to the app, it says my credentials are invalid please help",phone_transcript,account_access
TCK004377,"third time raising this issue, nobody has called me back",email,complaint
TCK004378,"dear team cannot log in to the app, it says my credentials are invalid regards",app,loan_servicing
TCK004379,hello there are 7 transactions I do not recognise please block teh card please help,app,fraud_dispute
TCK004380,hi the annual fee of £36.57 was applied twice to my statement!!,app,billing
TCK004381,hi do you offer joint accounts for students,app,general_enquiry
TCK004382,"hello unauthorised payment of £14.89 showing on statement, card was in my wallet.",app,fraud_dispute
TCK004383,good morning need help with a charge on my account please help,email,fraud_dispute
TCK004384,hi my username is not recognised even though the account is active regards,app,account_access
TCK004385,dear team what documents do I need to update my address thanks,app,general_enquiry
TCK004386,how do I order a replacement card for a lost one,web,general_enquiry
TCK004387,HI TEAM THE ANNUAL FEE OF £313.51 WAS APPLIED TWICE TO MY STATEMENT!,email,billing
TCK004388,"hi team payment issue on my account, need this sorted today many thanks",app,billing
TCK004389,the amount is not what I expected,phone_transcript,billing
TCK004390,HELLO CAN I CHANGE MY MONTHLY INSTALMENT DATE TO THE 5TH.,email,loan_servicing
TCK004391,"hi someone used my debit card at STEAM GAMES, I want a chargeback thanks",email,billing
TCK004392,hi team is there a fee for withdrawing cash abroad!,web,general_enquiry
TCK004393,can I change my monthly instalment date to the 2th.,email,loan_servicing
TCK004394,dear team how do I order a replacement card for a lost one many thanks,app,general_enquiry
TCK004395,hello the amount is not what I expected!!,email,complaint
TCK004396,HI BIOMETRIC LOGIN STOPPED WORKING AFTER THE LATEST UPDATE PLEASE HELP,app,account_access
TCK004397,dear team can I change my monthly instalment date to the 6th please help,phone_transcript,loan_servicing
TCK004398,hi team is there a fee for withdrawing cash abroad.,app,general_enquiry
TCK004399,good morning is there a fee for withdrawing cash abroad many thanks,phone_transcript,general_enquiry
TCK004400,"good morning unauthorised payment of £838.86 showing on statement, card was in my wallet please help",app,fraud_dispute
TCK004401,is there a fee for withdrawing cash abroad many thanks,app,general_enquiry
TCK004402,is there a fee for withdrawing cash abroad please help,email,general_enquiry
TCK004403,hi the amount is not what I expected thanks,app,fraud_dispute
TCK004404,"good morning locked out after three attempts, need my password reset thanks",phone_transcript,account_access
TCK004405,can I change my monthly instalment date to the 6th please help,app,loan_servicing
TCK004406,hi the amount is not what I expected many thanks,web,account_access
TCK004407,good morning what is the early settlement figure for my loan account please help,app,loan_servicing
TCK004408,hi is there a fee for withdrawing cash abroad thanks,email,general_enquiry
TCK004409,GOOD MORNING WHY WAS I CHARGED £760.05 THIS MONTH WHEN MY PLAN IS FIXED MANY THANKS,email,billing
TCK004410,good morning there is a problem with my account please call me please help,email,billing
TCK004411,hi team the amount is not what I expected!!,email,fraud_dispute
TCK004412,hi what are your branch opening hours on a saturday regards,app,general_enquiry
TCK004413,hi money missing from my account please help,phone_transcript,loan_servicing
TCK004414,hi team why was I charged £745.02 this month when my plan is fixed,web,billing
TCK004415,what are your branch opening hours on a saturday thanks,email,general_enquiry
TCK004416,DEAR TEAM BIOMETRIC LOGIN STOPPED WORKING AFTER THE LATEST UPDATE REGARDS,email,account_access
TCK004417,can I change my monthly instalment date to the 4th regards,phone_transcript,loan_servicing
TCK004418,hi team what documents do I need to update my address,email,general_enquiry
TCK004419,dear team what is the early settlement figure for my loan account.,web,loan_servicing
TCK004420,HI THE BRANCH STAFF WERE RUDE AND REFUSED TO ESCALATE MY CASE!,web,general_enquiry
TCK004421,good morning please explain the interest charge on my last statement please help,email,billing
TCK004422,"dear team locked out after three attempts, need my password reset",app,account_access
TCK004423,"payment issue on my account, need this sorted today please help",phone_transcript,fraud_dispute
TCK004424,hello I have been waiting 8 weeks for a response and this is unacceptable thanks,email,complaint
TCK004425,hello the annual fee of £175.25 was applied twice to my statement!,app,billing
TCK004426,hello why was I charged £61.60 this month when my plan is fixed thanks,app,billing
TCK004427,hi team why was I charged £376.73 this month when my plan is fixed regards,web,billing
TCK004428,"good morning my card is not working, what do I do!!",email,billing
TCK004429,hello I was billed £559.11 after I already cancelled teh service please help,email,billing
TCK004430,hello is there a fee for withdrawing cash abroad.,app,general_enquiry
TCK004431,"HELLO MY CARD IS NOT WORKING, WHAT DO I DO.",email,fraud_dispute
TCK004432,HELLO THE ONE TIME PASSCODE NEVER ARRIVES ON MY PHONE!,email,account_access
TCK004433,HI I WAS BILLED £299.91 AFTER I ALREADY CANCELLED THE SERVICE.,app,billing
TCK004434,"GOOD MORNING LOCKED OUT AFTER THREE ATTEMPTS, NEED MY PASSWORD RESET THANKS",app,account_access
TCK004435,hello something is wrong with my statement please help,web,billing
TCK004436,WHAT ARE YOUR BRANCH OPENING HOURS ON A SATURDAY PLEASE HELP,app,general_enquiry
TCK004437,hello I want to make a formal complaint about the handling of my case!!,phone_transcript,complaint
TCK004438,dear team what is the early settlement figure for my loan account,app,loan_servicing
TCK004439,"good morning unauthorised payment of £823.06 showing on statement, card was in my wallet regards",email,fraud_dispute
TCK004440,HI HOW DO I ORDER A REPLACEMENT CARD FOR A LOST ONE!,phone_transcript,general_enquiry
TCK004441,"my direct debit for the loan failed, how do I catch up please help",app,loan_servicing
TCK004442,hi team please explain the interest charge on my last statement,app,billing
TCK004443,dear team is there a fee for withdrawing cash abroad thanks,app,general_enquiry
TCK004444,good morning can someone look at my account urgently!,web,billing
TCK004445,DEAR TEAM IS THERE A FEE FOR WITHDRAWING CASH ABROAD,phone_transcript,general_enquiry
TCK004446,MY USERNAME IS NOT RECOGNISED EVEN THOUGH THE ACCOUNT IS ACTIVE!!,email,account_access
TCK004447,"hi please review my acount, the numbers look wrong!!",email,complaint
TCK004448,hi team there is a problem with my account please call me,email,fraud_dispute
TCK004449,HI TEAM I WAS BILLED £284.88 AFTER I ALREADY CANCELLED THE SERVICE.,web,billing
TCK004450,hello teh annual fee of £92.91 was applied twice to my statement thanks,app,billing
TCK004451,"issue with my payment, second time asking regards",email,complaint
TCK004452,hi I have been waiting 4 weeks for a response and this is unacceptable thanks,app,complaint
TCK004453,hi I was billed £540.28 after I already cancelled the service regards,web,billing
TCK004454,hi I was billed £152.95 after I already cancelled teh service!!,web,billing
TCK004455,hello need help with a charge on my account many thanks,web,general_enquiry
TCK004456,hi requesting a payment holiday for 7 months on my loan many thanks,app,general_enquiry
TCK004457,good morning biometric login stopped working after teh latest update regards,web,account_access
TCK004458,"HI TEAM MY DIRECT DEBIT FOR THE LOAN FAILED, HOW DO I CATCH UP THANKS",email,loan_servicing
TCK004459,hi team biometric login stopped working after the latest update thanks,app,account_access
TCK004460,DEAR TEAM NEED HELP WITH A CHARGE ON MY ACCOUNT THANKS,web,billing
TCK004461,HI I WANT TO MAKE A FORMAL COMPLAINT ABOUT THE HANDLING OF MY CASE,web,complaint
TCK004462,hello biometric login stopped working after the latest update,app,account_access
TCK004463,hi what documents do I need to update my address!!,email,general_enquiry
TCK004464,dear team biometric login stopped working after the latest update.,email,account_access
TCK004465,good morning please explain the interest charge on my last statement many thanks,phone_transcript,billing
TCK004466,HELLO PLEASE EXPLAIN THE INTEREST CHARGE ON MY LAST STATEMENT REGARDS,app,billing
TCK004467,dear team requesting a payment holiday for 2 months on my loan,app,loan_servicing
TCK004468,"dear team my direct debit for the loan failed, how do I catch up!",app,loan_servicing
TCK004469,there are 3 transactions I do not recognise please block the card!!,phone_transcript,fraud_dispute
TCK004470,"HELLO LOCKED OUT AFTER THREE ATTEMPTS, NEED MY PASSWORD RESET",app,account_access
TCK004471,good morning I was billed £196.68 after I already cancelled the service please help,email,billing
TCK004472,hello requesting a payment holiday for 8 months on my loan please help,app,loan_servicing
TCK004473,hi teh one time passcode never arrives on my phone many thanks,email,account_access
TCK004474,the annual fee of £690.32 was applied twice to my statement,web,billing
TCK004475,hello what documents do I need to update my address!!,app,general_enquiry
TCK004476,hello what documents do I need to update my address thanks,email,general_enquiry
TCK004477,hi team need help with a charge on my account,app,billing
TCK004478,hello teh one time passcode never arrives on my phone please help,email,account_access
TCK004479,DEAR TEAM WHAT DOCUMENTS DO I NEED TO UPDATE MY ADDRESS.,email,general_enquiry
TCK004480,good morning please explain teh interest charge on my last statement,app,billing
TCK004481,"duplicate direct debit taken, need a refund of £303.98!!",web,billing
TCK004482,"hi duplicate direct debit taken, need a refund of £252.93 regards",email,billing
TCK004483,"HI MY CARD IS NOT WORKING, WHAT DO I DO.",app,complaint
TCK004484,"hi team locked out after three attempts, need my password reset many thanks",app,account_access
TCK004485,dear team what is the early settlement figure for my loan account many thanks,app,loan_servicing
TCK004486,HI TEAM I WANT TO MAKE AN OVERPAYMENT OF £47.58 ON MY LOAN PLEASE HELP,email,loan_servicing
TCK004487,hello teh one time passcode never arrives on my phone thanks,app,account_access
TCK004488,good morning is there a fee for withdrawing cash abroad!!,app,general_enquiry
TCK004489,dear team the one time passcode never arrives on my phone thanks,phone_transcript,account_access
TCK004490,"dear team duplicate direct debit taken, need a refund of £356.09 regards",email,billing
TCK004491,HELLO WHAT DOCUMENTS DO I NEED TO UPDATE MY ADDRESS MANY THANKS,email,general_enquiry
TCK004492,"hi team duplicate direct debit taken, need a refund of £389.69!",app,billing
TCK004493,HI TEAM THE ANNUAL FEE OF £591.61 WAS APPLIED TWICE TO MY STATEMENT!,phone_transcript,billing
TCK004494,"dear team third time raising this issue, nobody has called me back!!",app,complaint
TCK004495,the one time passcode never arrives on my phone many thanks,web,account_access
TCK004496,"THIRD TIME RAISING THIS ISSUE, NOBODY HAS CALLED ME BACK PLEASE HELP",app,complaint
TCK004497,hi I want to make an overpayment of £88.89 on my loan thanks,app,loan_servicing
TCK004498,PLEASE EXPLAIN THE INTEREST CHARGE ON MY LAST STATEMENT!,app,billing
TCK004499,"PLEASE REVIEW MY ACCOUNT, THE NUMBERS LOOK WRONG PLEASE HELP",email,loan_servicing
TCK004500,"hello my direct debit for teh loan failed, how do I catch up please help",web,loan_servicing
TCK004501,"hi please review my account, the numbers look wrong.",email,billing
TCK004502,PLEASE EXPLAIN THE INTEREST CHARGE ON MY LAST STATEMENT.,app,billing
TCK004503,"good morning duplicate direct debit taken, need a refund of £409.96!!",email,billing
TCK004504,good morning I want to make an overpayment of £421.89 on my loan.,email,loan_servicing
TCK004505,hello the one time passcode never arrives on my phone regards,email,account_access
TCK004506,something is wrong with my statement!,phone_transcript,fraud_dispute
TCK004507,GOOD MORNING WHAT DOCUMENTS DO I NEED TO UPDATE MY ADDRESS,email,general_enquiry
TCK004508,hi team I was billed £277.01 after I already cancelled teh service!,email,billing
TCK004509,"dear team issue with my payment, second time asking!",app,account_access
TCK004510,"HI TEAM UNAUTHORISED PAYMENT OF £510.75 SHOWING ON STATEMENT, CARD WAS IN MY WALLET",app,fraud_dispute
TCK004511,hi the one time passcode never arrives on my phone!,web,complaint
TCK004512,good morning the amount is not what I expected.,web,billing
TCK004513,"good morning someone used my debit card at TESCO EXPRESS, I want a chargeback regards",app,fraud_dispute
TCK004514,hi team the one time passcode never arrives on my phone please help,email,account_access
TCK004515,dear team the branch staff were rude and refused to escalate my case regards,app,complaint
TCK004516,"PLEASE REVIEW MY ACCOUNT, THE NUMBERS LOOK WRONG!",email,account_access
TCK004517,GOOD MORNING WHY WAS I CHARGED £747.11 THIS MONTH WHEN MY PLAN IS FIXED PLEASE HELP,email,billing
TCK004518,HI TEAM PLEASE EXPLAIN THE INTEREST CHARGE ON MY LAST STATEMENT.,app,billing
TCK004519,"hello unauthorised payment of £481.39 showing on statement, card was in my wallet.",phone_transcript,fraud_dispute
TCK004520,GOOD MORNING THE ONE TIME PASSCODE NEVER ARRIVES ON MY PHONE.,phone_transcript,account_access
TCK004521,DEAR TEAM I HAVE BEEN WAITING 6 WEEKS FOR A RESPONSE AND THIS IS UNACCEPTABLE!,app,complaint
TCK004522,hello requesting a payment holiday for 2 months on my loan,app,loan_servicing
TCK004523,good morning do you offer joint accounts for students!!,web,general_enquiry
TCK004524,hi team the annual fee of £195.49 was applied twice to my statement thanks,app,billing
TCK004525,"dear team this is teh worst service I have received, I am moving my accounts!",web,complaint
TCK004526,I did not authorise the £495.53 charge from RYANAIR on my card,web,fraud_dispute
TCK004527,dear team there is a problem with my account please call me please help,web,fraud_dispute
TCK004528,hi team what are your branch opening hours on a saturday!,app,general_enquiry
TCK004529,good morning do you offer joint accounts for students!!,email,fraud_dispute
TCK004530,good morning I was billed £15.36 after I already cancelled teh service,email,general_enquiry
TCK004531,"HI SOMEONE USED MY DEBIT CARD AT APPLE.COM/BILL, I WANT A CHARGEBACK REGARDS",phone_transcript,fraud_dispute
TCK004532,"good morning issue with my payment, second time asking",email,account_access
TCK004533,HI TEAM WHAT ARE YOUR BRANCH OPENING HOURS ON A SATURDAY MANY THANKS,email,general_enquiry
TCK004534,requesting a payment holiday for 6 months on my loan regards,web,loan_servicing
TCK004535,good morning I did not authorise the £300.82 charge from UBER TRIP on my card!!,web,fraud_dispute
TCK004536,HELLO BIOMETRIC LOGIN STOPPED WORKING AFTER THE LATEST UPDATE!,web,account_access
TCK004537,hello the branch staff were rude and refused to escalate my case many thanks,app,complaint
TCK004538,hi the annual fee of £263.21 was applied twice to my statement please help,web,billing
TCK004539,hello do you offer joint accounts for students!!,phone_transcript,general_enquiry
TCK004540,dear team please explain the interest charge on my last statement thanks,email,loan_servicing
TCK004541,CAN I CHANGE MY MONTHLY INSTALMENT DATE TO THE 7TH MANY THANKS,web,loan_servicing
TCK004542,hi team biometric login stopped working after the latest update many thanks,email,account_access
TCK004543,hello how do I order a replacement card for a lost one regards,email,general_enquiry
TCK004544,"hello please review my account, the numbers look wrong!",web,billing
TCK004545,CAN SOMEONE LOOK AT MY ACCOUNT URGENTLY!,email,fraud_dispute
TCK004546,HELLO REQUESTING A PAYMENT HOLIDAY FOR 6 MONTHS ON MY LOAN,email,loan_servicing
TCK004547,"hi someone used my debit card at STEAM GAMES, I want a chargeback",email,fraud_dispute
TCK004548,is there a fee for withdrawing cash abroad.,app,general_enquiry
TCK004549,I want to make a formal complaint about teh handling of my case.,app,complaint
TCK004550,HI TEAM MY USERNAME IS NOT RECOGNISED EVEN THOUGH THE ACCOUNT IS ACTIVE!,email,account_access
TCK004551,dear team the one time passcode never arrives on my phone.,phone_transcript,account_access
TCK004552,DEAR TEAM I DID NOT AUTHORISE THE £234.43 CHARGE FROM AMZN MKTPLACE ON MY CARD PLEASE HELP,web,loan_servicing
TCK004553,"hello locked out after three attempts, need my password reset!!",email,account_access
TCK004554,hi team biometric login stopped working after the latest update!,email,account_access
TCK004555,good morning what are your branch opening hours on a saturday.,web,general_enquiry
TCK004556,the branch staff were rude and refused to escalate my case,app,complaint
TCK004557,"unauthorised payment of £591.53 showing on statement, card was in my wallet!",email,fraud_dispute
TCK004558,hello please explain the interest charge on my last statement!,app,billing
TCK004559,good morning what are your branch opening hours on a saturday!,email,general_enquiry
TCK004560,GOOD MORNING DO YOU OFFER JOINT ACCOUNTS FOR STUDENTS THANKS,app,general_enquiry
TCK004561,hello what are your branch opening hours on a saturday!,email,general_enquiry
TCK004562,dear team how do I order a replacement card for a lost one please help,app,general_enquiry
TCK004563,hello the annual fee of £566.18 was applied twice to my statement regards,phone_transcript,billing
TCK004564,dear team teh annual fee of £71.97 was applied twice to my statement!,email,billing
TCK004565,hi team something is wrong with my statement many thanks,email,account_access
TCK004566,"hi team unauthorised payment of £475.53 showing on statement, card was in my wallet.",phone_transcript,fraud_dispute
TCK004567,hi can I change my monthly instalment date to teh 5th please help,email,loan_servicing
TCK004568,HI TEAM DO YOU OFFER JOINT ACCOUNTS FOR STUDENTS THANKS,web,general_enquiry
TCK004569,"hi my card is not working, what do I do!",app,account_access
TCK004570,"third time raising this issue, nobody has called me back many thanks",web,complaint
TCK004571,hello what documents do I need to update my address thanks,email,general_enquiry
TCK004572,dear team there are 4 transactions I do not recognise please block the card,web,fraud_dispute
TCK004573,"DEAR TEAM MY DIRECT DEBIT FOR THE LOAN FAILED, HOW DO I CATCH UP REGARDS",phone_transcript,loan_servicing
TCK004574,"HELLO DUPLICATE DIRECT DEBIT TAKEN, NEED A REFUND OF £432.64!!",app,billing
TCK004575,WHY WAS I CHARGED £399.40 THIS MONTH WHEN MY PLAN IS FIXED PLEASE HELP,app,billing
TCK004576,HI PLEASE EXPLAIN THE INTEREST CHARGE ON MY LAST STATEMENT THANKS,app,billing
TCK004577,"hello locked out after three attempts, need my password reset many thanks",email,account_access
TCK004578,"dear team locked out after three attempts, need my password reset!",app,account_access
TCK004579,good morning I was billed £430.34 after I already cancelled the service,app,billing
TCK004580,"hi team unauthorised payment of £193.31 showing on statement, card was in my wallet.",phone_transcript,fraud_dispute
TCK004581,hi team the one time passcode never arrives on my phone!!,phone_transcript,account_access
TCK004582,"hello third time raising this issue, nobody has called me back!",email,fraud_dispute
TCK004583,"LOCKED OUT AFTER THREE ATTEMPTS, NEED MY PASSWORD RESET REGARDS",web,account_access
TCK004584,"HI TEAM ISSUE WITH MY PAYMENT, SECOND TIME ASKING!!",phone_transcript,general_enquiry
TCK004585,I WANT TO MAKE A FORMAL COMPLAINT ABOUT THE HANDLING OF MY CASE!,email,billing
TCK004586,"good morning cannot log in to the app, it says my credentials are invalid thanks",app,account_access
TCK004587,good morning can I change my monthly instalment date to teh 2th many thanks,web,loan_servicing
TCK004588,hi team do you offer joint accounts for students many thanks,phone_transcript,general_enquiry
TCK004589,DEAR TEAM HOW DO I ORDER A REPLACEMENT CARD FOR A LOST ONE.,email,general_enquiry
TCK004590,hello my username is not recognised even though the account is active please help,app,account_access
TCK004591,hello requesting a payment holiday for 6 months on my loan please help,phone_transcript,loan_servicing
TCK004592,dear team I have been waiting 6 weeks for a response and this is unacceptable!!,web,complaint
TCK004593,SOMETHING IS WRONG WITH MY STATEMENT THANKS,app,fraud_dispute
TCK004594,"dear team issue with my payment, second time asking",app,loan_servicing
TCK004595,hello there are 4 transactions I do not recognise please block the card many thanks,phone_transcript,fraud_dispute
TCK004596,dear team teh one time passcode never arrives on my phone please help,phone_transcript,account_access
TCK004597,HI WHAT IS THE EARLY SETTLEMENT FIGURE FOR MY LOAN ACCOUNT MANY THANKS,email,loan_servicing
TCK004598,my username is not recognised even though teh account is active regards,app,account_access
TCK004599,good morning I was billed £436.75 after I already cancelled the service regards,web,billing
TCK004600,good morning my username is not recognised even though the account is active thanks,app,fraud_dispute
TCK004601,I WANT TO MAKE A FORMAL COMPLAINT ABOUT THE HANDLING OF MY CASE,email,complaint
TCK004602,good morning I want to make a formal complaint about the handling of my case please help,app,complaint
TCK004603,GOOD MORNING WHAT ARE YOUR BRANCH OPENING HOURS ON A SATURDAY PLEASE HELP,email,general_enquiry
TCK004604,HI THE BRANCH STAFF WERE RUDE AND REFUSED TO ESCALATE MY CASE PLEASE HELP,email,complaint
TCK004605,good morning why was I charged £468.34 this month when my plan is fixed,email,billing
TCK004606,do you offer joint accounts for students,app,general_enquiry
TCK004607,HI TEAM WHY WAS I CHARGED £625.38 THIS MONTH WHEN MY PLAN IS FIXED MANY THANKS,app,billing
TCK004608,GOOD MORNING CAN I CHANGE MY MONTHLY INSTALMENT DATE TO THE 6TH,email,loan_servicing
TCK004609,DEAR TEAM I DID NOT AUTHORISE THE £507.61 CHARGE FROM UBER TRIP ON MY CARD,email,fraud_dispute
TCK004610,"GOOD MORNING UNAUTHORISED PAYMENT OF £101.52 SHOWING ON STATEMENT, CARD WAS IN MY WALLET.",app,fraud_dispute
TCK004611,"dear team duplicate direct debit taken, need a refund of £248.76!!",email,fraud_dispute
TCK004612,dear team something is wrong with my statement thanks,app,loan_servicing
TCK004613,dear team can I change my monthly instalment date to the 6th many thanks,phone_transcript,loan_servicing
TCK004614,"hi locked out after three attempts, need my password reset many thanks",app,account_access
TCK004615,HELLO MY USERNAME IS NOT RECOGNISED EVEN THOUGH THE ACCOUNT IS ACTIVE.,email,account_access
TCK004616,"dear team issue with my payment, second time asking.",email,fraud_dispute
TCK004617,DEAR TEAM PLEASE EXPLAIN THE INTEREST CHARGE ON MY LAST STATEMENT THANKS,web,billing
TCK004618,hi why was I charged £816.18 this month when my plan is fixed!!,web,billing
TCK004619,good morning I want to make a formal complaint about the handling of my case,app,complaint
TCK004620,"hi someone used my debit card at UBER TRIP, I want a chargeback thanks",web,fraud_dispute
TCK004621,"good morning third time raising this issue, nobody has called me back",web,complaint
TCK004622,hi please explain the interest charge on my last statement thanks,app,billing
TCK004623,hi team my username is not recognised even though the account is active please help,phone_transcript,account_access
TCK004624,"hello my direct debit for teh loan failed, how do I catch up!!",app,loan_servicing
TCK004625,dear team I did not authorise the £417.91 charge from APPLE.COM/BILL on my card many thanks,app,fraud_dispute
TCK004626,"LOCKED OUT AFTER THREE ATTEMPTS, NEED MY PASSWORD RESET.",email,account_access
TCK004627,"DEAR TEAM CANNOT LOG IN TO THE APP, IT SAYS MY CREDENTIALS ARE INVALID",web,account_access
TCK004628,good morning money missing from my account!!,web,account_access
TCK004629,do you offer joint accounts for students!!,app,general_enquiry
TCK004630,hello the branch staff were rude and refused to escalate my case,email,complaint
TCK004631,hi team why was I charged £766.26 this month when my plan is fixed,app,billing
TCK004632,"dear team my account was compromised after a phishing text, £634.80 is missing!!",app,fraud_dispute
TCK004633,I DID NOT AUTHORISE THE £576.13 CHARGE FROM AMZN MKTPLACE ON MY CARD MANY THANKS,app,fraud_dispute
TCK004634,"HELLO PAYMENT ISSUE ON MY ACCOUNT, NEED THIS SORTED TODAY THANKS",app,fraud_dispute
TCK004635,HI BIOMETRIC LOGIN STOPPED WORKING AFTER THE LATEST UPDATE PLEASE HELP,app,account_access
TCK004636,hi team biometric login stopped working after the latest update please help,email,account_access
TCK004637,"hello this is the worst service I have received, I am moving my accounts!",email,complaint
TCK004638,hello please explain the interest charge on my last statement,app,billing
TCK004639,"hello locked out after three attempts, need my password reset!",app,account_access
TCK004640,hello requesting a payment holiday for 5 months on my loan regards,phone_transcript,loan_servicing
TCK004641,DEAR TEAM WHY WAS I CHARGED £800.84 THIS MONTH WHEN MY PLAN IS FIXED THANKS,phone_transcript,billing
TCK004642,"good morning duplicate direct debit taken, need a refund of £258.32",app,billing
TCK004643,"HI DUPLICATE DIRECT DEBIT TAKEN, NEED A REFUND OF £250.97.",web,billing
TCK004644,DEAR TEAM THE ANNUAL FEE OF £506.78 WAS APPLIED TWICE TO MY STATEMENT.,phone_transcript,billing
TCK004645,I was billed £322.16 after I already cancelled the service.,app,billing
TCK004646,hi the one time passcode never arrives on my phone,app,account_access
TCK004647,"good morning payment issue on my account, need this sorted today many thanks",phone_transcript,billing
TCK004648,hi is there a fee for withdrawing cash abroad thanks,web,general_enquiry
TCK004649,"hi payment issue on my account, need this sorted today.",phone_transcript,general_enquiry
TCK004650,hi is there a fee for withdrawing cash abroad regards,app,general_enquiry
TCK004651,"dear team payment issue on my account, need this sorted today!!",app,loan_servicing
TCK004652,hello something is wrong with my statement,email,fraud_dispute
TCK004653,hello the one time passcode never arrives on my phone many thanks,web,account_access
TCK004654,THERE ARE 6 TRANSACTIONS I DO NOT RECOGNISE PLEASE BLOCK THE CARD REGARDS,app,fraud_dispute
TCK004655,"HELLO THIRD TIME RAISING THIS ISSUE, NOBODY HAS CALLED ME BACK.",app,complaint
TCK004656,dear team do you offer joint accounts for students many thanks,app,general_enquiry
TCK004657,"third time raising this issue, nobody has called me back please help",app,complaint
TCK004658,I want to make a formal complaint about the handling of my case regards,email,complaint
TCK004659,HI TEAM I WANT TO MAKE AN OVERPAYMENT OF £207.09 ON MY LOAN!!,app,loan_servicing
TCK004660,hello my username is not recognised even though the account is active please help,app,account_access
TCK004661,GOOD MORNING THE BRANCH STAFF WERE RUDE AND REFUSED TO ESCALATE MY CASE.,web,complaint
TCK004662,GOOD MORNING MY USERNAME IS NOT RECOGNISED EVEN THOUGH THE ACCOUNT IS ACTIVE,web,complaint
TCK004663,"hello my direct debit for the loan failed, how do I catch up!",phone_transcript,loan_servicing
TCK004664,hello what is the early settlement figure for my loan acount regards,email,loan_servicing
TCK004665,hello my username is not recognised even though the account is active please help,app,account_access
TCK004666,THE ANNUAL FEE OF £391.31 WAS APPLIED TWICE TO MY STATEMENT!!,email,billing
TCK004667,"hi third time raising this issue, nobody has called me back many thanks",email,complaint
TCK004668,"GOOD MORNING CANNOT LOG IN TO THE APP, IT SAYS MY CREDENTIALS ARE INVALID",email,account_access
TCK004669,why was I charged £577.54 this month when my plan is fixed!!,app,billing
TCK004670,good morning I want to make an overpayment of £292.22 on my loan,email,loan_servicing
TCK004671,hello is there a fee for withdrawing cash abroad many thanks,web,general_enquiry
TCK004672,"hello this is the worst service I have received, I am moving my accounts thanks",phone_transcript,complaint
TCK004673,HI TEAM I HAVE BEEN WAITING 5 WEEKS FOR A RESPONSE AND THIS IS UNACCEPTABLE,app,complaint
TCK004674,DEAR TEAM I WAS BILLED £172.50 AFTER I ALREADY CANCELLED THE SERVICE REGARDS,email,billing
TCK004675,I WAS BILLED £180.23 AFTER I ALREADY CANCELLED THE SERVICE THANKS,web,billing
TCK004676,"good morning issue with my payment, second time asking",app,loan_servicing
TCK004677,hi team something is wrong with my statement.,email,general_enquiry
TCK004678,there is a problem with my acount please call me.,email,account_access
TCK004679,hi team I did not authorise the £172.10 charge from AMZN MKTPLACE on my card many thanks,app,fraud_dispute
TCK004680,dear team the one time passcode never arrives on my phone regards,email,fraud_dispute
TCK004681,good morning do you offer joint accounts for students please help,app,general_enquiry
TCK004682,HI THE AMOUNT IS NOT WHAT I EXPECTED!,web,billing
TCK004683,hello do you offer joint accounts for students,web,general_enquiry
TCK004684,DEAR TEAM PLEASE EXPLAIN THE INTEREST CHARGE ON MY LAST STATEMENT MANY THANKS,email,billing
TCK004685,"hi duplicate direct debit taken, need a refund of £730.13",web,billing
TCK004686,CAN SOMEONE LOOK AT MY ACCOUNT URGENTLY REGARDS,app,loan_servicing
TCK004687,"hi please review my account, the numbers look wrong",phone_transcript,general_enquiry
TCK004688,hello money missing from my acount!,email,billing
TCK004689,hi the annual fee of £707.30 was applied twice to my statement,web,billing
TCK004690,"GOOD MORNING MY ACCOUNT WAS COMPROMISED AFTER A PHISHING TEXT, £799.26 IS MISSING MANY THANKS",web,fraud_dispute
TCK004691,"good morning my direct debit for the loan failed, how do I catch up thanks",phone_transcript,loan_servicing
TCK004692,dear team do you offer joint accounts for students thanks,app,general_enquiry
TCK004693,hi what documents do I need to update my address,email,general_enquiry
TCK004694,hi requesting a payment holiday for 4 months on my loan please help,web,loan_servicing
TCK004695,HI TEAM THE ONE TIME PASSCODE NEVER ARRIVES ON MY PHONE PLEASE HELP,email,account_access
TCK004696,"hello issue with my payment, second time asking please help",app,general_enquiry
TCK004697,good morning is there a fee for withdrawing cash abroad regards,app,general_enquiry
TCK004698,good morning what documents do I need to update my address!!,phone_transcript,general_enquiry
TCK004699,"hi team my account was compromised after a phishing text, £854.04 is missing!!",app,fraud_dispute
TCK004700,"good morning duplicate direct debit taken, need a refund of £275.43.",web,billing
TCK004701,"dear team my direct debit for the loan failed, how do I catch up.",email,loan_servicing
TCK004702,"hello duplicate direct debit taken, need a refund of £44.52 thanks",phone_transcript,billing
TCK004703,dear team the annual fee of £263.00 was applied twice to my statement!,app,billing
TCK004704,hello please explain the interest charge on my last statement regards,web,billing
TCK004705,hi team what is the early settlement figure for my loan acount!,email,loan_servicing
TCK004706,"hi please review my account, the numbers look wrong please help",app,account_access
TCK004707,DEAR TEAM WHY WAS I CHARGED £687.82 THIS MONTH WHEN MY PLAN IS FIXED,email,billing
TCK004708,"hello cannot log in to the app, it says my credentials are invalid thanks",app,account_access
TCK004709,"hi payment issue on my account, need this sorted today!!",app,fraud_dispute
TCK004710,hi the annual fee of £746.97 was applied twice to my statement regards,app,billing
TCK004711,good morning what documents do I need to update my address please help,app,general_enquiry
TCK004712,HI I WANT TO MAKE AN OVERPAYMENT OF £805.80 ON MY LOAN REGARDS,app,loan_servicing
TCK004713,dear team biometric login stopped working after the latest update!,app,account_access
TCK004714,DEAR TEAM WHY WAS I CHARGED £803.72 THIS MONTH WHEN MY PLAN IS FIXED,email,billing
TCK004715,"hi team duplicate direct debit taken, need a refund of £135.47!!",app,billing
TCK004716,"dear team my direct debit for the loan failed, how do I catch up",email,loan_servicing
TCK004717,good morning I have been waiting 3 weeks for a response and this is unacceptable!!,app,complaint
TCK004718,there are 6 transactions I do not recognise please block the card.,email,fraud_dispute
TCK004719,HELLO I WAS BILLED £435.57 AFTER I ALREADY CANCELLED THE SERVICE MANY THANKS,app,billing
TCK004720,"dear team payment issue on my account, need this sorted today many thanks",email,account_access
TCK004721,hi team what documents do I need to update my address!!,app,general_enquiry
TCK004722,"dear team locked out after three attempts, need my password reset!",app,fraud_dispute
TCK004723,hello do you offer joint accounts for students please help,phone_transcript,general_enquiry
TCK004724,"good morning someone used my debit card at APPLE.COM/BILL, I want a chargeback.",web,fraud_dispute
TCK004725,hello my username is not recognised even though the account is active please help,web,account_access
TCK004726,"good morning this is the worst service I have received, I am moving my accounts",phone_transcript,complaint
TCK004727,"DEAR TEAM MY ACCOUNT WAS COMPROMISED AFTER A PHISHING TEXT, £448.01 IS MISSING REGARDS",email,fraud_dispute
TCK004728,HELLO THE ANNUAL FEE OF £318.20 WAS APPLIED TWICE TO MY STATEMENT THANKS,web,billing
TCK004729,"hello duplicate direct debit taken, need a refund of £845.42 thanks",email,billing
TCK004730,the annual fee of £601.63 was applied twice to my statement many thanks,app,billing
TCK004731,hi I want to make an overpayment of £337.30 on my loan please help,web,loan_servicing
TCK004732,good morning how do I order a replacement card for a lost one!!,app,general_enquiry
TCK004733,"hello my direct debit for the loan failed, how do I catch up regards",email,loan_servicing
TCK004734,"hi team my account was compromised after a phishing text, £333.24 is missing thanks",phone_transcript,fraud_dispute
TCK004735,dear team there is a problem with my account please call me thanks,phone_transcript,general_enquiry
TCK004736,THE ONE TIME PASSCODE NEVER ARRIVES ON MY PHONE,email,account_access
TCK004737,hi there is a problem with my account please call me.,email,loan_servicing
TCK004738,good morning I was billed £862.22 after I already cancelled teh service!!,app,billing
TCK004739,HELLO MY USERNAME IS NOT RECOGNISED EVEN THOUGH THE ACCOUNT IS ACTIVE THANKS,app,account_access
TCK004740,GOOD MORNING THE AMOUNT IS NOT WHAT I EXPECTED REGARDS,phone_transcript,complaint
TCK004741,GOOD MORNING MY USERNAME IS NOT RECOGNISED EVEN THOUGH THE ACCOUNT IS ACTIVE MANY THANKS,email,account_access
TCK004742,"good morning duplicate direct debit taken, need a refund of £892.93",phone_transcript,billing
TCK004743,dear team please explain the interest charge on my last statement many thanks,email,billing
TCK004744,hi the one time passcode never arrives on my phone thanks,app,account_access
TCK004745,HI WHAT DOCUMENTS DO I NEED TO UPDATE MY ADDRESS MANY THANKS,app,general_enquiry
TCK004746,hello my username is not recognised even though the account is active regards,app,account_access
TCK004747,hi team what are your branch opening hours on a saturday!,phone_transcript,general_enquiry
TCK004748,good morning biometric login stopped working after the latest update thanks,web,account_access
TCK004749,GOOD MORNING I WANT TO MAKE AN OVERPAYMENT OF £181.91 ON MY LOAN REGARDS,app,loan_servicing
TCK004750,DEAR TEAM WHY WAS I CHARGED £545.74 THIS MONTH WHEN MY PLAN IS FIXED!,web,billing
TCK004751,DEAR TEAM I WAS BILLED £97.35 AFTER I ALREADY CANCELLED THE SERVICE,email,billing
TCK004752,"good morning my direct debit for the loan failed, how do I catch up please help",web,loan_servicing
TCK004753,HI TEAM THE BRANCH STAFF WERE RUDE AND REFUSED TO ESCALATE MY CASE,phone_transcript,complaint
TCK004754,hello the one time passcode never arrives on my phone please help,email,account_access
TCK004755,"hello locked out after three attempts, need my password reset!",phone_transcript,account_access
TCK004756,hi I want to make an overpayment of £38.55 on my loan thanks,email,loan_servicing
TCK004757,hello what documents do I need to update my address,email,general_enquiry
TCK004758,hello I have been waiting 6 weeks for a response and this is unacceptable!!,web,complaint
TCK004759,HELLO WHAT DOCUMENTS DO I NEED TO UPDATE MY ADDRESS THANKS,app,general_enquiry
TCK004760,hi can someone look at my account urgently!!,app,complaint
TCK004761,hello the amount is not what I expected!,app,billing
TCK004762,HI TEAM I WAS BILLED £466.05 AFTER I ALREADY CANCELLED THE SERVICE MANY THANKS,app,billing
TCK004763,DEAR TEAM HOW DO I ORDER A REPLACEMENT CARD FOR A LOST ONE MANY THANKS,phone_transcript,general_enquiry
TCK004764,"hi this is the worst service I have received, I am moving my accounts many thanks",app,complaint
TCK004765,hello I was billed £591.16 after I already cancelled the service regards,app,billing
TCK004766,"dear team issue with my payment, second time asking regards",email,complaint
TCK004767,dear team money missing from my account please help,app,loan_servicing
TCK004768,good morning requesting a payment holiday for 5 months on my loan.,app,loan_servicing
TCK004769,do you offer joint accounts for students please help,app,general_enquiry
TCK004770,good morning how do I order a replacement card for a lost one!,app,general_enquiry
TCK004771,"HI LOCKED OUT AFTER THREE ATTEMPTS, NEED MY PASSWORD RESET!!",web,account_access
TCK004772,"GOOD MORNING CANNOT LOG IN TO THE APP, IT SAYS MY CREDENTIALS ARE INVALID",app,account_access
TCK004773,hi team teh amount is not what I expected,email,general_enquiry
TCK004774,"dear team third time raising this issue, nobody has called me back!!",email,complaint
TCK004775,"dear team third time raising this issue, nobody has called me back many thanks",app,complaint
TCK004776,"CANNOT LOG IN TO THE APP, IT SAYS MY CREDENTIALS ARE INVALID THANKS",email,account_access
TCK004777,"my card is not working, what do I do",email,fraud_dispute
TCK004778,"good morning issue with my payment, second time asking!",email,general_enquiry
TCK004779,"good morning locked out after three attempts, need my password reset regards",email,general_enquiry
TCK004780,HI TEAM I WANT TO MAKE A FORMAL COMPLAINT ABOUT THE HANDLING OF MY CASE,phone_transcript,loan_servicing
TCK004781,hi biometric login stopped working after the latest update please help,app,account_access
TCK004782,HELLO WHAT IS THE EARLY SETTLEMENT FIGURE FOR MY LOAN ACCOUNT!,app,loan_servicing
TCK004783,"GOOD MORNING MY ACCOUNT WAS COMPROMISED AFTER A PHISHING TEXT, £460.90 IS MISSING PLEASE HELP",app,fraud_dispute
TCK004784,"HI PAYMENT ISSUE ON MY ACCOUNT, NEED THIS SORTED TODAY.",app,fraud_dispute
TCK004785,good morning can someone look at my account urgently many thanks,app,loan_servicing
TCK004786,good morning there are 4 transactions I do not recognise please block the card please help,app,fraud_dispute
TCK004787,hello please explain the interest charge on my last statement thanks,app,billing
TCK004788,"dear team unauthorised payment of £32.11 showing on statement, card was in my wallet regards",app,fraud_dispute
TCK004789,hi team the amount is not what I expected,app,account_access
TCK004790,"HI SOMEONE USED MY DEBIT CARD AT UBER TRIP, I WANT A CHARGEBACK.",app,fraud_dispute
TCK004791,good morning I want to make an overpayment of £312.36 on my loan!,phone_transcript,loan_servicing
TCK004792,"HI TEAM MY CARD IS NOT WORKING, WHAT DO I DO",web,general_enquiry
TCK004793,good morning the one time passcode never arrives on my phone thanks,email,billing
TCK004794,DO YOU OFFER JOINT ACCOUNTS FOR STUDENTS,phone_transcript,general_enquiry
TCK004795,"good morning payment issue on my account, need this sorted today!!",phone_transcript,loan_servicing
TCK004796,good morning the annual fee of £599.15 was applied twice to my statement!,phone_transcript,billing
TCK004797,hi team I want to make a formal complaint about the handling of my case!!,app,complaint
TCK004798,good morning what is the early settlement figure for my loan account please help,app,loan_servicing
TCK004799,"hi please review my account, the numbers look wrong",email,fraud_dispute
TCK004800,"hello locked out after three attempts, need my password reset thanks",app,account_access
TCK004801,"hi team issue with my payment, second time asking",web,account_access
TCK004802,dear team do you offer joint accounts for students many thanks,web,general_enquiry
TCK004803,hi I want to make an overpayment of £822.20 on my loan thanks,phone_transcript,loan_servicing
TCK004804,hi team please explain the interest charge on my last statement thanks,app,billing
TCK004805,"hi unauthorised payment of £565.84 showing on statement, card was in my wallet many thanks",app,fraud_dispute
TCK004806,hi team my username is not recognised even though the account is active thanks,phone_transcript,account_access
TCK004807,"dear team someone used my debit card at RYANAIR, I want a chargeback.",web,fraud_dispute
TCK004808,DEAR TEAM CAN SOMEONE LOOK AT MY ACCOUNT URGENTLY MANY THANKS,app,account_access
TCK004809,need help with a charge on my account please help,app,general_enquiry
TCK004810,hi the branch staff were rude and refused to escalate my case please help,email,complaint
TCK004811,HI IS THERE A FEE FOR WITHDRAWING CASH ABROAD.,email,general_enquiry
TCK004812,GOOD MORNING THERE ARE 6 TRANSACTIONS I DO NOT RECOGNISE PLEASE BLOCK THE CARD MANY THANKS,phone_transcript,fraud_dispute
TCK004813,please explain teh interest charge on my last statement,phone_transcript,billing
TCK004814,"HELLO SOMEONE USED MY DEBIT CARD AT UBER TRIP, I WANT A CHARGEBACK REGARDS",app,fraud_dispute
TCK004815,"hi locked out after three attempts, need my password reset regards",app,account_access
TCK004816,good morning is there a fee for withdrawing cash abroad.,app,general_enquiry
TCK004817,HELLO WHY WAS I CHARGED £462.56 THIS MONTH WHEN MY PLAN IS FIXED MANY THANKS,phone_transcript,billing
TCK004818,HI THE ANNUAL FEE OF £442.88 WAS APPLIED TWICE TO MY STATEMENT REGARDS,app,billing
TCK004819,WHAT ARE YOUR BRANCH OPENING HOURS ON A SATURDAY!,email,general_enquiry
TCK004820,DEAR TEAM HOW DO I ORDER A REPLACEMENT CARD FOR A LOST ONE,app,general_enquiry
TCK004821,"dear team my card is not working, what do I do regards",app,general_enquiry
TCK004822,"HI MY DIRECT DEBIT FOR THE LOAN FAILED, HOW DO I CATCH UP PLEASE HELP",email,loan_servicing
TCK004823,hello I did not authorise teh £324.05 charge from RYANAIR on my card please help,email,fraud_dispute
TCK004824,"dear team payment issue on my account, need this sorted today",app,billing
TCK004825,hi team why was I charged £536.26 this month when my plan is fixed many thanks,web,billing
TCK004826,HI BIOMETRIC LOGIN STOPPED WORKING AFTER THE LATEST UPDATE PLEASE HELP,email,account_access
TCK004827,hi team how do I order a replacement card for a lost one!!,email,general_enquiry
TCK004828,"good morning my account was compromised after a phishing text, £285.64 is missing many thanks",app,fraud_dispute
TCK004829,there is a problem with my acount please call me!,app,billing
TCK004830,hi team there is a problem with my account please call me.,email,complaint
TCK004831,dear team please explain the interest charge on my last statement regards,app,billing
TCK004832,good morning I was billed £630.44 after I already cancelled the service regards,app,billing
TCK004833,hi I did not authorise the £560.55 charge from UBER TRIP on my card!,app,fraud_dispute
TCK004834,"hi issue with my payment, second time asking regards",email,general_enquiry
TCK004835,HI WHAT IS THE EARLY SETTLEMENT FIGURE FOR MY LOAN ACCOUNT!,email,loan_servicing
TCK004836,hello what is the early settlement figure for my loan account!!,app,loan_servicing
TCK004837,"please review my account, the numbers look wrong many thanks",app,account_access
TCK004838,hello I did not authorise the £333.77 charge from STEAM GAMES on my card please help,phone_transcript,fraud_dispute
TCK004839,hi what is the early settlement figure for my loan account please help,phone_transcript,loan_servicing
TCK004840,hello teh annual fee of £307.21 was applied twice to my statement please help,app,billing
TCK004841,hi how do I order a replacement card for a lost one please help,web,general_enquiry
TCK004842,dear team need help with a charge on my account!,app,general_enquiry
TCK004843,"HI TEAM MY DIRECT DEBIT FOR THE LOAN FAILED, HOW DO I CATCH UP!",app,loan_servicing
TCK004844,hi team my username is not recognised even though teh account is active please help,app,account_access
TCK004845,HELLO THERE IS A PROBLEM WITH MY ACCOUNT PLEASE CALL ME MANY THANKS,app,billing
TCK004846,good morning I want to make a formal complaint about teh handling of my case many thanks,web,complaint
TCK004847,"dear team this is the worst service I have received, I am moving my accounts.",email,complaint
TCK004848,HELLO WHAT DOCUMENTS DO I NEED TO UPDATE MY ADDRESS!!,app,general_enquiry
TCK004849,WHAT DOCUMENTS DO I NEED TO UPDATE MY ADDRESS!,email,general_enquiry
TCK004850,HI WHY WAS I CHARGED £78.29 THIS MONTH WHEN MY PLAN IS FIXED MANY THANKS,web,billing
TCK004851,hi team the branch staff were rude and refused to escalate my case many thanks,app,complaint
TCK004852,biometric login stopped working after the latest update many thanks,phone_transcript,account_access
TCK004853,good morning please explain the interest charge on my last statement.,app,billing
TCK004854,do you offer joint accounts for students many thanks,email,general_enquiry
TCK004855,good morning what is the early settlement figure for my loan account,phone_transcript,loan_servicing
TCK004856,DEAR TEAM I DID NOT AUTHORISE THE £508.59 CHARGE FROM STEAM GAMES ON MY CARD THANKS,email,fraud_dispute
TCK004857,"good morning please review my acount, teh numbers look wrong!!",app,general_enquiry
TCK004858,"hi my account was compromised after a phishing text, £138.41 is missing",phone_transcript,fraud_dispute
TCK004859,NEED HELP WITH A CHARGE ON MY ACCOUNT THANKS,email,account_access
TCK004860,good morning can I change my monthly instalment date to the 7th.,email,loan_servicing
TCK004861,"HI TEAM UNAUTHORISED PAYMENT OF £33.80 SHOWING ON STATEMENT, CARD WAS IN MY WALLET PLEASE HELP",app,fraud_dispute
TCK004862,"HI TEAM MY ACCOUNT WAS COMPROMISED AFTER A PHISHING TEXT, £817.96 IS MISSING THANKS",app,fraud_dispute
TCK004863,hello what are your branch opening hours on a saturday many thanks,app,general_enquiry
TCK004864,HI TEAM REQUESTING A PAYMENT HOLIDAY FOR 2 MONTHS ON MY LOAN PLEASE HELP,web,loan_servicing
TCK004865,hello my username is not recognised even though the account is active thanks,app,account_access
TCK004866,is there a fee for withdrawing cash abroad!!,email,general_enquiry
TCK004867,I want to make an overpayment of £753.40 on my loan many thanks,phone_transcript,loan_servicing
TCK004868,"good morning payment issue on my account, need this sorted today",email,fraud_dispute
TCK004869,HELLO THE ONE TIME PASSCODE NEVER ARRIVES ON MY PHONE!,app,loan_servicing
TCK004870,hi what are your branch opening hours on a saturday!!,email,loan_servicing
TCK004871,"duplicate direct debit taken, need a refund of £833.84 thanks",app,billing
TCK004872,hi how do I order a replacement card for a lost one!!,email,general_enquiry
TCK004873,hi team the annual fee of £574.60 was applied twice to my statement!,app,billing
TCK004874,hello why was I charged £613.17 this month when my plan is fixed.,web,billing
TCK004875,something is wrong with my statement!,app,account_access
TCK004876,hi team the annual fee of £208.42 was applied twice to my statement!,email,billing
TCK004877,"cannot log in to the app, it says my credentials are invalid please help",phone_transcript,account_access
TCK004878,"CANNOT LOG IN TO THE APP, IT SAYS MY CREDENTIALS ARE INVALID",web,account_access
TCK004879,GOOD MORNING WHY WAS I CHARGED £514.24 THIS MONTH WHEN MY PLAN IS FIXED MANY THANKS,email,billing
TCK004880,"hello someone used my debit card at STEAM GAMES, I want a chargeback thanks",web,fraud_dispute
TCK004881,GOOD MORNING I HAVE BEEN WAITING 2 WEEKS FOR A RESPONSE AND THIS IS UNACCEPTABLE PLEASE HELP,phone_transcript,complaint
TCK004882,"hello payment issue on my acount, need this sorted today.",app,billing
TCK004883,GOOD MORNING THE BRANCH STAFF WERE RUDE AND REFUSED TO ESCALATE MY CASE MANY THANKS,email,complaint
TCK004884,"hi team cannot log in to the app, it says my credentials are invalid!!",email,account_access
TCK004885,dear team my username is not recognised even though the account is active!,email,account_access
TCK004886,can someone look at my account urgently thanks,web,fraud_dispute
TCK004887,hello I want to make an overpayment of £888.72 on my loan.,app,loan_servicing
TCK004888,I was billed £629.57 after I already cancelled the service.,app,billing
TCK004889,HI TEAM MONEY MISSING FROM MY ACCOUNT,app,account_access
TCK004890,GOOD MORNING I DID NOT AUTHORISE THE £494.25 CHARGE FROM STEAM GAMES ON MY CARD!!,email,fraud_dispute
TCK004891,dear team what documents do I need to update my address please help,app,general_enquiry
TCK004892,hi how do I order a replacement card for a lost one.,web,general_enquiry
TCK004893,hi can I change my monthly instalment date to the 7th regards,web,loan_servicing
TCK004894,GOOD MORNING WHAT DOCUMENTS DO I NEED TO UPDATE MY ADDRESS!,web,general_enquiry
TCK004895,"GOOD MORNING MY DIRECT DEBIT FOR THE LOAN FAILED, HOW DO I CATCH UP!",app,loan_servicing
TCK004896,dear team is there a fee for withdrawing cash abroad please help,web,general_enquiry
TCK004897,good morning I have been waiting 8 weeks for a response and this is unacceptable thanks,web,complaint
TCK004898,hello is there a fee for withdrawing cash abroad!!,app,general_enquiry
TCK004899,HI I WANT TO MAKE A FORMAL COMPLAINT ABOUT THE HANDLING OF MY CASE.,web,billing
TCK004900,hi how do I order a replacement card for a lost one regards,email,general_enquiry
TCK004901,hi team the amount is not what I expected please help,email,general_enquiry
TCK004902,good morning do you offer joint accounts for students!,app,general_enquiry
TCK004903,hello what documents do I need to update my address!,phone_transcript,general_enquiry
TCK004904,hello why was I charged £206.87 this month when my plan is fixed.,phone_transcript,billing
TCK004905,"hello cannot log in to the app, it says my credentials are invalid.",app,account_access
TCK004906,HI TEAM DO YOU OFFER JOINT ACCOUNTS FOR STUDENTS THANKS,app,general_enquiry
TCK004907,dear team why was I charged £26.30 this month when my plan is fixed.,email,billing
TCK004908,good morning what is the early settlement figure for my loan account regards,email,loan_servicing
TCK004909,dear team there is a problem with my account please call me thanks,web,general_enquiry
TCK004910,dear team I want to make an overpayment of £869.92 on my loan please help,app,loan_servicing
TCK004911,good morning do you offer joint accounts for students!!,web,general_enquiry
TCK004912,hi money missing from my account thanks,web,complaint
TCK004913,"locked out after three attempts, need my password reset please help",app,account_access
TCK004914,what is the early settlement figure for my loan account thanks,app,loan_servicing
TCK004915,hi money missing from my account!!,email,billing
TCK004916,DO YOU OFFER JOINT ACCOUNTS FOR STUDENTS.,phone_transcript,general_enquiry
TCK004917,hello my username is not recognised even though the account is active regards,web,account_access
TCK004918,hi biometric login stopped working after the latest update regards,email,account_access
TCK004919,dear team I was billed £814.27 after I already cancelled the service.,app,billing
TCK004920,"my card is not working, what do I do.",app,loan_servicing
TCK004921,hello teh annual fee of £326.33 was applied twice to my statement.,email,billing
TCK004922,dear team the annual fee of £747.90 was applied twice to my statement regards,app,billing
TCK004923,GOOD MORNING WHAT DOCUMENTS DO I NEED TO UPDATE MY ADDRESS THANKS,web,general_enquiry
TCK004924,my username is not recognised even though the account is active thanks,app,account_access
TCK004925,HI WHAT DOCUMENTS DO I NEED TO UPDATE MY ADDRESS REGARDS,email,general_enquiry
TCK004926,HI PLEASE EXPLAIN THE INTEREST CHARGE ON MY LAST STATEMENT!!,email,billing
TCK004927,hi team biometric login stopped working after the latest update,app,account_access
TCK004928,hi money missing from my account!,email,account_access
TCK004929,GOOD MORNING BIOMETRIC LOGIN STOPPED WORKING AFTER THE LATEST UPDATE,web,account_access
TCK004930,dear team requesting a payment holiday for 4 months on my loan please help,phone_transcript,loan_servicing
TCK004931,"someone used my debit card at RYANAIR, I want a chargeback many thanks",web,fraud_dispute
TCK004932,hi biometric login stopped working after the latest update please help,email,loan_servicing
TCK004933,dear team is there a fee for withdrawing cash abroad many thanks,phone_transcript,general_enquiry
TCK004934,"hello payment issue on my account, need this sorted today thanks",email,loan_servicing
TCK004935,"HI TEAM THIS IS THE WORST SERVICE I HAVE RECEIVED, I AM MOVING MY ACCOUNTS REGARDS",phone_transcript,complaint
TCK004936,"HELLO MY ACCOUNT WAS COMPROMISED AFTER A PHISHING TEXT, £387.43 IS MISSING PLEASE HELP",app,fraud_dispute
TCK004937,I DID NOT AUTHORISE THE £477.95 CHARGE FROM RYANAIR ON MY CARD MANY THANKS,app,fraud_dispute
TCK004938,good morning what is teh early settlement figure for my loan account!!,email,loan_servicing
TCK004939,hi team I did not authorise the £455.56 charge from UBER TRIP on my card.,app,fraud_dispute
TCK004940,"hi my card is not working, what do I do!!",email,account_access
TCK004941,hello I have been waiting 7 weeks for a response and this is unacceptable.,email,complaint
TCK004942,dear team something is wrong with my statement.,email,billing
TCK004943,hi biometric login stopped working after the latest update.,app,account_access
TCK004944,dear team I was billed £396.53 after I already cancelled the service!,email,billing
TCK004945,I want to make an overpayment of £408.98 on my loan regards,app,loan_servicing
TCK004946,hello what are your branch opening hours on a saturday,phone_transcript,general_enquiry
TCK004947,PLEASE EXPLAIN THE INTEREST CHARGE ON MY LAST STATEMENT REGARDS,app,billing
TCK004948,good morning the branch staff were rude and refused to escalate my case thanks,web,complaint
TCK004949,WHAT DOCUMENTS DO I NEED TO UPDATE MY ADDRESS PLEASE HELP,email,general_enquiry
TCK004950,requesting a payment holiday for 2 months on my loan!!,app,loan_servicing
TCK004951,hi team need help with a charge on my account thanks,web,loan_servicing
TCK004952,"third time raising this issue, nobody has called me back please help",email,complaint
TCK004953,do you offer joint accounts for students please help,web,general_enquiry
TCK004954,GOOD MORNING THE ANNUAL FEE OF £548.77 WAS APPLIED TWICE TO MY STATEMENT!,app,complaint
TCK004955,"LOCKED OUT AFTER THREE ATTEMPTS, NEED MY PASSWORD RESET!!",web,account_access
TCK004956,"hi team my direct debit for teh loan failed, how do I catch up",app,loan_servicing
TCK004957,hi my username is not recognised even though teh account is active.,app,complaint
TCK004958,"GOOD MORNING MY DIRECT DEBIT FOR THE LOAN FAILED, HOW DO I CATCH UP.",email,loan_servicing
TCK004959,"good morning payment issue on my account, need this sorted today thanks",email,loan_servicing
TCK004960,"hi issue with my payment, second time asking",web,billing
TCK004961,"HELLO UNAUTHORISED PAYMENT OF £349.71 SHOWING ON STATEMENT, CARD WAS IN MY WALLET.",app,fraud_dispute
TCK004962,"cannot log in to the app, it says my credentials are invalid.",web,account_access
TCK004963,hi money missing from my account!!,app,complaint
TCK004964,HI I WAS BILLED £281.28 AFTER I ALREADY CANCELLED THE SERVICE THANKS,app,billing
TCK004965,hello what documents do I need to update my address regards,phone_transcript,general_enquiry
TCK004966,GOOD MORNING WHY WAS I CHARGED £108.23 THIS MONTH WHEN MY PLAN IS FIXED!!,app,billing
TCK004967,GOOD MORNING PLEASE EXPLAIN THE INTEREST CHARGE ON MY LAST STATEMENT.,phone_transcript,billing
TCK004968,dear team do you offer joint accounts for students thanks,phone_transcript,general_enquiry
TCK004969,"hi my account was compromised after a phishing text, £449.08 is missing many thanks",phone_transcript,fraud_dispute
TCK004970,"hi team my direct debit for the loan failed, how do I catch up thanks",app,loan_servicing
TCK004971,dear team there is a problem with my account please call me!,email,general_enquiry
TCK004972,"this is the worst service I have received, I am moving my accounts many thanks",web,complaint
TCK004973,"hi team this is the worst service I have received, I am moving my accounts!!",phone_transcript,complaint
TCK004974,"hi team unauthorised payment of £566.11 showing on statement, card was in my wallet thanks",phone_transcript,fraud_dispute
TCK004975,good morning do you offer joint accounts for students thanks,web,general_enquiry
TCK004976,is there a fee for withdrawing cash abroad!,email,general_enquiry
TCK004977,good morning requesting a payment holiday for 8 months on my loan thanks,web,loan_servicing
TCK004978,"issue with my payment, second time asking many thanks",email,loan_servicing
TCK004979,dear team what are your branch opening hours on a saturday many thanks,phone_transcript,general_enquiry
TCK004980,good morning biometric login stopped working after the latest update many thanks,app,account_access
TCK004981,hi team what documents do I need to update my address,app,general_enquiry
TCK004982,HI I DID NOT AUTHORISE THE £12.50 CHARGE FROM AMZN MKTPLACE ON MY CARD PLEASE HELP,app,fraud_dispute
TCK004983,"DEAR TEAM MY ACCOUNT WAS COMPROMISED AFTER A PHISHING TEXT, £785.22 IS MISSING PLEASE HELP",app,fraud_dispute
TCK004984,"good morning my direct debit for the loan failed, how do I catch up many thanks",web,loan_servicing
TCK004985,"hi someone used my debit card at RYANAIR, I want a chargeback regards",app,fraud_dispute
TCK004986,"my card is not working, what do I do please help",email,billing
TCK004987,"duplicate direct debit taken, need a refund of £551.19!!",app,billing
TCK004988,hello I did not authorise teh £109.81 charge from APPLE.COM/BILL on my card!,web,fraud_dispute
TCK004989,how do I order a replacement card for a lost one!!,app,general_enquiry
TCK004990,I have been waiting 8 weeks for a response and this is unacceptable!!,web,complaint
TCK004991,"hello duplicate direct debit taken, need a refund of £130.97",email,billing
TCK004992,"my card is not working, what do I do!!",email,account_access
TCK004993,"hi duplicate direct debit taken, need a refund of £308.86 many thanks",email,billing
TCK004994,hi can I change my monthly instalment date to the 2th thanks,app,loan_servicing
TCK004995,hello do you offer joint accounts for students many thanks,app,general_enquiry
TCK004996,good morning my username is not recognised even though the account is active.,web,account_access
TCK004997,teh branch staff were rude and refused to escalate my case!,email,complaint
TCK004998,DEAR TEAM DO YOU OFFER JOINT ACCOUNTS FOR STUDENTS PLEASE HELP,web,general_enquiry
TCK004999,"please review my account, the numbers look wrong many thanks",web,fraud_dispute
TCK005000,good morning there are 5 transactions I do not recognise please block the card please help,web,fraud_dispute
TCK005001,"hi issue with my payment, second time asking.",email,billing
TCK005002,DEAR TEAM THE ONE TIME PASSCODE NEVER ARRIVES ON MY PHONE!,app,account_access
TCK005003,DO YOU OFFER JOINT ACCOUNTS FOR STUDENTS,app,general_enquiry
TCK005004,"DEAR TEAM UNAUTHORISED PAYMENT OF £492.82 SHOWING ON STATEMENT, CARD WAS IN MY WALLET",email,fraud_dispute
TCK005005,hi I was billed £749.09 after I already cancelled the service many thanks,email,billing
TCK005006,the branch staff were rude and refused to escalate my case thanks,app,complaint
TCK005007,hello there are 7 transactions I do not recognise please block the card many thanks,phone_transcript,fraud_dispute
TCK005008,"my direct debit for the loan failed, how do I catch up regards",app,loan_servicing
TCK005009,"hello third time raising this issue, nobody has called me back please help",app,complaint
TCK005010,dear team requesting a payment holiday for 3 months on my loan!!,web,loan_servicing
TCK005011,HI TEAM MONEY MISSING FROM MY ACCOUNT,app,loan_servicing
TCK005012,"hi team someone used my debit card at AMZN MKTPLACE, I want a chargeback many thanks",web,fraud_dispute
TCK005013,"hello locked out after three attempts, need my password reset",web,account_access
TCK005014,hi team what is the early settlement figure for my loan account please help,phone_transcript,loan_servicing
TCK005015,HI IS THERE A FEE FOR WITHDRAWING CASH ABROAD PLEASE HELP,app,general_enquiry
TCK005016,hello my username is not recognised even though the account is active many thanks,email,account_access
TCK005017,"CANNOT LOG IN TO THE APP, IT SAYS MY CREDENTIALS ARE INVALID PLEASE HELP",email,account_access
TCK005018,HI TEAM REQUESTING A PAYMENT HOLIDAY FOR 6 MONTHS ON MY LOAN REGARDS,email,loan_servicing
TCK005019,good morning I was billed £20.86 after I already cancelled teh service.,app,fraud_dispute
TCK005020,GOOD MORNING DO YOU OFFER JOINT ACCOUNTS FOR STUDENTS.,email,general_enquiry
TCK005021,hi team my username is not recognised even though the acount is active!,web,account_access
TCK005022,hello biometric login stopped working after teh latest update,app,account_access
TCK005023,hello there are 7 transactions I do not recognise please block the card thanks,web,fraud_dispute
TCK005024,my username is not recognised even though the account is active regards,phone_transcript,account_access
TCK005025,"cannot log in to the app, it says my credentials are invalid!",app,account_access
TCK005026,hi team something is wrong with my statement thanks,phone_transcript,billing
TCK005027,"hello someone used my debit card at STEAM GAMES, I want a chargeback many thanks",app,fraud_dispute
TCK005028,DO YOU OFFER JOINT ACCOUNTS FOR STUDENTS MANY THANKS,email,general_enquiry
TCK005029,"hi duplicate direct debit taken, need a refund of £720.62",app,billing
TCK005030,hi biometric login stopped working after the latest update please help,web,account_access
TCK005031,HELLO THE BRANCH STAFF WERE RUDE AND REFUSED TO ESCALATE MY CASE,app,complaint
TCK005032,hi team how do I order a replacement card for a lost one!,web,general_enquiry
TCK005033,can I change my monthly instalment date to teh 8th regards,web,loan_servicing
TCK005034,hi team please explain teh interest charge on my last statement!!,phone_transcript,billing
TCK005035,"hi team unauthorised payment of £383.37 showing on statement, card was in my wallet please help",web,fraud_dispute
TCK005036,DEAR TEAM I HAVE BEEN WAITING 2 WEEKS FOR A RESPONSE AND THIS IS UNACCEPTABLE REGARDS,phone_transcript,complaint
TCK005037,HI CAN I CHANGE MY MONTHLY INSTALMENT DATE TO THE 5TH!,web,loan_servicing
TCK005038,"HELLO DUPLICATE DIRECT DEBIT TAKEN, NEED A REFUND OF £370.62 THANKS",email,billing
TCK005039,HI TEAM DO YOU OFFER JOINT ACCOUNTS FOR STUDENTS PLEASE HELP,app,general_enquiry
TCK005040,please explain the interest charge on my last statement thanks,email,billing
TCK005041,"dear team duplicate direct debit taken, need a refund of £64.59 thanks",web,billing
TCK005042,"dear team unauthorised payment of £834.55 showing on statement, card was in my wallet regards",app,fraud_dispute
TCK005043,dear team there are 7 transactions I do not recognise please block the card regards,app,fraud_dispute
TCK005044,hi team what is the early settlement figure for my loan account!,phone_transcript,loan_servicing
TCK005045,"payment issue on my account, need this sorted today regards",email,complaint
TCK005046,"GOOD MORNING THIS IS THE WORST SERVICE I HAVE RECEIVED, I AM MOVING MY ACCOUNTS REGARDS",phone_transcript,complaint
TCK005047,HELLO WHY WAS I CHARGED £153.81 THIS MONTH WHEN MY PLAN IS FIXED.,app,billing
TCK005048,"HI TEAM THIS IS THE WORST SERVICE I HAVE RECEIVED, I AM MOVING MY ACCOUNTS!!",app,complaint
TCK005049,HELLO MONEY MISSING FROM MY ACCOUNT THANKS,phone_transcript,billing
TCK005050,good morning I was billed £617.47 after I already cancelled teh service!!,email,billing
TCK005051,"hi issue with my payment, second time asking.",app,fraud_dispute
TCK005052,"hi team locked out after three attempts, need my password reset!",email,account_access
TCK005053,"HELLO PLEASE REVIEW MY ACCOUNT, THE NUMBERS LOOK WRONG THANKS",email,complaint
TCK005054,good morning I want to make an overpayment of £863.40 on my loan please help,app,loan_servicing
TCK005055,hi team what are your branch opening hours on a saturday please help,email,general_enquiry
TCK005056,hi team I did not authorise the £775.75 charge from STEAM GAMES on my card.,email,fraud_dispute
TCK005057,good morning is there a fee for withdrawing cash abroad,email,general_enquiry
TCK005058,"cannot log in to teh app, it says my credentials are invalid thanks",app,account_access
TCK005059,HELLO I WANT TO MAKE A FORMAL COMPLAINT ABOUT THE HANDLING OF MY CASE MANY THANKS,email,complaint
TCK005060,"hi duplicate direct debit taken, need a refund of £648.51 regards",email,billing
TCK005061,hi team do you offer joint accounts for students!!,app,general_enquiry
TCK005062,hello I was billed £408.05 after I already cancelled teh service!!,email,billing
TCK005063,hi the one time passcode never arrives on my phone many thanks,app,account_access
TCK005064,DEAR TEAM THE ANNUAL FEE OF £685.05 WAS APPLIED TWICE TO MY STATEMENT PLEASE HELP,web,billing
TCK005065,hi I was billed £648.71 after I already cancelled teh service regards,web,billing
TCK005066,"hi team my account was compromised after a phishing text, £527.97 is missing!!",email,fraud_dispute
TCK005067,hi the one time passcode never arrives on my phone!!,email,account_access
TCK005068,GOOD MORNING I WANT TO MAKE A FORMAL COMPLAINT ABOUT THE HANDLING OF MY CASE MANY THANKS,web,complaint
TCK005069,HELLO REQUESTING A PAYMENT HOLIDAY FOR 6 MONTHS ON MY LOAN THANKS,email,loan_servicing
TCK005070,"GOOD MORNING PAYMENT ISSUE ON MY ACCOUNT, NEED THIS SORTED TODAY THANKS",email,loan_servicing
TCK005071,dear team requesting a payment holiday for 3 months on my loan!,app,loan_servicing
TCK005072,HI I WANT TO MAKE A FORMAL COMPLAINT ABOUT THE HANDLING OF MY CASE REGARDS,email,complaint
TCK005073,DEAR TEAM WHY WAS I CHARGED £193.44 THIS MONTH WHEN MY PLAN IS FIXED REGARDS,app,billing
TCK005074,good morning what is the early settlement figure for my loan account!,web,loan_servicing
TCK005075,dear team why was I charged £600.17 this month when my plan is fixed!!,app,billing
TCK005076,"dear team my card is not working, what do I do many thanks",email,account_access
TCK005077,dear team can someone look at my account urgently many thanks,app,general_enquiry
TCK005078,good morning need help with a charge on my account please help,web,billing
TCK005079,hi team please explain teh interest charge on my last statement please help,app,billing
TCK005080,hi team I did not authorise teh £472.37 charge from TESCO EXPRESS on my card!,app,fraud_dispute
TCK005081,GOOD MORNING CAN I CHANGE MY MONTHLY INSTALMENT DATE TO THE 6TH!,app,loan_servicing
TCK005082,"HI THIRD TIME RAISING THIS ISSUE, NOBODY HAS CALLED ME BACK!!",web,complaint
TCK005083,"DEAR TEAM DUPLICATE DIRECT DEBIT TAKEN, NEED A REFUND OF £802.19 PLEASE HELP",email,billing
TCK005084,"hi team unauthorised payment of £213.39 showing on statement, card was in my wallet many thanks",web,fraud_dispute
TCK005085,HI THE ONE TIME PASSCODE NEVER ARRIVES ON MY PHONE.,web,account_access
TCK005086,HI IS THERE A FEE FOR WITHDRAWING CASH ABROAD!,app,general_enquiry
TCK005087,HI TEAM I WAS BILLED £317.27 AFTER I ALREADY CANCELLED THE SERVICE REGARDS,email,billing
TCK005088,hi something is wrong with my statement please help,email,loan_servicing
TCK005089,"dear team duplicate direct debit taken, need a refund of £5.56 please help",app,billing
TCK005090,HI TEAM THERE ARE 7 TRANSACTIONS I DO NOT RECOGNISE PLEASE BLOCK THE CARD!!,email,fraud_dispute
TCK005091,hi team can I change my monthly instalment date to the 3th regards,phone_transcript,loan_servicing
TCK005092,GOOD MORNING HOW DO I ORDER A REPLACEMENT CARD FOR A LOST ONE,app,general_enquiry
TCK005093,HI TEAM I WANT TO MAKE A FORMAL COMPLAINT ABOUT THE HANDLING OF MY CASE PLEASE HELP,app,complaint
TCK005094,"hello my card is not working, what do I do regards",app,billing
TCK005095,good morning I did not authorise the £811.53 charge from TESCO EXPRESS on my card many thanks,app,fraud_dispute
TCK005096,good morning need help with a charge on my account.,email,complaint
TCK005097,hi team can I change my monthly instalment date to teh 5th!,phone_transcript,loan_servicing
TCK005098,"hello my account was compromised after a phishing text, £118.18 is missing!",email,fraud_dispute
TCK005099,do you offer joint accounts for students,app,general_enquiry
TCK005100,GOOD MORNING IS THERE A FEE FOR WITHDRAWING CASH ABROAD MANY THANKS,email,general_enquiry
TCK005101,"dear team my card is not working, what do I do.",app,loan_servicing
TCK005102,DEAR TEAM NEED HELP WITH A CHARGE ON MY ACCOUNT PLEASE HELP,app,loan_servicing
TCK005103,hi team what documents do I need to update my address!,email,general_enquiry
TCK005104,"dear team please review my account, the numbers look wrong regards",email,loan_servicing
TCK005105,"third time raising this issue, nobody has called me back many thanks",email,complaint
TCK005106,hi what are your branch opening hours on a saturday.,app,general_enquiry
TCK005107,good morning biometric login stopped working after the latest update!!,app,account_access
TCK005108,hi why was I charged £882.76 this month when my plan is fixed regards,email,billing
TCK005109,DEAR TEAM IS THERE A FEE FOR WITHDRAWING CASH ABROAD.,web,general_enquiry
TCK005110,hi the annual fee of £301.49 was applied twice to my statement thanks,email,billing
TCK005111,good morning I want to make an overpayment of £210.98 on my loan.,web,loan_servicing
TCK005112,"GOOD MORNING PAYMENT ISSUE ON MY ACCOUNT, NEED THIS SORTED TODAY!",email,fraud_dispute
TCK005113,hello there are 2 transactions I do not recognise please block the card!!,app,complaint
TCK005114,hi team I did not authorise the £338.47 charge from STEAM GAMES on my card please help,app,fraud_dispute
TCK005115,good morning what documents do I need to update my address please help,app,general_enquiry
TCK005116,"dear team duplicate direct debit taken, need a refund of £759.45!!",phone_transcript,billing
TCK005117,HI TEAM BIOMETRIC LOGIN STOPPED WORKING AFTER THE LATEST UPDATE.,app,account_access
TCK005118,"DEAR TEAM SOMEONE USED MY DEBIT CARD AT TESCO EXPRESS, I WANT A CHARGEBACK THANKS",web,fraud_dispute
TCK005119,HELLO I WANT TO MAKE A FORMAL COMPLAINT ABOUT THE HANDLING OF MY CASE MANY THANKS,email,complaint
TCK005120,requesting a payment holiday for 3 months on my loan,email,loan_servicing
TCK005121,hi team please explain teh interest charge on my last statement regards,email,billing
TCK005122,hi teh annual fee of £335.43 was applied twice to my statement!,app,billing
TCK005123,"dear team duplicate direct debit taken, need a refund of £635.03!",phone_transcript,billing
TCK005124,hi the annual fee of £736.28 was applied twice to my statement.,app,billing
TCK005125,dear team need help with a charge on my acount many thanks,email,fraud_dispute
TCK005126,I want to make a formal complaint about the handling of my case,app,complaint
TCK005127,"good morning third time raising this issue, nobody has called me back",app,account_access
TCK005128,dear team what is the early settlement figure for my loan account,phone_transcript,fraud_dispute
TCK005129,"GOOD MORNING SOMEONE USED MY DEBIT CARD AT AMZN MKTPLACE, I WANT A CHARGEBACK THANKS",app,fraud_dispute
TCK005130,hi why was I charged £83.06 this month when my plan is fixed!!,app,billing
TCK005131,"HELLO PLEASE REVIEW MY ACCOUNT, THE NUMBERS LOOK WRONG MANY THANKS",app,fraud_dispute
TCK005132,dear team something is wrong with my statement!,email,account_access
TCK005133,hello need help with a charge on my acount many thanks,phone_transcript,billing
TCK005134,GOOD MORNING BIOMETRIC LOGIN STOPPED WORKING AFTER THE LATEST UPDATE!!,email,account_access
TCK005135,the one time passcode never arrives on my phone,app,account_access
TCK005136,"hello duplicate direct debit taken, need a refund of £547.09",app,billing
TCK005137,"hi team my direct debit for the loan failed, how do I catch up.",email,loan_servicing
TCK005138,I want to make a formal complaint about the handling of my case!!,web,complaint
TCK005139,dear team there are 3 transactions I do not recognise please block the card!,email,fraud_dispute
TCK005140,"GOOD MORNING ISSUE WITH MY PAYMENT, SECOND TIME ASKING",phone_transcript,billing
TCK005141,"DEAR TEAM ISSUE WITH MY PAYMENT, SECOND TIME ASKING THANKS",phone_transcript,loan_servicing
TCK005142,"hi team please review my account, the numbers look wrong!",web,account_access
TCK005143,DEAR TEAM THE ONE TIME PASSCODE NEVER ARRIVES ON MY PHONE!!,app,account_access
TCK005144,DEAR TEAM HOW DO I ORDER A REPLACEMENT CARD FOR A LOST ONE MANY THANKS,phone_transcript,general_enquiry
TCK005145,dear team biometric login stopped working after teh latest update!!,email,account_access
TCK005146,"hi cannot log in to teh app, it says my credentials are invalid many thanks",phone_transcript,account_access
TCK005147,good morning how do I order a replacement card for a lost one!,app,general_enquiry
TCK005148,dear team how do I order a replacement card for a lost one please help,app,general_enquiry
TCK005149,why was I charged £130.56 this month when my plan is fixed thanks,email,billing
TCK005150,I was billed £146.16 after I already cancelled the service regards,email,billing
TCK005151,"good morning someone used my debit card at STEAM GAMES, I want a chargeback.",email,fraud_dispute
TCK005152,hi there are 6 transactions I do not recognise please block teh card,email,fraud_dispute
TCK005153,good morning there are 6 transactions I do not recognise please block teh card please help,email,fraud_dispute
TCK005154,HI TEAM I WAS BILLED £188.39 AFTER I ALREADY CANCELLED THE SERVICE THANKS,app,billing
TCK005155,dear team there are 6 transactions I do not recognise please block the card thanks,web,fraud_dispute
TCK005156,GOOD MORNING WHY WAS I CHARGED £832.40 THIS MONTH WHEN MY PLAN IS FIXED THANKS,web,billing
TCK005157,hi team the branch staff were rude and refused to escalate my case!,app,complaint
TCK005158,dear team biometric login stopped working after the latest update,email,account_access
TCK005159,hi team is there a fee for withdrawing cash abroad!!,app,billing
TCK005160,how do I order a replacement card for a lost one!,email,general_enquiry
TCK005161,hello money missing from my account.,email,general_enquiry
TCK005162,hi why was I charged £869.43 this month when my plan is fixed.,web,billing
TCK005163,hello the amount is not what I expected please help,email,account_access
TCK005164,hi team is there a fee for withdrawing cash abroad!,email,general_enquiry
TCK005165,"third time raising this issue, nobody has called me back",email,complaint
TCK005166,hello why was I charged £707.63 this month when my plan is fixed!,email,billing
TCK005167,HI REQUESTING A PAYMENT HOLIDAY FOR 4 MONTHS ON MY LOAN.,phone_transcript,billing
TCK005168,hello there are 7 transactions I do not recognise please block the card please help,app,fraud_dispute
TCK005169,hi how do I order a replacement card for a lost one!!,app,general_enquiry
TCK005170,dear team the annual fee of £829.94 was applied twice to my statement!!,email,billing
TCK005171,good morning why was I charged £835.68 this month when my plan is fixed regards,app,billing
TCK005172,"cannot log in to the app, it says my credentials are invalid!!",web,account_access
TCK005173,why was I charged £689.27 this month when my plan is fixed many thanks,email,billing
TCK005174,hi team the amount is not what I expected,email,general_enquiry
TCK005175,"hi team unauthorised payment of £570.90 showing on statement, card was in my wallet thanks",app,fraud_dispute
TCK005176,"good morning someone used my debit card at TESCO EXPRESS, I want a chargeback regards",app,fraud_dispute
TCK005177,"locked out after three attempts, need my password reset regards",email,account_access
TCK005178,hi what is teh early settlement figure for my loan account!!,phone_transcript,loan_servicing
TCK005179,money missing from my account!!,email,complaint
TCK005180,hello need help with a charge on my account please help,app,general_enquiry
TCK005181,hello what is teh early settlement figure for my loan account many thanks,web,loan_servicing
TCK005182,HELLO THE AMOUNT IS NOT WHAT I EXPECTED.,email,account_access
TCK005183,DEAR TEAM THE ONE TIME PASSCODE NEVER ARRIVES ON MY PHONE REGARDS,app,account_access
TCK005184,good morning requesting a payment holiday for 5 months on my loan please help,email,loan_servicing
TCK005185,dear team what are your branch opening hours on a saturday thanks,app,general_enquiry
TCK005186,good morning what is the early settlement figure for my loan account!,phone_transcript,loan_servicing
TCK005187,"hi team cannot log in to teh app, it says my credentials are invalid please help",app,account_access
TCK005188,what is the early settlement figure for my loan account regards,email,loan_servicing
TCK005189,hi team please explain the interest charge on my last statement please help,web,billing
TCK005190,hello why was I charged £603.48 this month when my plan is fixed,email,billing
TCK005191,"dear team this is the worst service I have received, I am moving my accounts thanks",web,complaint
TCK005192,I did not authorise the £799.66 charge from RYANAIR on my card please help,app,fraud_dispute
TCK005193,good morning the branch staff were rude and refused to escalate my case many thanks,email,complaint
TCK005194,hi I want to make an overpayment of £387.25 on my loan.,email,loan_servicing
TCK005195,hi can someone look at my account urgently please help,email,general_enquiry
TCK005196,hello is there a fee for withdrawing cash abroad.,phone_transcript,general_enquiry
TCK005197,hello there are 8 transactions I do not recognise please block the card please help,app,fraud_dispute
TCK005198,"DEAR TEAM PAYMENT ISSUE ON MY ACCOUNT, NEED THIS SORTED TODAY MANY THANKS",web,account_access
TCK005199,"GOOD MORNING THIS IS THE WORST SERVICE I HAVE RECEIVED, I AM MOVING MY ACCOUNTS",app,loan_servicing
TCK005200,please explain teh interest charge on my last statement regards,email,billing
TCK005201,dear team I want to make an overpayment of £12.92 on my loan please help,app,loan_servicing
TCK005202,hello please explain the interest charge on my last statement,app,billing
TCK005203,hello I did not authorise the £174.13 charge from TESCO EXPRESS on my card!,app,fraud_dispute
TCK005204,hello how do I order a replacement card for a lost one,email,general_enquiry
TCK005205,hi the amount is not what I expected,web,account_access
TCK005206,good morning I was billed £26.02 after I already cancelled teh service!!,phone_transcript,billing
TCK005207,HI TEAM THERE ARE 3 TRANSACTIONS I DO NOT RECOGNISE PLEASE BLOCK THE CARD!!,app,fraud_dispute
TCK005208,requesting a payment holiday for 7 months on my loan.,email,loan_servicing
TCK005209,hello what documents do I need to update my address regards,web,general_enquiry
TCK005210,DEAR TEAM IS THERE A FEE FOR WITHDRAWING CASH ABROAD REGARDS,phone_transcript,billing
TCK005211,hi I have been waiting 7 weeks for a response and this is unacceptable many thanks,app,complaint
TCK005212,dear team how do I order a replacement card for a lost one regards,email,general_enquiry
TCK005213,I WAS BILLED £868.19 AFTER I ALREADY CANCELLED THE SERVICE REGARDS,phone_transcript,billing
TCK005214,"hi issue with my payment, second time asking many thanks",email,billing
TCK005215,dear team I want to make an overpayment of £68.68 on my loan,app,loan_servicing
TCK005216,"DEAR TEAM CANNOT LOG IN TO THE APP, IT SAYS MY CREDENTIALS ARE INVALID PLEASE HELP",email,account_access
TCK005217,"DEAR TEAM MY ACCOUNT WAS COMPROMISED AFTER A PHISHING TEXT, £592.54 IS MISSING.",app,fraud_dispute
TCK005218,GOOD MORNING I DID NOT AUTHORISE THE £36.48 CHARGE FROM TESCO EXPRESS ON MY CARD MANY THANKS,web,fraud_dispute
TCK005219,hi team money missing from my account regards,app,billing
TCK005220,I was billed £344.19 after I already cancelled the service regards,app,billing
TCK005221,money missing from my account please help,web,billing
TCK005222,I did not authorise the £85.05 charge from STEAM GAMES on my card thanks,app,fraud_dispute
TCK005223,GOOD MORNING I HAVE BEEN WAITING 4 WEEKS FOR A RESPONSE AND THIS IS UNACCEPTABLE!!,web,complaint
TCK005224,hi there is a problem with my account please call me!,email,loan_servicing
TCK005225,hello there is a problem with my account please call me,email,billing
TCK005226,"please review my account, teh numbers look wrong please help",web,account_access
TCK005227,hi team is there a fee for withdrawing cash abroad!,phone_transcript,general_enquiry
TCK005228,hi team what are your branch opening hours on a saturday.,app,general_enquiry
TCK005229,I DID NOT AUTHORISE THE £883.23 CHARGE FROM STEAM GAMES ON MY CARD.,app,fraud_dispute
TCK005230,"my direct debit for teh loan failed, how do I catch up!!",app,loan_servicing
TCK005231,good morning why was I charged £397.08 this month when my plan is fixed!,web,billing
TCK005232,GOOD MORNING THE ONE TIME PASSCODE NEVER ARRIVES ON MY PHONE THANKS,web,account_access
TCK005233,"HI PLEASE REVIEW MY ACCOUNT, THE NUMBERS LOOK WRONG THANKS",web,general_enquiry
TCK005234,"hi team payment issue on my account, need this sorted today many thanks",web,billing
TCK005235,"DEAR TEAM CANNOT LOG IN TO THE APP, IT SAYS MY CREDENTIALS ARE INVALID MANY THANKS",app,account_access
TCK005236,HI TEAM WHAT DOCUMENTS DO I NEED TO UPDATE MY ADDRESS THANKS,email,general_enquiry
TCK005237,hi team please explain the interest charge on my last statement,phone_transcript,billing
TCK005238,hello I was billed £708.32 after I already cancelled the service many thanks,app,billing
TCK005239,dear team what documents do I need to update my address!,app,general_enquiry
TCK005240,"HI THIS IS THE WORST SERVICE I HAVE RECEIVED, I AM MOVING MY ACCOUNTS THANKS",web,complaint
TCK005241,hi team do you offer joint accounts for students,email,general_enquiry
TCK005242,hi team is there a fee for withdrawing cash abroad please help,email,general_enquiry
TCK005243,dear team can I change my monthly instalment date to the 4th.,app,loan_servicing
TCK005244,HI TEAM BIOMETRIC LOGIN STOPPED WORKING AFTER THE LATEST UPDATE.,app,account_access
TCK005245,good morning what are your branch opening hours on a saturday!,app,account_access
TCK005246,"hi team duplicate direct debit taken, need a refund of £277.33 please help",email,billing
TCK005247,"hi team cannot log in to teh app, it says my credentials are invalid regards",app,general_enquiry
TCK005248,good morning please explain the interest charge on my last statement regards,web,billing
TCK005249,hi team the amount is not what I expected please help,app,complaint
TCK005250,good morning do you offer joint accounts for students thanks,email,general_enquiry
TCK005251,"HI TEAM SOMEONE USED MY DEBIT CARD AT UBER TRIP, I WANT A CHARGEBACK THANKS",email,fraud_dispute
TCK005252,GOOD MORNING I HAVE BEEN WAITING 5 WEEKS FOR A RESPONSE AND THIS IS UNACCEPTABLE PLEASE HELP,app,complaint
TCK005253,"CANNOT LOG IN TO THE APP, IT SAYS MY CREDENTIALS ARE INVALID PLEASE HELP",email,fraud_dispute
TCK005254,my username is not recognised even though the account is active!,email,account_access
TCK005255,"hi team my card is not working, what do I do!",web,complaint
TCK005256,"hi payment issue on my account, need this sorted today",web,general_enquiry
TCK005257,GOOD MORNING REQUESTING A PAYMENT HOLIDAY FOR 7 MONTHS ON MY LOAN!,email,loan_servicing
TCK005258,MONEY MISSING FROM MY ACCOUNT MANY THANKS,app,loan_servicing
TCK005259,good morning I want to make an overpayment of £641.22 on my loan!!,app,loan_servicing
TCK005260,"hi team cannot log in to teh app, it says my credentials are invalid.",web,account_access
TCK005261,good morning I did not authorise the £514.08 charge from APPLE.COM/BILL on my card!,app,fraud_dispute
TCK005262,dear team teh branch staff were rude and refused to escalate my case!!,app,complaint
TCK005263,hi what are your branch opening hours on a saturday.,phone_transcript,complaint
TCK005264,WHY WAS I CHARGED £353.90 THIS MONTH WHEN MY PLAN IS FIXED!,email,billing
TCK005265,dear team why was I charged £758.15 this month when my plan is fixed!,app,billing
TCK005266,"hello my direct debit for teh loan failed, how do I catch up!!",app,loan_servicing
TCK005267,"dear team locked out after three attempts, need my password reset please help",app,account_access
TCK005268,"hi payment issue on my account, need this sorted today!",email,account_access
TCK005269,dear team biometric login stopped working after the latest update thanks,app,account_access
TCK005270,"hello locked out after three attempts, need my password reset!",phone_transcript,account_access
TCK005271,"hi team please review my account, the numbers look wrong!!",email,general_enquiry
TCK005272,hi the branch staff were rude and refused to escalate my case.,app,complaint
TCK005273,"dear team my account was compromised after a phishing text, £158.60 is missing many thanks",email,fraud_dispute
TCK005274,dear team do you offer joint acounts for students,web,general_enquiry
TCK005275,dear team can I change my monthly instalment date to the 5th!,app,loan_servicing
TCK005276,hi there are 3 transactions I do not recognise please block the card please help,email,fraud_dispute
TCK005277,hi team I was billed £275.56 after I already cancelled the service please help,app,billing
TCK005278,is there a fee for withdrawing cash abroad many thanks,web,complaint
TCK005279,dear team biometric login stopped working after the latest update,phone_transcript,account_access
TCK005280,what is the early settlement figure for my loan account regards,web,loan_servicing
TCK005281,dear team can someone look at my account urgently!!,web,loan_servicing
TCK005282,DEAR TEAM THE ANNUAL FEE OF £167.00 WAS APPLIED TWICE TO MY STATEMENT REGARDS,email,loan_servicing
TCK005283,"good morning my direct debit for the loan failed, how do I catch up!!",email,loan_servicing
TCK005284,GOOD MORNING I HAVE BEEN WAITING 4 WEEKS FOR A RESPONSE AND THIS IS UNACCEPTABLE MANY THANKS,app,complaint
TCK005285,hello please explain the interest charge on my last statement thanks,email,billing
TCK005286,"this is the worst service I have received, I am moving my accounts.",phone_transcript,complaint
TCK005287,"hello locked out after three attempts, need my password reset.",app,account_access
TCK005288,dear team need help with a charge on my account please help,email,billing
TCK005289,good morning what documents do I need to update my address,app,general_enquiry
TCK005290,the amount is not what I expected thanks,email,general_enquiry
TCK005291,hi team need help with a charge on my account!,web,account_access
TCK005292,there is a problem with my account please call me thanks,phone_transcript,loan_servicing
TCK005293,"HELLO DUPLICATE DIRECT DEBIT TAKEN, NEED A REFUND OF £895.32",web,billing
TCK005294,"cannot log in to the app, it says my credentials are invalid.",email,account_access
TCK005295,"dear team someone used my debit card at APPLE.COM/BILL, I want a chargeback regards",app,fraud_dispute
TCK005296,biometric login stopped working after the latest update thanks,app,account_access
TCK005297,HELLO I WAS BILLED £350.15 AFTER I ALREADY CANCELLED THE SERVICE!!,app,billing
TCK005298,DEAR TEAM WHAT ARE YOUR BRANCH OPENING HOURS ON A SATURDAY MANY THANKS,app,general_enquiry
TCK005299,HELLO WHAT DOCUMENTS DO I NEED TO UPDATE MY ADDRESS THANKS,phone_transcript,general_enquiry
TCK005300,hi my username is not recognised even though the account is active,email,account_access
TCK005301,hi team can I change my monthly instalment date to the 2th thanks,app,loan_servicing
TCK005302,is there a fee for withdrawing cash abroad!!,app,general_enquiry
TCK005303,hello need help with a charge on my account,app,billing
TCK005304,hello what are your branch opening hours on a saturday!!,web,general_enquiry
TCK005305,good morning please explain the interest charge on my last statement many thanks,phone_transcript,billing
TCK005306,"hi team payment issue on my account, need this sorted today!!",app,general_enquiry
TCK005307,hello do you offer joint accounts for students.,app,general_enquiry
TCK005308,GOOD MORNING HOW DO I ORDER A REPLACEMENT CARD FOR A LOST ONE REGARDS,web,general_enquiry
TCK005309,"good morning duplicate direct debit taken, need a refund of £191.14 regards",app,billing
TCK005310,dear team the one time passcode never arrives on my phone!,web,account_access
TCK005311,good morning what are your branch opening hours on a saturday!,email,general_enquiry
TCK005312,"hi team duplicate direct debit taken, need a refund of £747.75.",email,billing
TCK005313,hi team teh amount is not what I expected thanks,app,general_enquiry
TCK005314,HI TEAM I HAVE BEEN WAITING 4 WEEKS FOR A RESPONSE AND THIS IS UNACCEPTABLE,app,complaint
TCK005315,hello how do I order a replacement card for a lost one regards,web,general_enquiry
TCK005316,MY USERNAME IS NOT RECOGNISED EVEN THOUGH THE ACCOUNT IS ACTIVE REGARDS,email,account_access
TCK005317,hi team do you offer joint accounts for students thanks,email,general_enquiry
TCK005318,good morning why was I charged £206.78 this month when my plan is fixed many thanks,email,billing
TCK005319,"hi team this is the worst service I have received, I am moving my accounts regards",email,complaint
TCK005320,is there a fee for withdrawing cash abroad thanks,email,general_enquiry
TCK005321,dear team there are 4 transactions I do not recognise please block the card.,web,fraud_dispute
TCK005322,"my direct debit for the loan failed, how do I catch up!!",app,loan_servicing
TCK005323,hello requesting a payment holiday for 3 months on my loan,app,loan_servicing
TCK005324,dear team what are your branch opening hours on a saturday!,web,general_enquiry
TCK005325,"GOOD MORNING DUPLICATE DIRECT DEBIT TAKEN, NEED A REFUND OF £708.43 PLEASE HELP",app,billing
TCK005326,hi please explain the interest charge on my last statement thanks,email,billing
TCK005327,"HELLO SOMEONE USED MY DEBIT CARD AT STEAM GAMES, I WANT A CHARGEBACK MANY THANKS",email,fraud_dispute
TCK005328,"dear team issue with my payment, second time asking!",app,billing
TCK005329,"dear team locked out after three attempts, need my password reset!",web,account_access
TCK005330,good morning the annual fee of £48.06 was applied twice to my statement many thanks,web,billing
TCK005331,HI TEAM HOW DO I ORDER A REPLACEMENT CARD FOR A LOST ONE,web,general_enquiry
TCK005332,"HI ISSUE WITH MY PAYMENT, SECOND TIME ASKING",email,loan_servicing
TCK005333,hi team need help with a charge on my account thanks,app,fraud_dispute
TCK005334,"dear team please review my account, the numbers look wrong!",email,fraud_dispute
TCK005335,DEAR TEAM THE ANNUAL FEE OF £845.54 WAS APPLIED TWICE TO MY STATEMENT THANKS,app,billing
TCK005336,hello need help with a charge on my account!,app,account_access
TCK005337,the one time passcode never arrives on my phone regards,phone_transcript,account_access
TCK005338,HELLO THE ANNUAL FEE OF £223.09 WAS APPLIED TWICE TO MY STATEMENT!!,email,billing
TCK005339,good morning is there a fee for withdrawing cash abroad please help,app,general_enquiry
TCK005340,dear team is there a fee for withdrawing cash abroad.,app,general_enquiry
TCK005341,"good morning this is the worst service I have received, I am moving my accounts",app,complaint
TCK005342,HI I HAVE BEEN WAITING 7 WEEKS FOR A RESPONSE AND THIS IS UNACCEPTABLE PLEASE HELP,app,complaint
TCK005343,the annual fee of £734.61 was applied twice to my statement,phone_transcript,account_access
TCK005344,HELLO I WANT TO MAKE AN OVERPAYMENT OF £510.31 ON MY LOAN REGARDS,web,loan_servicing
TCK005345,the one time passcode never arrives on my phone.,email,account_access
TCK005346,"GOOD MORNING THIS IS THE WORST SERVICE I HAVE RECEIVED, I AM MOVING MY ACCOUNTS!!",web,complaint
TCK005347,"hi my direct debit for the loan failed, how do I catch up.",app,loan_servicing
TCK005348,what is the early settlement figure for my loan account regards,phone_transcript,loan_servicing
TCK005349,"hi someone used my debit card at UBER TRIP, I want a chargeback!",web,fraud_dispute
TCK005350,hi I want to make a formal complaint about the handling of my case thanks,email,complaint
TCK005351,can someone look at my account urgently many thanks,app,billing
TCK005352,"good morning my acount was compromised after a phishing text, £322.83 is missing thanks",app,fraud_dispute
TCK005353,hello I did not authorise the £837.69 charge from TESCO EXPRESS on my card please help,phone_transcript,fraud_dispute
TCK005354,hello why was I charged £732.45 this month when my plan is fixed!!,email,billing
TCK005355,"good morning my direct debit for the loan failed, how do I catch up!!",email,loan_servicing
TCK005356,dear team I was billed £549.14 after I already cancelled the service many thanks,email,billing
TCK005357,dear team I was billed £264.95 after I already cancelled the service regards,phone_transcript,billing
TCK005358,hi money missing from my account regards,app,billing
TCK005359,hi team what are your branch opening hours on a saturday!,email,general_enquiry
TCK005360,"dear team my direct debit for the loan failed, how do I catch up",email,loan_servicing
TCK005361,HI TEAM IS THERE A FEE FOR WITHDRAWING CASH ABROAD THANKS,email,general_enquiry
TCK005362,HI TEAM WHAT ARE YOUR BRANCH OPENING HOURS ON A SATURDAY!,app,general_enquiry
TCK005363,what are your branch opening hours on a saturday.,web,general_enquiry
TCK005364,HI WHAT IS THE EARLY SETTLEMENT FIGURE FOR MY LOAN ACCOUNT!!,web,loan_servicing
TCK005365,is there a fee for withdrawing cash abroad,app,general_enquiry
TCK005366,"dear team cannot log in to teh app, it says my credentials are invalid please help",web,account_access
TCK005367,hi what documents do I need to update my address regards,email,general_enquiry
TCK005368,GOOD MORNING MY USERNAME IS NOT RECOGNISED EVEN THOUGH THE ACCOUNT IS ACTIVE!!,app,account_access
TCK005369,"good morning unauthorised payment of £730.89 showing on statement, card was in my wallet.",app,fraud_dispute
TCK005370,hello do you offer joint acounts for students please help,phone_transcript,general_enquiry
TCK005371,good morning the branch staff were rude and refused to escalate my case thanks,email,complaint
TCK005372,dear team can I change my monthly instalment date to the 4th!,phone_transcript,loan_servicing
TCK005373,hello biometric login stopped working after teh latest update thanks,app,account_access
TCK005374,hello can someone look at my account urgently thanks,email,billing
TCK005375,teh one time passcode never arrives on my phone.,email,account_access
TCK005376,good morning I have been waiting 3 weeks for a response and this is unacceptable regards,web,complaint
TCK005377,"good morning duplicate direct debit taken, need a refund of £578.44.",app,billing
TCK005378,hi team I was billed £635.95 after I already cancelled the service!,app,billing
TCK005379,hi team the one time passcode never arrives on my phone regards,email,account_access
TCK005380,"DEAR TEAM PAYMENT ISSUE ON MY ACCOUNT, NEED THIS SORTED TODAY REGARDS",app,account_access
TCK005381,"hi duplicate direct debit taken, need a refund of £449.35 many thanks",web,billing
TCK005382,hi there are 5 transactions I do not recognise please block the card!,app,fraud_dispute
TCK005383,hi team I want to make an overpayment of £781.14 on my loan!!,phone_transcript,loan_servicing
TCK005384,"hi team my card is not working, what do I do!!",email,loan_servicing
TCK005385,please explain the interest charge on my last statement many thanks,app,billing
TCK005386,dear team the branch staff were rude and refused to escalate my case thanks,email,complaint
TCK005387,hi I want to make an overpayment of £857.55 on my loan regards,email,loan_servicing
TCK005388,"hi team my account was compromised after a phishing text, £298.30 is missing!!",email,fraud_dispute
TCK005389,hi team I did not authorise the £582.22 charge from RYANAIR on my card please help,app,fraud_dispute
TCK005390,hello can I change my monthly instalment date to the 2th,email,loan_servicing
TCK005391,hi is there a fee for withdrawing cash abroad!,email,general_enquiry
TCK005392,"dear team third time raising this issue, nobody has called me back!!",web,complaint
TCK005393,"cannot log in to the app, it says my credentials are invalid!!",app,account_access
TCK005394,good morning can I change my monthly instalment date to the 8th regards,email,loan_servicing
TCK005395,hello is there a fee for withdrawing cash abroad.,web,general_enquiry
TCK005396,"HI TEAM CANNOT LOG IN TO THE APP, IT SAYS MY CREDENTIALS ARE INVALID!!",phone_transcript,account_access
TCK005397,GOOD MORNING SOMETHING IS WRONG WITH MY STATEMENT THANKS,web,billing
TCK005398,DEAR TEAM I DID NOT AUTHORISE THE £136.93 CHARGE FROM TESCO EXPRESS ON MY CARD.,app,fraud_dispute
TCK005399,"hi locked out after three attempts, need my password reset",app,account_access
TCK005400,"hi locked out after three attempts, need my password reset many thanks",email,account_access
TCK005401,HELLO I WANT TO MAKE AN OVERPAYMENT OF £424.18 ON MY LOAN PLEASE HELP,phone_transcript,loan_servicing
TCK005402,PLEASE EXPLAIN THE INTEREST CHARGE ON MY LAST STATEMENT,app,billing
TCK005403,GOOD MORNING I WAS BILLED £583.14 AFTER I ALREADY CANCELLED THE SERVICE!,app,billing
TCK005404,hi team money missing from my account regards,web,account_access
TCK005405,"hi my account was compromised after a phishing text, £613.44 is missing!",phone_transcript,fraud_dispute
TCK005406,can someone look at my account urgently!!,email,billing
TCK005407,hello I was billed £703.21 after I already cancelled the service please help,web,billing
TCK005408,hi there is a problem with my account please call me thanks,web,billing
TCK005409,hi biometric login stopped working after the latest update please help,phone_transcript,account_access
TCK005410,"DEAR TEAM MY CARD IS NOT WORKING, WHAT DO I DO!",app,account_access
TCK005411,HI TEAM BIOMETRIC LOGIN STOPPED WORKING AFTER THE LATEST UPDATE REGARDS,email,account_access
TCK005412,dear team the amount is not what I expected.,email,fraud_dispute
TCK005413,"GOOD MORNING THIRD TIME RAISING THIS ISSUE, NOBODY HAS CALLED ME BACK REGARDS",app,complaint
TCK005414,hi why was I charged £838.09 this month when my plan is fixed!,app,billing
TCK005415,"dear team someone used my debit card at AMZN MKTPLACE, I want a chargeback",app,fraud_dispute
TCK005416,good morning do you offer joint accounts for students please help,app,general_enquiry
TCK005417,"good morning cannot log in to the app, it says my credentials are invalid.",app,account_access
TCK005418,"good morning this is the worst service I have received, I am moving my accounts regards",email,complaint
TCK005419,"hi my account was compromised after a phishing text, £431.03 is missing thanks",web,fraud_dispute
TCK005420,good morning biometric login stopped working after the latest update!,app,account_access
TCK005421,"HI THIS IS THE WORST SERVICE I HAVE RECEIVED, I AM MOVING MY ACCOUNTS PLEASE HELP",app,complaint
TCK005422,dear team how do I order a replacement card for a lost one!,web,general_enquiry
TCK005423,"HELLO CANNOT LOG IN TO THE APP, IT SAYS MY CREDENTIALS ARE INVALID!",app,account_access
TCK005424,hello what are your branch opening hours on a saturday thanks,app,general_enquiry
TCK005425,I WANT TO MAKE AN OVERPAYMENT OF £821.71 ON MY LOAN!,app,loan_servicing
TCK005426,"hi this is the worst service I have received, I am moving my acounts!",email,complaint
TCK005427,good morning what are your branch opening hours on a saturday,app,general_enquiry
TCK005428,why was I charged £292.75 this month when my plan is fixed,web,billing
TCK005429,"CANNOT LOG IN TO THE APP, IT SAYS MY CREDENTIALS ARE INVALID MANY THANKS",email,account_access
TCK005430,hi do you offer joint accounts for students!,app,general_enquiry
TCK005431,hi can someone look at my account urgently!!,app,general_enquiry
TCK005432,"hi team locked out after three attempts, need my password reset!",app,account_access
TCK005433,hello something is wrong with my statement many thanks,web,billing
TCK005434,dear team biometric login stopped working after the latest update,app,account_access
TCK005435,good morning the one time passcode never arrives on my phone.,email,account_access
TCK005436,"DEAR TEAM UNAUTHORISED PAYMENT OF £549.36 SHOWING ON STATEMENT, CARD WAS IN MY WALLET REGARDS",web,fraud_dispute
TCK005437,hi the branch staff were rude and refused to escalate my case!,phone_transcript,complaint
TCK005438,hello my username is not recognised even though the account is active many thanks,email,account_access
TCK005439,WHAT ARE YOUR BRANCH OPENING HOURS ON A SATURDAY.,phone_transcript,general_enquiry
TCK005440,"DEAR TEAM UNAUTHORISED PAYMENT OF £879.55 SHOWING ON STATEMENT, CARD WAS IN MY WALLET!!",email,fraud_dispute
TCK005441,hello the one time passcode never arrives on my phone many thanks,email,account_access
TCK005442,"HI TEAM PAYMENT ISSUE ON MY ACCOUNT, NEED THIS SORTED TODAY MANY THANKS",phone_transcript,account_access
TCK005443,"good morning issue with my payment, second time asking",app,billing
TCK005444,is there a fee for withdrawing cash abroad regards,web,general_enquiry
TCK005445,HI TEAM WHAT DOCUMENTS DO I NEED TO UPDATE MY ADDRESS!,email,general_enquiry
TCK005446,"dear team issue with my payment, second time asking.",app,account_access
TCK005447,dear team I want to make an overpayment of £619.18 on my loan thanks,phone_transcript,loan_servicing
TCK005448,dear team please explain the interest charge on my last statement please help,email,billing
TCK005449,good morning need help with a charge on my account,web,account_access
TCK005450,"hello please review my account, the numbers look wrong many thanks",web,general_enquiry
TCK005451,"hi this is the worst service I have received, I am moving my accounts!!",web,complaint
TCK005452,hi I was billed £739.09 after I already cancelled the service!!,app,billing
TCK005453,hi team is there a fee for withdrawing cash abroad!,app,general_enquiry
TCK005454,IS THERE A FEE FOR WITHDRAWING CASH ABROAD REGARDS,email,general_enquiry
TCK005455,HI TEAM THE ONE TIME PASSCODE NEVER ARRIVES ON MY PHONE PLEASE HELP,email,account_access
TCK005456,hi I did not authorise the £119.89 charge from UBER TRIP on my card!!,email,fraud_dispute
TCK005457,"hello my direct debit for the loan failed, how do I catch up regards",app,loan_servicing
TCK005458,good morning can someone look at my acount urgently thanks,email,fraud_dispute
TCK005459,HELLO REQUESTING A PAYMENT HOLIDAY FOR 8 MONTHS ON MY LOAN THANKS,web,loan_servicing
TCK005460,good morning need help with a charge on my account,app,complaint
TCK005461,"PAYMENT ISSUE ON MY ACCOUNT, NEED THIS SORTED TODAY.",app,account_access
TCK005462,hi I did not authorise the £151.05 charge from TESCO EXPRESS on my card.,email,fraud_dispute
TCK005463,"dear team payment issue on my account, need this sorted today!!",app,loan_servicing
TCK005464,hi team how do I order a replacement card for a lost one,app,general_enquiry
TCK005465,dear team can I change my monthly instalment date to teh 4th,email,loan_servicing
TCK005466,good morning biometric login stopped working after the latest update regards,email,complaint
TCK005467,dear team I was billed £645.60 after I already cancelled the service many thanks,app,billing
TCK005468,GOOD MORNING THE BRANCH STAFF WERE RUDE AND REFUSED TO ESCALATE MY CASE THANKS,app,complaint
TCK005469,hello I want to make a formal complaint about the handling of my case please help,web,complaint
TCK005470,"hi team my direct debit for the loan failed, how do I catch up please help",app,loan_servicing
TCK005471,hi team biometric login stopped working after the latest update thanks,app,account_access
TCK005472,hi team can someone look at my account urgently.,app,loan_servicing
TCK005473,there are 2 transactions I do not recognise please block the card thanks,web,fraud_dispute
TCK005474,HI TEAM WHAT ARE YOUR BRANCH OPENING HOURS ON A SATURDAY!,app,general_enquiry
TCK005475,"hi team please review my acount, teh numbers look wrong many thanks",email,account_access
TCK005476,the branch staff were rude and refused to escalate my case.,email,complaint
TCK005477,GOOD MORNING IS THERE A FEE FOR WITHDRAWING CASH ABROAD!!,app,general_enquiry
TCK005478,hello please explain the interest charge on my last statement regards,phone_transcript,billing
TCK005479,"hello cannot log in to the app, it says my credentials are invalid please help",web,account_access
TCK005480,hi team I was billed £754.33 after I already cancelled teh service please help,email,billing
TCK005481,hi team need help with a charge on my account please help,web,complaint
TCK005482,hi I want to make a formal complaint about teh handling of my case many thanks,app,complaint
TCK005483,"hi someone used my debit card at TESCO EXPRESS, I want a chargeback.",web,fraud_dispute
TCK005484,hello why was I charged £508.02 this month when my plan is fixed,email,billing
TCK005485,DEAR TEAM I WANT TO MAKE A FORMAL COMPLAINT ABOUT THE HANDLING OF MY CASE REGARDS,app,complaint
TCK005486,"hi duplicate direct debit taken, need a refund of £376.09 many thanks",phone_transcript,billing
TCK005487,hi team there is a problem with my acount please call me many thanks,phone_transcript,account_access
TCK005488,dear team need help with a charge on my acount many thanks,email,complaint
TCK005489,dear team what is the early settlement figure for my loan account many thanks,phone_transcript,loan_servicing
TCK005490,hi is there a fee for withdrawing cash abroad please help,web,general_enquiry
TCK005491,DEAR TEAM HOW DO I ORDER A REPLACEMENT CARD FOR A LOST ONE!,app,general_enquiry
TCK005492,"my direct debit for the loan failed, how do I catch up regards",app,loan_servicing
TCK005493,HI TEAM IS THERE A FEE FOR WITHDRAWING CASH ABROAD.,app,general_enquiry
TCK005494,dear team I was billed £691.35 after I already cancelled the service thanks,web,billing
TCK005495,HI MY USERNAME IS NOT RECOGNISED EVEN THOUGH THE ACCOUNT IS ACTIVE REGARDS,email,account_access
TCK005496,DEAR TEAM I WANT TO MAKE A FORMAL COMPLAINT ABOUT THE HANDLING OF MY CASE,web,complaint
TCK005497,hi team money missing from my account regards,email,billing
TCK005498,hi team can someone look at my account urgently!,email,fraud_dispute
TCK005499,dear team I was billed £57.77 after I already cancelled the service many thanks,app,billing
TCK005500,teh annual fee of £197.13 was applied twice to my statement!!,app,billing
TCK005501,dear team there are 4 transactions I do not recognise please block the card thanks,app,fraud_dispute
TCK005502,good morning is there a fee for withdrawing cash abroad,app,general_enquiry
TCK005503,need help with a charge on my account many thanks,email,general_enquiry
TCK005504,hello what documents do I need to update my address,web,general_enquiry
TCK005505,"GOOD MORNING ISSUE WITH MY PAYMENT, SECOND TIME ASKING MANY THANKS",email,billing
TCK005506,"dear team duplicate direct debit taken, need a refund of £657.61 thanks",app,billing
TCK005507,dear team what documents do I need to update my address please help,app,general_enquiry
TCK005508,"DEAR TEAM UNAUTHORISED PAYMENT OF £545.35 SHOWING ON STATEMENT, CARD WAS IN MY WALLET PLEASE HELP",phone_transcript,fraud_dispute
TCK005509,good morning money missing from my account,web,billing
TCK005510,"HELLO UNAUTHORISED PAYMENT OF £516.62 SHOWING ON STATEMENT, CARD WAS IN MY WALLET!",email,fraud_dispute
TCK005511,good morning please explain teh interest charge on my last statement please help,email,billing
TCK005512,"hi team duplicate direct debit taken, need a refund of £130.93 thanks",email,billing
TCK005513,hello my username is not recognised even though teh account is active regards,email,account_access
TCK005514,hi team what are your branch opening hours on a saturday thanks,web,general_enquiry
TCK005515,HI TEAM WHY WAS I CHARGED £516.23 THIS MONTH WHEN MY PLAN IS FIXED REGARDS,email,billing
TCK005516,hi team do you offer joint accounts for students,email,general_enquiry
TCK005517,HI TEAM PLEASE EXPLAIN THE INTEREST CHARGE ON MY LAST STATEMENT PLEASE HELP,email,billing
TCK005518,HI TEAM HOW DO I ORDER A REPLACEMENT CARD FOR A LOST ONE!,web,general_enquiry
TCK005519,hi do you offer joint accounts for students many thanks,email,general_enquiry
TCK005520,"hi duplicate direct debit taken, need a refund of £369.89 many thanks",app,billing
TCK005521,"good morning my card is not working, what do I do please help",phone_transcript,loan_servicing
TCK005522,hello the branch staff were rude and refused to escalate my case please help,email,complaint
TCK005523,dear team please explain the interest charge on my last statement,web,billing
TCK005524,good morning my username is not recognised even though the account is active!,email,account_access
TCK005525,good morning need help with a charge on my account!,web,account_access
TCK005526,"hello locked out after three attempts, need my password reset please help",app,account_access
TCK005527,hi what documents do I need to update my address!,email,general_enquiry
TCK005528,hi I was billed £325.25 after I already cancelled the service,app,billing
TCK005529,hello I did not authorise teh £559.22 charge from APPLE.COM/BILL on my card thanks,email,fraud_dispute
TCK005530,the branch staff were rude and refused to escalate my case.,email,complaint
TCK005531,hi something is wrong with my statement.,app,general_enquiry
TCK005532,hi something is wrong with my statement.,app,fraud_dispute
TCK005533,HELLO THE AMOUNT IS NOT WHAT I EXPECTED THANKS,app,billing
TCK005534,good morning I did not authorise the £390.02 charge from RYANAIR on my card.,web,fraud_dispute
TCK005535,"DEAR TEAM CANNOT LOG IN TO THE APP, IT SAYS MY CREDENTIALS ARE INVALID REGARDS",email,account_access
TCK005536,DEAR TEAM THERE IS A PROBLEM WITH MY ACCOUNT PLEASE CALL ME REGARDS,app,billing
TCK005537,good morning I want to make an overpayment of £435.44 on my loan.,app,loan_servicing
TCK005538,hi how do I order a replacement card for a lost one!!,app,general_enquiry
TCK005539,"hi team locked out after three attempts, need my password reset!",app,account_access
TCK005540,hello can I change my monthly instalment date to the 4th!,app,loan_servicing
TCK005541,"dear team unauthorised payment of £235.95 showing on statement, card was in my wallet!",email,fraud_dispute
TCK005542,hi what is teh early settlement figure for my loan account!!,app,loan_servicing
TCK005543,there are 7 transactions I do not recognise please block the card,web,fraud_dispute
TCK005544,HI THERE IS A PROBLEM WITH MY ACCOUNT PLEASE CALL ME REGARDS,web,fraud_dispute
TCK005545,hello my username is not recognised even though the acount is active many thanks,email,account_access
TCK005546,"locked out after three attempts, need my password reset many thanks",app,account_access
TCK005547,HI TEAM NEED HELP WITH A CHARGE ON MY ACCOUNT!,email,billing
TCK005548,"hello someone used my debit card at STEAM GAMES, I want a chargeback many thanks",email,general_enquiry
TCK005549,"duplicate direct debit taken, need a refund of £314.79!!",email,billing
TCK005550,"hi someone used my debit card at APPLE.COM/BILL, I want a chargeback.",app,fraud_dispute
TCK005551,"DEAR TEAM PAYMENT ISSUE ON MY ACCOUNT, NEED THIS SORTED TODAY MANY THANKS",email,billing
TCK005552,good morning need help with a charge on my account,web,account_access
TCK005553,hi the branch staff were rude and refused to escalate my case!!,web,complaint
TCK005554,"hello duplicate direct debit taken, need a refund of £176.28.",email,billing
TCK005555,"hi locked out after three attempts, need my password reset",phone_transcript,account_access
TCK005556,"good morning my card is not working, what do I do thanks",app,billing
TCK005557,"hi team my account was compromised after a phishing text, £522.13 is missing regards",web,fraud_dispute
TCK005558,"unauthorised payment of £220.17 showing on statement, card was in my wallet many thanks",phone_transcript,fraud_dispute
TCK005559,"dear team my direct debit for teh loan failed, how do I catch up.",app,loan_servicing
TCK005560,"good morning payment issue on my account, need this sorted today please help",email,billing
TCK005561,GOOD MORNING REQUESTING A PAYMENT HOLIDAY FOR 3 MONTHS ON MY LOAN,app,loan_servicing
TCK005562,hi the amount is not what I expected please help,email,billing
TCK005563,THE ANNUAL FEE OF £91.94 WAS APPLIED TWICE TO MY STATEMENT THANKS,app,billing
TCK005564,good morning can I change my monthly instalment date to the 4th regards,app,loan_servicing
TCK005565,hi team there are 7 transactions I do not recognise please block the card thanks,phone_transcript,fraud_dispute
TCK005566,I want to make an overpayment of £411.94 on my loan!,app,loan_servicing
TCK005567,"GOOD MORNING THIRD TIME RAISING THIS ISSUE, NOBODY HAS CALLED ME BACK THANKS",app,complaint
TCK005568,good morning I want to make a formal complaint about the handling of my case!!,email,complaint
TCK005569,good morning I was billed £170.07 after I already cancelled the service!,phone_transcript,billing
TCK005570,hi the one time passcode never arrives on my phone regards,app,account_access
TCK005571,"HI TEAM UNAUTHORISED PAYMENT OF £116.34 SHOWING ON STATEMENT, CARD WAS IN MY WALLET.",app,fraud_dispute
TCK005572,can someone look at my account urgently please help,email,billing
TCK005573,hi is there a fee for withdrawing cash abroad!,app,general_enquiry
TCK005574,hi my username is not recognised even though the account is active!!,email,account_access
TCK005575,DO YOU OFFER JOINT ACCOUNTS FOR STUDENTS REGARDS,app,general_enquiry
TCK005576,HI PLEASE EXPLAIN THE INTEREST CHARGE ON MY LAST STATEMENT,app,billing
TCK005577,"HI TEAM THIRD TIME RAISING THIS ISSUE, NOBODY HAS CALLED ME BACK!",app,complaint
TCK005578,hi team the amount is not what I expected many thanks,email,fraud_dispute
TCK005579,is there a fee for withdrawing cash abroad!!,app,general_enquiry
TCK005580,HI WHY WAS I CHARGED £483.91 THIS MONTH WHEN MY PLAN IS FIXED!!,app,billing
TCK005581,"someone used my debit card at RYANAIR, I want a chargeback!",email,fraud_dispute
TCK005582,"dear team third time raising this issue, nobody has called me back many thanks",app,complaint
TCK005583,"hello locked out after three attempts, need my password reset please help",phone_transcript,account_access
TCK005584,"hello duplicate direct debit taken, need a refund of £630.38 please help",app,billing
TCK005585,"hi someone used my debit card at TESCO EXPRESS, I want a chargeback thanks",app,fraud_dispute
TCK005586,"good morning someone used my debit card at APPLE.COM/BILL, I want a chargeback!!",app,billing
TCK005587,hi I was billed £170.71 after I already cancelled the service regards,email,billing
TCK005588,"good morning duplicate direct debit taken, need a refund of £879.87!",web,billing
TCK005589,what documents do I need to update my address!,phone_transcript,general_enquiry
TCK005590,HI TEAM MY USERNAME IS NOT RECOGNISED EVEN THOUGH THE ACCOUNT IS ACTIVE,app,account_access
TCK005591,"HELLO DUPLICATE DIRECT DEBIT TAKEN, NEED A REFUND OF £401.78 PLEASE HELP",web,billing
TCK005592,hi why was I charged £485.60 this month when my plan is fixed!,email,billing
TCK005593,hello the branch staff were rude and refused to escalate my case.,web,complaint
TCK005594,"hello third time raising this issue, nobody has called me back please help",email,complaint
TCK005595,HI I WANT TO MAKE AN OVERPAYMENT OF £54.69 ON MY LOAN.,app,loan_servicing
TCK005596,hello something is wrong with my statement thanks,app,billing
TCK005597,good morning I was billed £187.80 after I already cancelled the service.,web,billing
TCK005598,good morning I was billed £789.77 after I already cancelled teh service!!,phone_transcript,billing
TCK005599,I WAS BILLED £221.10 AFTER I ALREADY CANCELLED THE SERVICE!!,app,billing
TCK005600,"third time raising this issue, nobody has called me back please help",web,complaint
TCK005601,hi team my username is not recognised even though the account is active please help,email,account_access
TCK005602,good morning I want to make an overpayment of £478.74 on my loan many thanks,app,loan_servicing
TCK005603,hello I want to make an overpayment of £520.93 on my loan!,phone_transcript,loan_servicing
TCK005604,"hello cannot log in to the app, it says my credentials are invalid!!",phone_transcript,account_access
TCK005605,"dear team payment issue on my acount, need this sorted today",app,billing
TCK005606,I want to make a formal complaint about the handling of my case.,phone_transcript,complaint
TCK005607,hi team what are your branch opening hours on a saturday!,web,general_enquiry
TCK005608,GOOD MORNING WHAT DOCUMENTS DO I NEED TO UPDATE MY ADDRESS MANY THANKS,app,general_enquiry
TCK005609,GOOD MORNING PLEASE EXPLAIN THE INTEREST CHARGE ON MY LAST STATEMENT THANKS,email,billing
TCK005610,hi is there a fee for withdrawing cash abroad many thanks,web,general_enquiry
TCK005611,hi team please explain the interest charge on my last statement thanks,app,billing
TCK005612,hello what documents do I need to update my address.,web,general_enquiry
TCK005613,hi team do you offer joint accounts for students regards,web,general_enquiry
TCK005614,dear team something is wrong with my statement please help,app,account_access
TCK005615,GOOD MORNING I DID NOT AUTHORISE THE £242.16 CHARGE FROM TESCO EXPRESS ON MY CARD.,email,fraud_dispute
TCK005616,my username is not recognised even though the account is active!!,app,account_access
TCK005617,hello can someone look at my account urgently,web,complaint
TCK005618,HELLO NEED HELP WITH A CHARGE ON MY ACCOUNT!,email,billing
TCK005619,"hello payment issue on my account, need this sorted today.",app,billing
TCK005620,hello I was billed £123.03 after I already cancelled the service.,email,billing
TCK005621,dear team I have been waiting 7 weeks for a response and this is unacceptable.,email,complaint
TCK005622,I have been waiting 7 weeks for a response and this is unacceptable.,app,complaint
TCK005623,good morning requesting a payment holiday for 4 months on my loan!!,web,loan_servicing
TCK005624,GOOD MORNING MY USERNAME IS NOT RECOGNISED EVEN THOUGH THE ACCOUNT IS ACTIVE REGARDS,web,account_access
TCK005625,hi what are your branch opening hours on a saturday regards,email,general_enquiry
TCK005626,hello I was billed £525.27 after I already cancelled the service thanks,app,billing
TCK005627,hi team I was billed £388.30 after I already cancelled the service,app,billing
TCK005628,hello need help with a charge on my account many thanks,email,general_enquiry
TCK005629,hi is there a fee for withdrawing cash abroad!,email,general_enquiry
TCK005630,hi team why was I charged £168.77 this month when my plan is fixed regards,app,billing
TCK005631,dear team can someone look at my account urgently!!,email,billing
TCK005632,"hi payment issue on my account, need this sorted today many thanks",email,general_enquiry
TCK005633,hi team do you offer joint accounts for students!,web,general_enquiry
TCK005634,"hi team this is teh worst service I have received, I am moving my accounts.",app,complaint
TCK005635,why was I charged £466.82 this month when my plan is fixed please help,email,billing
TCK005636,hi team money missing from my account thanks,phone_transcript,account_access
TCK005637,dear team what documents do I need to update my address please help,web,general_enquiry
TCK005638,"good morning this is the worst service I have received, I am moving my accounts many thanks",app,complaint
TCK005639,I want to make an overpayment of £807.57 on my loan please help,web,loan_servicing
TCK005640,"hi team my account was compromised after a phishing text, £514.59 is missing regards",phone_transcript,general_enquiry
TCK005641,"HI TEAM UNAUTHORISED PAYMENT OF £512.01 SHOWING ON STATEMENT, CARD WAS IN MY WALLET MANY THANKS",email,fraud_dispute
TCK005642,DEAR TEAM WHAT DOCUMENTS DO I NEED TO UPDATE MY ADDRESS THANKS,app,general_enquiry
TCK005643,good morning biometric login stopped working after the latest update.,email,account_access
TCK005644,hi I was billed £775.29 after I already cancelled the service regards,phone_transcript,billing
TCK005645,DEAR TEAM THE ANNUAL FEE OF £62.47 WAS APPLIED TWICE TO MY STATEMENT PLEASE HELP,email,billing
TCK005646,"dear team my direct debit for the loan failed, how do I catch up!!",app,loan_servicing
TCK005647,HI I WANT TO MAKE AN OVERPAYMENT OF £381.02 ON MY LOAN,app,billing
TCK005648,please explain the interest charge on my last statement thanks,app,billing
TCK005649,hello I want to make an overpayment of £563.27 on my loan!!,email,complaint
TCK005650,"my direct debit for the loan failed, how do I catch up!!",app,loan_servicing
TCK005651,GOOD MORNING I WAS BILLED £825.30 AFTER I ALREADY CANCELLED THE SERVICE,web,billing
TCK005652,hello the one time passcode never arrives on my phone,email,account_access
TCK005653,good morning is there a fee for withdrawing cash abroad,app,general_enquiry
TCK005654,hi team I did not authorise the £367.71 charge from STEAM GAMES on my card thanks,app,fraud_dispute
TCK005655,HELLO HOW DO I ORDER A REPLACEMENT CARD FOR A LOST ONE!!,web,general_enquiry
TCK005656,hi how do I order a replacement card for a lost one!,web,general_enquiry
TCK005657,hi do you offer joint accounts for students.,phone_transcript,general_enquiry
TCK005658,good morning the branch staff were rude and refused to escalate my case,app,complaint
TCK005659,dear team the one time passcode never arrives on my phone,app,account_access
TCK005660,"HELLO DUPLICATE DIRECT DEBIT TAKEN, NEED A REFUND OF £534.68.",app,billing
TCK005661,"hi my card is not working, what do I do.",app,billing
TCK005662,"hi locked out after three attempts, need my password reset.",app,account_access
TCK005663,hello please explain the interest charge on my last statement regards,email,billing
TCK005664,hi why was I charged £336.73 this month when my plan is fixed regards,app,billing
TCK005665,hi biometric login stopped working after the latest update many thanks,email,account_access
TCK005666,I WAS BILLED £784.23 AFTER I ALREADY CANCELLED THE SERVICE!,email,billing
TCK005667,good morning I was billed £545.62 after I already cancelled the service many thanks,email,billing
TCK005668,hi my username is not recognised even though the account is active!!,app,account_access
TCK005669,hi something is wrong with my statement!!,app,complaint
TCK005670,good morning please explain teh interest charge on my last statement,app,billing
TCK005671,"dear team payment issue on my account, need this sorted today many thanks",web,billing
TCK005672,"hi team issue with my payment, second time asking!",email,fraud_dispute
TCK005673,"hello my direct debit for the loan failed, how do I catch up.",app,loan_servicing
TCK005674,good morning is there a fee for withdrawing cash abroad many thanks,app,general_enquiry
TCK005675,hi what documents do I need to update my address regards,email,general_enquiry
TCK005676,hi team requesting a payment holiday for 7 months on my loan.,app,loan_servicing
TCK005677,hello is there a fee for withdrawing cash abroad many thanks,email,general_enquiry
TCK005678,good morning there are 8 transactions I do not recognise please block teh card regards,app,fraud_dispute
TCK005679,hi team I have been waiting 2 weeks for a response and this is unacceptable!!,web,complaint
TCK005680,HI BIOMETRIC LOGIN STOPPED WORKING AFTER THE LATEST UPDATE!!,app,account_access
TCK005681,HELLO I WAS BILLED £37.92 AFTER I ALREADY CANCELLED THE SERVICE!!,app,billing
TCK005682,please explain the interest charge on my last statement many thanks,web,billing
TCK005683,"good morning please review my account, teh numbers look wrong",app,complaint
TCK005684,GOOD MORNING HOW DO I ORDER A REPLACEMENT CARD FOR A LOST ONE.,app,general_enquiry
TCK005685,"duplicate direct debit taken, need a refund of £88.24 regards",web,billing
TCK005686,"HI TEAM MY DIRECT DEBIT FOR THE LOAN FAILED, HOW DO I CATCH UP REGARDS",phone_transcript,loan_servicing
TCK005687,"hello someone used my debit card at AMZN MKTPLACE, I want a chargeback.",app,general_enquiry
TCK005688,HI I WANT TO MAKE A FORMAL COMPLAINT ABOUT THE HANDLING OF MY CASE REGARDS,web,complaint
TCK005689,dear team do you offer joint accounts for students thanks,phone_transcript,general_enquiry
TCK005690,"DEAR TEAM UNAUTHORISED PAYMENT OF £28.14 SHOWING ON STATEMENT, CARD WAS IN MY WALLET THANKS",app,fraud_dispute
TCK005691,good morning requesting a payment holiday for 7 months on my loan!,app,loan_servicing
TCK005692,"hi team payment issue on my account, need this sorted today.",app,billing
TCK005693,GOOD MORNING WHY WAS I CHARGED £618.21 THIS MONTH WHEN MY PLAN IS FIXED,email,billing
TCK005694,"good morning cannot log in to teh app, it says my credentials are invalid!!",app,account_access
TCK005695,good morning the branch staff were rude and refused to escalate my case regards,app,complaint
TCK005696,"HI MY CARD IS NOT WORKING, WHAT DO I DO REGARDS",phone_transcript,general_enquiry
TCK005697,HELLO NEED HELP WITH A CHARGE ON MY ACCOUNT THANKS,web,account_access
TCK005698,HELLO THE BRANCH STAFF WERE RUDE AND REFUSED TO ESCALATE MY CASE REGARDS,web,complaint
TCK005699,dear team biometric login stopped working after teh latest update thanks,email,account_access
TCK005700,THE AMOUNT IS NOT WHAT I EXPECTED.,web,general_enquiry
TCK005701,WHAT ARE YOUR BRANCH OPENING HOURS ON A SATURDAY REGARDS,web,general_enquiry
TCK005702,hello the branch staff were rude and refused to escalate my case.,app,complaint
TCK005703,"hi team third time raising this issue, nobody has called me back.",email,complaint
TCK005704,hi what is the early settlement figure for my loan account thanks,email,loan_servicing
TCK005705,good morning is there a fee for withdrawing cash abroad,app,general_enquiry
TCK005706,"hi team duplicate direct debit taken, need a refund of £458.71",app,billing
TCK005707,what are your branch opening hours on a saturday thanks,email,general_enquiry
TCK005708,"hi team please review my account, the numbers look wrong thanks",app,fraud_dispute
TCK005709,hi there are 8 transactions I do not recognise please block teh card many thanks,web,fraud_dispute
TCK005710,"good morning my direct debit for the loan failed, how do I catch up.",web,loan_servicing
TCK005711,hi team what documents do I need to update my address,email,general_enquiry
TCK005712,I WAS BILLED £547.59 AFTER I ALREADY CANCELLED THE SERVICE THANKS,web,billing
TCK005713,hello is there a fee for withdrawing cash abroad,app,general_enquiry
TCK005714,hi requesting a payment holiday for 7 months on my loan thanks,app,loan_servicing
TCK005715,DEAR TEAM I WANT TO MAKE AN OVERPAYMENT OF £337.81 ON MY LOAN,email,loan_servicing
TCK005716,dear team the amount is not what I expected many thanks,app,account_access
TCK005717,"unauthorised payment of £352.44 showing on statement, card was in my wallet!",app,fraud_dispute
TCK005718,good morning I was billed £491.48 after I already cancelled the service please help,app,billing
TCK005719,WHAT DOCUMENTS DO I NEED TO UPDATE MY ADDRESS PLEASE HELP,email,fraud_dispute
TCK005720,hi I was billed £171.76 after I already cancelled the service please help,web,billing
TCK005721,DEAR TEAM CAN SOMEONE LOOK AT MY ACCOUNT URGENTLY REGARDS,app,billing
TCK005722,please explain the interest charge on my last statement.,email,billing
TCK005723,good morning do you offer joint accounts for students.,app,general_enquiry
TCK005724,"dear team duplicate direct debit taken, need a refund of £118.16 regards",phone_transcript,billing
TCK005725,good morning I have been waiting 2 weeks for a response and this is unacceptable please help,app,complaint
TCK005726,"hello duplicate direct debit taken, need a refund of £249.13 thanks",app,billing
TCK005727,what are your branch opening hours on a saturday thanks,email,general_enquiry
TCK005728,"DEAR TEAM THIS IS THE WORST SERVICE I HAVE RECEIVED, I AM MOVING MY ACCOUNTS MANY THANKS",email,complaint
TCK005729,DEAR TEAM PLEASE EXPLAIN THE INTEREST CHARGE ON MY LAST STATEMENT MANY THANKS,app,billing
TCK005730,I WANT TO MAKE A FORMAL COMPLAINT ABOUT THE HANDLING OF MY CASE,web,complaint
TCK005731,HI THERE ARE 4 TRANSACTIONS I DO NOT RECOGNISE PLEASE BLOCK THE CARD!,web,fraud_dispute
TCK005732,hello can someone look at my account urgently regards,web,general_enquiry
TCK005733,"cannot log in to the app, it says my credentials are invalid!",web,account_access
TCK005734,good morning biometric login stopped working after the latest update please help,web,account_access
TCK005735,HI TEAM THERE ARE 8 TRANSACTIONS I DO NOT RECOGNISE PLEASE BLOCK THE CARD!,email,fraud_dispute
TCK005736,DEAR TEAM IS THERE A FEE FOR WITHDRAWING CASH ABROAD REGARDS,email,general_enquiry
TCK005737,"good morning this is the worst service I have received, I am moving my accounts regards",phone_transcript,complaint
TCK005738,"someone used my debit card at AMZN MKTPLACE, I want a chargeback thanks",app,fraud_dispute
TCK005739,"my card is not working, what do I do.",app,general_enquiry
TCK005740,hello can someone look at my account urgently regards,email,billing
TCK005741,hi team the annual fee of £265.88 was applied twice to my statement many thanks,web,billing
TCK005742,"CANNOT LOG IN TO THE APP, IT SAYS MY CREDENTIALS ARE INVALID",phone_transcript,account_access
TCK005743,dear team requesting a payment holiday for 8 months on my loan please help,app,loan_servicing
TCK005744,what are your branch opening hours on a saturday many thanks,email,general_enquiry
TCK005745,BIOMETRIC LOGIN STOPPED WORKING AFTER THE LATEST UPDATE!!,email,account_access
TCK005746,can I change my monthly instalment date to teh 6th many thanks,email,loan_servicing
TCK005747,hi teh annual fee of £312.95 was applied twice to my statement thanks,web,billing
TCK005748,"HELLO MY DIRECT DEBIT FOR THE LOAN FAILED, HOW DO I CATCH UP PLEASE HELP",email,loan_servicing
TCK005749,hello money missing from my account please help,app,fraud_dispute
TCK005750,"hi team someone used my debit card at RYANAIR, I want a chargeback regards",app,fraud_dispute
TCK005751,good morning what is the early settlement figure for my loan account thanks,email,loan_servicing
TCK005752,"locked out after three attempts, need my password reset",app,account_access
TCK005753,HELLO WHY WAS I CHARGED £862.72 THIS MONTH WHEN MY PLAN IS FIXED!,app,billing
TCK005754,DO YOU OFFER JOINT ACCOUNTS FOR STUDENTS THANKS,app,general_enquiry
TCK005755,"HI TEAM DUPLICATE DIRECT DEBIT TAKEN, NEED A REFUND OF £859.45 REGARDS",email,billing
TCK005756,hello my username is not recognised even though the account is active!,email,account_access
TCK005757,do you offer joint accounts for students please help,phone_transcript,general_enquiry
TCK005758,"hello locked out after three attempts, need my password reset!",email,account_access
TCK005759,hi team why was I charged £137.18 this month when my plan is fixed.,app,billing
TCK005760,hi team need help with a charge on my account regards,app,fraud_dispute
TCK005761,good morning something is wrong with my statement many thanks,app,general_enquiry
TCK005762,hi I want to make a formal complaint about the handling of my case thanks,app,complaint
TCK005763,hi team need help with a charge on my account,phone_transcript,billing
TCK005764,hi team money missing from my account thanks,app,general_enquiry
TCK005765,good morning my username is not recognised even though teh account is active thanks,email,account_access
TCK005766,good morning something is wrong with my statement,web,loan_servicing
TCK005767,"dear team duplicate direct debit taken, need a refund of £73.66 please help",web,billing
TCK005768,"THIS IS THE WORST SERVICE I HAVE RECEIVED, I AM MOVING MY ACCOUNTS THANKS",app,complaint
TCK005769,HI TEAM NEED HELP WITH A CHARGE ON MY ACCOUNT.,web,fraud_dispute
TCK005770,"dear team unauthorised payment of £485.05 showing on statement, card was in my wallet!",app,fraud_dispute
TCK005771,hello is there a fee for withdrawing cash abroad,email,general_enquiry
TCK005772,"good morning please review my account, the numbers look wrong",app,fraud_dispute
TCK005773,dear team requesting a payment holiday for 8 months on my loan regards,app,loan_servicing
TCK005774,hi the one time passcode never arrives on my phone!!,app,account_access
TCK005775,"hello issue with my payment, second time asking",email,complaint
TCK005776,need help with a charge on my account.,email,fraud_dispute
TCK005777,"issue with my payment, second time asking!",app,complaint
TCK005778,"DEAR TEAM ISSUE WITH MY PAYMENT, SECOND TIME ASKING.",app,account_access
TCK005779,"HI PLEASE REVIEW MY ACCOUNT, THE NUMBERS LOOK WRONG",app,fraud_dispute
TCK005780,what are your branch opening hours on a saturday!!,phone_transcript,general_enquiry
TCK005781,GOOD MORNING REQUESTING A PAYMENT HOLIDAY FOR 4 MONTHS ON MY LOAN,app,loan_servicing
TCK005782,hello biometric login stopped working after the latest update regards,app,account_access
TCK005783,DEAR TEAM DO YOU OFFER JOINT ACCOUNTS FOR STUDENTS MANY THANKS,email,general_enquiry
TCK005784,"HELLO MY CARD IS NOT WORKING, WHAT DO I DO!",web,fraud_dispute
TCK005785,"hi duplicate direct debit taken, need a refund of £716.95",app,billing
TCK005786,THE BRANCH STAFF WERE RUDE AND REFUSED TO ESCALATE MY CASE REGARDS,email,complaint
TCK005787,good morning what documents do I need to update my address!,app,general_enquiry
TCK005788,"good morning locked out after three attempts, need my password reset.",app,account_access
TCK005789,HI TEAM THE ONE TIME PASSCODE NEVER ARRIVES ON MY PHONE,web,account_access
TCK005790,"hi team issue with my payment, second time asking many thanks",app,fraud_dispute
TCK005791,hello why was I charged £772.13 this month when my plan is fixed many thanks,app,billing
TCK005792,good morning requesting a payment holiday for 5 months on my loan please help,email,loan_servicing
TCK005793,"good morning locked out after three attempts, need my password reset many thanks",email,account_access
TCK005794,hi team is there a fee for withdrawing cash abroad many thanks,email,general_enquiry
TCK005795,hi team how do I order a replacement card for a lost one regards,phone_transcript,general_enquiry
TCK005796,"hello cannot log in to the app, it says my credentials are invalid please help",web,account_access
TCK005797,"good morning locked out after three attempts, need my password reset!!",app,account_access
TCK005798,good morning the annual fee of £132.66 was applied twice to my statement.,app,billing
TCK005799,I HAVE BEEN WAITING 3 WEEKS FOR A RESPONSE AND THIS IS UNACCEPTABLE.,app,complaint
TCK005800,good morning is there a fee for withdrawing cash abroad thanks,email,general_enquiry
TCK005801,GOOD MORNING THERE ARE 6 TRANSACTIONS I DO NOT RECOGNISE PLEASE BLOCK THE CARD REGARDS,app,fraud_dispute
TCK005802,"hi my account was compromised after a phishing text, £56.62 is missing thanks",app,fraud_dispute
TCK005803,"hello payment issue on my account, need this sorted today!!",app,general_enquiry
TCK005804,the annual fee of £87.44 was applied twice to my statement.,web,billing
TCK005805,can I change my monthly instalment date to the 3th!,web,loan_servicing
TCK005806,dear team what is the early settlement figure for my loan account please help,app,loan_servicing
TCK005807,"LOCKED OUT AFTER THREE ATTEMPTS, NEED MY PASSWORD RESET.",web,account_access
TCK005808,I was billed £816.08 after I already cancelled the service please help,app,billing
TCK005809,please explain the interest charge on my last statement,app,billing
TCK005810,is there a fee for withdrawing cash abroad!!,app,general_enquiry
TCK005811,dear team my username is not recognised even though the account is active!,email,account_access
TCK005812,hello what is the early settlement figure for my loan account!,phone_transcript,loan_servicing
TCK005813,HELLO IS THERE A FEE FOR WITHDRAWING CASH ABROAD.,app,general_enquiry
TCK005814,requesting a payment holiday for 6 months on my loan!,web,loan_servicing
TCK005815,"dear team this is the worst service I have received, I am moving my accounts!",email,complaint
TCK005816,hi how do I order a replacement card for a lost one,email,general_enquiry
TCK005817,dear team do you offer joint accounts for students.,web,general_enquiry
TCK005818,DEAR TEAM THE ANNUAL FEE OF £182.82 WAS APPLIED TWICE TO MY STATEMENT MANY THANKS,app,billing
TCK005819,hi team the branch staff were rude and refused to escalate my case.,app,complaint
TCK005820,MONEY MISSING FROM MY ACCOUNT MANY THANKS,email,billing
TCK005821,dear team please explain the interest charge on my last statement!!,phone_transcript,billing
TCK005822,"hi team my direct debit for the loan failed, how do I catch up",web,loan_servicing
TCK005823,hi money missing from my account regards,app,fraud_dispute
TCK005824,"HELLO PAYMENT ISSUE ON MY ACCOUNT, NEED THIS SORTED TODAY THANKS",app,complaint
TCK005825,hi something is wrong with my statement regards,app,loan_servicing
TCK005826,biometric login stopped working after the latest update!,phone_transcript,account_access
TCK005827,money missing from my account!,app,complaint
TCK005828,HI WHAT ARE YOUR BRANCH OPENING HOURS ON A SATURDAY!,web,general_enquiry
TCK005829,dear team do you offer joint accounts for students!!,web,general_enquiry
TCK005830,dear team what are your branch opening hours on a saturday.,email,general_enquiry
TCK005831,hi team there are 7 transactions I do not recognise please block the card!!,email,fraud_dispute
TCK005832,hi team teh annual fee of £85.60 was applied twice to my statement thanks,app,billing
TCK005833,good morning the amount is not what I expected please help,email,billing
TCK005834,what documents do I need to update my address.,app,general_enquiry
TCK005835,why was I charged £315.96 this month when my plan is fixed.,app,billing
TCK005836,hi there is a problem with my account please call me please help,web,complaint
TCK005837,dear team my username is not recognised even though the account is active!,email,account_access
TCK005838,"good morning someone used my debit card at TESCO EXPRESS, I want a chargeback",app,fraud_dispute
TCK005839,good morning what are your branch opening hours on a saturday thanks,web,general_enquiry
TCK005840,good morning there are 3 transactions I do not recognise please block the card thanks,email,fraud_dispute
TCK005841,HI TEAM WHAT ARE YOUR BRANCH OPENING HOURS ON A SATURDAY!!,email,general_enquiry
TCK005842,GOOD MORNING SOMETHING IS WRONG WITH MY STATEMENT!,app,loan_servicing
TCK005843,dear team I was billed £585.08 after I already cancelled teh service!!,app,billing
TCK005844,dear team what are your branch opening hours on a saturday please help,app,general_enquiry
TCK005845,hi how do I order a replacement card for a lost one regards,web,general_enquiry
TCK005846,hi need help with a charge on my account please help,email,fraud_dispute
TCK005847,HELLO BIOMETRIC LOGIN STOPPED WORKING AFTER THE LATEST UPDATE MANY THANKS,web,account_access
TCK005848,how do I order a replacement card for a lost one!!,app,general_enquiry
TCK005849,good morning please explain teh interest charge on my last statement.,web,billing
TCK005850,hi team something is wrong with my statement thanks,app,general_enquiry
TCK005851,"GOOD MORNING MY DIRECT DEBIT FOR THE LOAN FAILED, HOW DO I CATCH UP MANY THANKS",app,loan_servicing
TCK005852,"GOOD MORNING PAYMENT ISSUE ON MY ACCOUNT, NEED THIS SORTED TODAY!",web,fraud_dispute
TCK005853,hi team requesting a payment holiday for 2 months on my loan many thanks,email,loan_servicing
TCK005854,hi team is there a fee for withdrawing cash abroad thanks,app,general_enquiry
TCK005855,is there a fee for withdrawing cash abroad thanks,web,general_enquiry
TCK005856,HI THE AMOUNT IS NOT WHAT I EXPECTED REGARDS,email,fraud_dispute
TCK005857,"duplicate direct debit taken, need a refund of £20.04!",app,billing
TCK005858,"this is the worst service I have received, I am moving my acounts",app,general_enquiry
TCK005859,"HI TEAM THIS IS THE WORST SERVICE I HAVE RECEIVED, I AM MOVING MY ACCOUNTS",app,complaint
TCK005860,hi money missing from my account please help,email,fraud_dispute
TCK005861,dear team I want to make a formal complaint about the handling of my case regards,app,complaint
TCK005862,"hello cannot log in to the app, it says my credentials are invalid thanks",email,account_access
TCK005863,DEAR TEAM I WANT TO MAKE AN OVERPAYMENT OF £481.90 ON MY LOAN,phone_transcript,loan_servicing
TCK005864,"good morning my account was compromised after a phishing text, £672.44 is missing!!",web,fraud_dispute
TCK005865,"hello locked out after three attempts, need my password reset!",app,account_access
TCK005866,dear team there is a problem with my account please call me many thanks,app,loan_servicing
TCK005867,HI TEAM WHAT DOCUMENTS DO I NEED TO UPDATE MY ADDRESS!!,app,general_enquiry
TCK005868,hi team I want to make a formal complaint about the handling of my case many thanks,app,complaint
TCK005869,GOOD MORNING THE ANNUAL FEE OF £180.86 WAS APPLIED TWICE TO MY STATEMENT!!,web,billing
TCK005870,the one time passcode never arrives on my phone many thanks,app,account_access
TCK005871,hi there is a problem with my account please call me!!,email,loan_servicing
TCK005872,GOOD MORNING MY USERNAME IS NOT RECOGNISED EVEN THOUGH THE ACCOUNT IS ACTIVE,app,account_access
TCK005873,"HELLO UNAUTHORISED PAYMENT OF £819.43 SHOWING ON STATEMENT, CARD WAS IN MY WALLET REGARDS",app,fraud_dispute
TCK005874,GOOD MORNING CAN SOMEONE LOOK AT MY ACCOUNT URGENTLY MANY THANKS,phone_transcript,billing
TCK005875,"DEAR TEAM THIS IS THE WORST SERVICE I HAVE RECEIVED, I AM MOVING MY ACCOUNTS REGARDS",app,complaint
TCK005876,"GOOD MORNING ISSUE WITH MY PAYMENT, SECOND TIME ASKING",web,fraud_dispute
TCK005877,the one time passcode never arrives on my phone thanks,web,account_access
TCK005878,DEAR TEAM THE ANNUAL FEE OF £705.55 WAS APPLIED TWICE TO MY STATEMENT REGARDS,app,billing
TCK005879,dear team I want to make an overpayment of £843.54 on my loan!,phone_transcript,loan_servicing
TCK005880,"dear team duplicate direct debit taken, need a refund of £770.55!!",app,billing
TCK005881,"hi team my card is not working, what do I do please help",app,billing
TCK005882,NEED HELP WITH A CHARGE ON MY ACCOUNT,web,fraud_dispute
TCK005883,HOW DO I ORDER A REPLACEMENT CARD FOR A LOST ONE.,app,general_enquiry
TCK005884,good morning the one time passcode never arrives on my phone,email,account_access
TCK005885,dear team I was billed £365.68 after I already cancelled the service,app,billing
TCK005886,hi team can I change my monthly instalment date to the 5th please help,app,loan_servicing
TCK005887,hi team I did not authorise the £357.04 charge from STEAM GAMES on my card many thanks,app,fraud_dispute
TCK005888,"good morning locked out after three attempts, need my password reset many thanks",phone_transcript,account_access
TCK005889,hi the amount is not what I expected please help,email,general_enquiry
TCK005890,"dear team issue with my payment, second time asking!!",email,account_access
TCK005891,HELLO THERE ARE 6 TRANSACTIONS I DO NOT RECOGNISE PLEASE BLOCK THE CARD!!,phone_transcript,fraud_dispute
TCK005892,dear team teh amount is not what I expected.,app,account_access
TCK005893,"hi team cannot log in to the app, it says my credentials are invalid!",web,account_access
TCK005894,"good morning duplicate direct debit taken, need a refund of £436.02!!",app,billing
TCK005895,hello I have been waiting 4 weeks for a response and this is unacceptable regards,email,complaint
TCK005896,is there a fee for withdrawing cash abroad please help,app,general_enquiry
TCK005897,good morning I was billed £241.38 after I already cancelled teh service please help,app,billing
TCK005898,hi can someone look at my account urgently,web,fraud_dispute
TCK005899,hello something is wrong with my statement regards,email,billing
TCK005900,dear team the one time passcode never arrives on my phone please help,email,account_access
TCK005901,I WAS BILLED £420.38 AFTER I ALREADY CANCELLED THE SERVICE PLEASE HELP,app,billing
TCK005902,dear team why was I charged £17.08 this month when my plan is fixed.,app,complaint
TCK005903,hello what are your branch opening hours on a saturday!,email,general_enquiry
TCK005904,hi team what are your branch opening hours on a saturday many thanks,phone_transcript,general_enquiry
TCK005905,DEAR TEAM WHAT DOCUMENTS DO I NEED TO UPDATE MY ADDRESS MANY THANKS,app,general_enquiry
TCK005906,"MY DIRECT DEBIT FOR THE LOAN FAILED, HOW DO I CATCH UP THANKS",email,loan_servicing
TCK005907,"hi team my direct debit for the loan failed, how do I catch up thanks",phone_transcript,loan_servicing
TCK005908,"good morning my account was compromised after a phishing text, £477.72 is missing",app,account_access
TCK005909,"hello unauthorised payment of £264.14 showing on statement, card was in my wallet many thanks",app,fraud_dispute
TCK005910,dear team why was I charged £188.12 this month when my plan is fixed regards,email,billing
TCK005911,hi my username is not recognised even though the acount is active many thanks,phone_transcript,account_access
TCK005912,the one time passcode never arrives on my phone,app,account_access
TCK005913,"hi team unauthorised payment of £744.36 showing on statement, card was in my wallet regards",web,fraud_dispute
TCK005914,I did not authorise the £898.39 charge from APPLE.COM/BILL on my card,app,fraud_dispute
TCK005915,hi team need help with a charge on my account regards,phone_transcript,billing
TCK005916,good morning is there a fee for withdrawing cash abroad regards,app,general_enquiry
TCK005917,"unauthorised payment of £134.43 showing on statement, card was in my wallet thanks",email,fraud_dispute
TCK005918,GOOD MORNING DO YOU OFFER JOINT ACCOUNTS FOR STUDENTS!,app,general_enquiry
TCK005919,"dear team locked out after three attempts, need my password reset many thanks",app,account_access
TCK005920,"third time raising this issue, nobody has called me back please help",email,complaint
TCK005921,HELLO I DID NOT AUTHORISE THE £707.75 CHARGE FROM STEAM GAMES ON MY CARD THANKS,app,fraud_dispute
TCK005922,hello is there a fee for withdrawing cash abroad,app,general_enquiry
TCK005923,dear team do you offer joint accounts for students.,web,general_enquiry
TCK005924,hi I want to make an overpayment of £168.66 on my loan regards,app,loan_servicing
TCK005925,"hi locked out after three attempts, need my password reset.",app,account_access
TCK005926,need help with a charge on my account,app,account_access
TCK005927,hi I was billed £894.20 after I already cancelled teh service!!,app,billing
TCK005928,hi can I change my monthly instalment date to the 6th many thanks,web,loan_servicing
TCK005929,dear team the one time passcode never arrives on my phone thanks,email,account_access
TCK005930,hi team my username is not recognised even though the account is active thanks,email,account_access
TCK005931,hi what is teh early settlement figure for my loan account,app,general_enquiry
TCK005932,hello my username is not recognised even though the account is active regards,email,account_access
TCK005933,"hi payment issue on my account, need this sorted today.",app,fraud_dispute
TCK005934,hi team there are 2 transactions I do not recognise please block the card!,email,fraud_dispute
TCK005935,good morning I did not authorise the £330.08 charge from UBER TRIP on my card regards,email,fraud_dispute
TCK005936,hi what are your branch opening hours on a saturday.,app,general_enquiry
TCK005937,hi I want to make an overpayment of £147.59 on my loan.,app,loan_servicing
TCK005938,hello I was billed £144.38 after I already cancelled the service!,email,billing
TCK005939,hi team please explain the interest charge on my last statement regards,email,billing
TCK005940,hello what documents do I need to update my address!,app,general_enquiry
TCK005941,good morning can someone look at my account urgently thanks,phone_transcript,general_enquiry
TCK005942,good morning how do I order a replacement card for a lost one!!,app,general_enquiry
TCK005943,my username is not recognised even though the account is active!!,web,account_access
TCK005944,MY USERNAME IS NOT RECOGNISED EVEN THOUGH THE ACCOUNT IS ACTIVE MANY THANKS,app,account_access
TCK005945,hello what are your branch opening hours on a saturday,app,general_enquiry
TCK005946,HI TEAM BIOMETRIC LOGIN STOPPED WORKING AFTER THE LATEST UPDATE,phone_transcript,account_access
TCK005947,DEAR TEAM NEED HELP WITH A CHARGE ON MY ACCOUNT!!,email,complaint
TCK005948,"hello please review my account, the numbers look wrong regards",app,billing
TCK005949,HELLO I WANT TO MAKE AN OVERPAYMENT OF £770.59 ON MY LOAN MANY THANKS,web,loan_servicing
TCK005950,"hi team duplicate direct debit taken, need a refund of £357.11 many thanks",web,general_enquiry
TCK005951,hi team how do I order a replacement card for a lost one thanks,web,general_enquiry
TCK005952,good morning how do I order a replacement card for a lost one thanks,app,general_enquiry
TCK005953,"HI PAYMENT ISSUE ON MY ACCOUNT, NEED THIS SORTED TODAY!",app,account_access
TCK005954,hi team what is the early settlement figure for my loan account regards,email,loan_servicing
TCK005955,"dear team third time raising this issue, nobody has called me back please help",app,complaint
TCK005956,hello there is a problem with my account please call me,app,account_access
TCK005957,good morning can I change my monthly instalment date to teh 3th thanks,email,loan_servicing
TCK005958,hi is there a fee for withdrawing cash abroad thanks,web,general_enquiry
TCK005959,hello the branch staff were rude and refused to escalate my case.,web,complaint
TCK005960,"dear team my account was compromised after a phishing text, £49.03 is missing!",app,fraud_dispute
TCK005961,"HELLO DUPLICATE DIRECT DEBIT TAKEN, NEED A REFUND OF £115.31 PLEASE HELP",phone_transcript,billing
TCK005962,"hi cannot log in to the app, it says my credentials are invalid",app,account_access
TCK005963,hi team the amount is not what I expected please help,app,billing
TCK005964,good morning the annual fee of £279.92 was applied twice to my statement.,email,billing
TCK005965,dear team what are your branch opening hours on a saturday many thanks,web,general_enquiry
TCK005966,"dear team third time raising this issue, nobody has called me back many thanks",app,complaint
TCK005967,dear team teh one time passcode never arrives on my phone many thanks,app,account_access
TCK005968,"hi payment issue on my acount, need this sorted today please help",email,account_access
TCK005969,"good morning my card is not working, what do I do",web,account_access
TCK005970,hi team there are 5 transactions I do not recognise please block the card,email,fraud_dispute
TCK005971,DEAR TEAM THE ONE TIME PASSCODE NEVER ARRIVES ON MY PHONE THANKS,app,account_access
TCK005972,GOOD MORNING IS THERE A FEE FOR WITHDRAWING CASH ABROAD THANKS,email,general_enquiry
TCK005973,hi team what is the early settlement figure for my loan account regards,app,loan_servicing
TCK005974,hi please explain the interest charge on my last statement thanks,email,billing
TCK005975,THE ONE TIME PASSCODE NEVER ARRIVES ON MY PHONE,app,account_access
TCK005976,good morning what are your branch opening hours on a saturday!,web,fraud_dispute
TCK005977,dear team can I change my monthly instalment date to the 2th many thanks,email,loan_servicing
TCK005978,I did not authorise the £354.50 charge from UBER TRIP on my card many thanks,email,fraud_dispute
TCK005979,hi team teh annual fee of £680.58 was applied twice to my statement!!,phone_transcript,billing
TCK005980,dear team please explain the interest charge on my last statement regards,app,billing
TCK005981,hi team the annual fee of £150.12 was applied twice to my statement,app,billing
TCK005982,"duplicate direct debit taken, need a refund of £562.68 regards",email,loan_servicing
TCK005983,hi team I was billed £400.38 after I already cancelled the service please help,email,billing
TCK005984,what documents do I need to update my address many thanks,app,general_enquiry
TCK005985,dear team teh one time passcode never arrives on my phone!,email,account_access
TCK005986,"hi my direct debit for the loan failed, how do I catch up regards",app,complaint
TCK005987,hello is there a fee for withdrawing cash abroad,app,general_enquiry
TCK005988,dear team there are 4 transactions I do not recognise please block the card,app,fraud_dispute
TCK005989,"good morning my direct debit for teh loan failed, how do I catch up.",phone_transcript,loan_servicing
TCK005990,good morning I did not authorise teh £548.69 charge from AMZN MKTPLACE on my card please help,phone_transcript,fraud_dispute
TCK005991,HI DO YOU OFFER JOINT ACCOUNTS FOR STUDENTS,app,general_enquiry
TCK005992,do you offer joint acounts for students.,email,general_enquiry
TCK005993,IS THERE A FEE FOR WITHDRAWING CASH ABROAD THANKS,phone_transcript,general_enquiry
TCK005994,hello the branch staff were rude and refused to escalate my case!,phone_transcript,complaint
TCK005995,hello how do I order a replacement card for a lost one,app,general_enquiry
TCK005996,HOW DO I ORDER A REPLACEMENT CARD FOR A LOST ONE REGARDS,app,general_enquiry
TCK005997,hi what documents do I need to update my address thanks,email,general_enquiry
TCK005998,hello I want to make a formal complaint about teh handling of my case please help,web,complaint
TCK005999,HELLO THERE IS A PROBLEM WITH MY ACCOUNT PLEASE CALL ME MANY THANKS,app,complaint
