customer_id,tenure_months,contract,internet_service,payment_method,paperless_billing,n_services,monthly_charges,total_charges,support_tickets_90d,churn
CUS000000,16,month_to_month,fiber,electronic_check,True,4,72.51,1194.91,0,1
CUS000001,63,month_to_month,dsl,bank_transfer,False,5,61.3,3877.52,0,0
CUS000002,21,month_to_month,dsl,credit_card,True,5,63.06,1351.73,0,1
CUS000003,3,one_year,dsl,bank_transfer,False,3,51.83,151.16,1,0
CUS000004,9,two_year,fiber,mailed_check,False,3,67.28,598.31,1,0
CUS000005,3,one_year,dsl,mailed_check,False,2,38.42,114.31,1,0
CUS000006,36,month_to_month,fiber,electronic_check,True,1,55.6,1885.34,1,0
CUS000007,21,month_to_month,fiber,electronic_check,False,4,65.24,1283.36,2,1
CUS000008,25,one_year,dsl,mailed_check,False,6,58.82,1507.02,1,0
CUS000009,54,month_to_month,none,bank_transfer,True,2,35.85,1848.38,0,0
CUS000010,50,one_year,fiber,mailed_check,True,6,77.19,3639.88,2,0
CUS000011,8,month_to_month,fiber,electronic_check,False,0,50.0,388.24,0,1
CUS000012,35,two_year,none,electronic_check,False,6,53.47,1960.99,0,0
CUS000013,26,one_year,none,bank_transfer,True,3,37.1,924.7,1,0
CUS000014,16,one_year,fiber,bank_transfer,False,0,47.16,780.43,1,0
CUS000015,19,month_to_month,none,credit_card,False,3,35.99,642.38,1,0
CUS000016,15,month_to_month,dsl,electronic_check,False,0,36.12,507.61,2,1
CUS000017,25,month_to_month,dsl,credit_card,True,1,40.95,1064.02,1,1
CUS000018,35,month_to_month,fiber,credit_card,True,5,68.32,2272.29,0,1
CUS000019,33,one_year,fiber,credit_card,False,1,55.21,1721.73,0,0
CUS000020,4,month_to_month,fiber,mailed_check,True,2,61.27,230.82,0,1
CUS000021,26,month_to_month,fiber,bank_transfer,True,6,76.74,2048.69,2,0
CUS000022,23,one_year,fiber,mailed_check,True,5,72.0,1600.12,0,0
CUS000023,30,month_to_month,none,electronic_check,True,2,30.28,922.83,0,0
CUS000024,11,two_year,fiber,bank_transfer,True,4,62.76,706.09,0,0
CUS000025,1,two_year,fiber,credit_card,True,0,41.92,,2,0
CUS000026,23,one_year,none,credit_card,True,2,29.07,684.32,1,0
CUS000027,41,two_year,fiber,bank_transfer,False,3,58.91,2458.92,1,0
CUS000028,31,two_year,none,electronic_check,True,1,30.23,876.6,0,0
CUS000029,49,one_year,dsl,electronic_check,True,5,57.13,2851.21,1,0
CUS000030,59,month_to_month,fiber,electronic_check,True,0,46.87,2602.79,0,0
CUS000031,47,two_year,fiber,electronic_check,False,2,50.85,2362.48,1,0
CUS000032,22,month_to_month,dsl,mailed_check,False,5,55.69,1170.33,2,0
CUS000033,12,month_to_month,dsl,electronic_check,False,3,43.57,501.17,0,1
CUS000034,29,month_to_month,none,credit_card,True,0,14.1,397.86,0,0
CUS000035,26,month_to_month,none,credit_card,True,5,53.46,1321.3,0,0
CUS000036,72,month_to_month,fiber,electronic_check,True,2,56.16,4234.13,1,1
CUS000037,72,month_to_month,dsl,electronic_check,False,5,61.39,4482.25,2,0
CUS000038,34,month_to_month,fiber,electronic_check,True,4,66.62,2167.52,1,0
CUS000039,9,two_year,none,electronic_check,False,3,34.69,316.35,1,0
CUS000040,60,two_year,fiber,electronic_check,False,2,56.55,3164.03,1,0
CUS000041,67,one_year,fiber,credit_card,True,6,82.5,5362.45,1,0
CUS000042,64,month_to_month,dsl,bank_transfer,True,2,49.7,3033.62,0,0
CUS000043,20,month_to_month,dsl,credit_card,False,3,48.5,975.76,0,0
CUS000044,46,one_year,none,electronic_check,True,2,35.74,1543.94,0,0
CUS000045,30,month_to_month,dsl,credit_card,True,3,45.29,1281.74,0,0
CUS000046,23,month_to_month,dsl,electronic_check,True,0,33.49,807.34,0,1
CUS000047,70,month_to_month,dsl,credit_card,True,5,54.51,3596.66,2,0
CUS000048,1,one_year,dsl,mailed_check,True,2,36.18,,0,1
CUS000049,47,two_year,fiber,bank_transfer,True,1,56.7,2709.91,0,0
CUS000050,45,month_to_month,none,electronic_check,True,0,19.92,879.3,0,0
CUS000051,71,month_to_month,fiber,electronic_check,True,4,78.34,5449.3,1,0
CUS000052,39,one_year,fiber,mailed_check,True,4,64.57,2522.58,1,0
CUS000053,43,two_year,dsl,bank_transfer,True,4,50.72,2266.85,0,0
CUS000054,59,month_to_month,none,electronic_check,False,4,45.34,2521.07,0,0
CUS000055,8,month_to_month,fiber,electronic_check,True,0,46.08,345.92,2,0
CUS000056,20,two_year,dsl,mailed_check,True,2,42.49,864.13,2,0
CUS000057,30,month_to_month,fiber,electronic_check,False,3,57.42,1761.64,2,1
CUS000058,52,one_year,fiber,mailed_check,True,6,73.48,3893.22,0,0
CUS000059,59,month_to_month,fiber,credit_card,True,1,48.39,2971.89,2,0
CUS000060,5,month_to_month,none,bank_transfer,True,3,30.81,156.83,1,0
CUS000061,55,month_to_month,fiber,bank_transfer,True,3,62.77,3584.11,1,0
CUS000062,47,month_to_month,fiber,credit_card,True,4,62.67,2796.08,0,1
CUS000063,29,month_to_month,dsl,bank_transfer,True,6,63.26,1824.47,0,0
CUS000064,5,one_year,dsl,bank_transfer,True,1,33.02,161.02,1,1
CUS000065,33,month_to_month,dsl,electronic_check,False,6,59.32,1897.64,0,0
CUS000066,18,one_year,fiber,bank_transfer,False,6,76.78,1301.53,0,0
CUS000067,69,one_year,dsl,mailed_check,False,1,44.2,3197.56,0,0
CUS000068,63,month_to_month,dsl,bank_transfer,False,5,56.53,3592.97,1,0
CUS000069,35,month_to_month,fiber,bank_transfer,True,4,65.38,2165.77,1,0
CUS000070,3,two_year,fiber,bank_transfer,True,3,62.32,184.31,0,0
CUS000071,71,one_year,fiber,bank_transfer,True,5,74.06,5136.86,1,0
CUS000072,7,month_to_month,fiber,mailed_check,False,1,52.73,362.41,2,1
CUS000073,51,two_year,fiber,credit_card,False,1,63.5,3321.9,1,0
CUS000074,11,month_to_month,fiber,mailed_check,False,5,72.45,800.22,0,1
CUS000075,18,two_year,dsl,bank_transfer,True,4,54.43,977.09,2,0
CUS000076,8,one_year,fiber,credit_card,True,3,54.35,430.11,2,0
CUS000077,19,two_year,fiber,credit_card,False,6,76.28,1521.05,0,0
CUS000078,12,month_to_month,none,electronic_check,True,1,17.24,194.99,1,1
CUS000079,70,month_to_month,fiber,credit_card,True,1,57.25,3911.83,1,0
CUS000080,39,one_year,fiber,electronic_check,False,1,43.21,1695.92,0,0
CUS000081,66,month_to_month,dsl,electronic_check,True,4,62.33,4289.45,0,0
CUS000082,34,month_to_month,dsl,bank_transfer,False,1,33.43,1122.99,0,0
CUS000083,16,month_to_month,dsl,credit_card,False,4,47.33,729.96,0,1
CUS000084,31,month_to_month,none,credit_card,False,1,28.59,849.31,0,0
CUS000085,46,month_to_month,dsl,electronic_check,False,2,41.09,1832.61,1,0
CUS000086,54,one_year,fiber,electronic_check,True,4,61.45,3215.46,0,0
CUS000087,49,month_to_month,fiber,mailed_check,True,6,77.33,3667.97,1,0
CUS000088,14,one_year,fiber,electronic_check,False,1,52.68,756.55,0,0
CUS000089,35,month_to_month,dsl,electronic_check,False,4,44.66,1544.52,1,0
CUS000090,1,month_to_month,fiber,electronic_check,True,1,42.23,,1,0
CUS000091,38,two_year,fiber,mailed_check,False,0,41.58,1568.51,1,0
CUS000092,25,one_year,fiber,bank_transfer,False,6,74.14,1789.23,0,0
CUS000093,67,month_to_month,dsl,mailed_check,True,2,42.12,2874.13,0,0
CUS000094,19,month_to_month,fiber,electronic_check,True,4,69.36,1356.78,0,0
CUS000095,60,two_year,dsl,bank_transfer,True,2,43.4,2592.22,1,0
CUS000096,36,one_year,fiber,electronic_check,True,5,69.75,2506.66,1,0
CUS000097,53,one_year,none,electronic_check,True,0,18.27,940.22,1,0
CUS000098,35,month_to_month,fiber,bank_transfer,False,1,55.96,1916.28,0,0
CUS000099,7,month_to_month,dsl,mailed_check,True,4,52.0,375.02,0,0
CUS000100,72,one_year,dsl,electronic_check,True,0,28.41,1923.74,0,0
CUS000101,34,two_year,none,bank_transfer,False,1,29.78,949.45,1,0
CUS000102,49,month_to_month,none,electronic_check,False,0,18.51,936.41,0,0
CUS000103,37,month_to_month,dsl,mailed_check,False,0,23.67,831.57,0,0
CUS000104,29,month_to_month,dsl,credit_card,True,5,53.18,1575.31,0,0
CUS000105,1,one_year,dsl,electronic_check,True,5,58.29,,2,0
CUS000106,29,month_to_month,dsl,mailed_check,True,0,28.9,793.76,1,0
CUS000107,39,one_year,dsl,credit_card,False,4,54.17,1983.52,0,0
CUS000108,2,month_to_month,dsl,bank_transfer,True,6,61.32,125.84,1,0
CUS000109,20,month_to_month,fiber,electronic_check,False,5,63.65,1272.49,1,1
CUS000110,36,month_to_month,dsl,bank_transfer,True,5,58.24,1967.48,1,0
CUS000111,50,month_to_month,fiber,electronic_check,False,2,55.35,2857.31,1,0
CUS000112,34,one_year,fiber,electronic_check,False,6,79.69,2672.72,1,0
CUS000113,2,month_to_month,none,bank_transfer,True,5,41.81,83.89,0,1
CUS000114,33,one_year,none,credit_card,True,4,37.09,1198.19,0,0
CUS000115,21,month_to_month,fiber,credit_card,True,3,56.56,1140.67,0,0
CUS000116,2,two_year,dsl,electronic_check,True,5,58.41,119.81,1,0
CUS000117,36,two_year,none,credit_card,True,4,45.34,1604.74,0,0
CUS000118,31,one_year,dsl,bank_transfer,True,2,42.23,1336.97,0,0
CUS000119,43,one_year,fiber,bank_transfer,True,1,55.69,2328.88,1,0
CUS000120,37,month_to_month,fiber,electronic_check,True,2,48.62,1845.64,2,0
CUS000121,15,two_year,fiber,electronic_check,True,5,69.24,996.35,0,0
CUS000122,24,one_year,fiber,bank_transfer,True,1,46.88,1110.14,3,0
CUS000123,16,two_year,fiber,credit_card,False,6,67.84,1099.76,0,0
CUS000124,14,one_year,fiber,electronic_check,False,3,68.57,1003.48,0,1
CUS000125,9,two_year,dsl,credit_card,True,5,62.53,533.16,0,0
CUS000126,50,month_to_month,dsl,mailed_check,True,6,69.26,3593.3,1,0
CUS000127,10,one_year,dsl,credit_card,True,2,39.35,392.93,0,0
CUS000128,71,month_to_month,dsl,mailed_check,True,3,46.11,3228.01,3,0
CUS000129,69,one_year,fiber,electronic_check,True,4,75.23,4972.37,0,0
CUS000130,17,two_year,fiber,credit_card,True,6,78.92,1365.36,1,0
CUS000131,21,month_to_month,fiber,bank_transfer,False,2,51.22,1058.75,2,0
CUS000132,10,two_year,fiber,credit_card,False,5,74.88,726.79,0,0
CUS000133,60,one_year,dsl,mailed_check,False,3,47.69,2891.0,1,0
CUS000134,15,month_to_month,none,bank_transfer,True,1,20.44,289.29,0,0
CUS000135,29,month_to_month,dsl,bank_transfer,True,2,44.86,1260.36,0,0
CUS000136,2,two_year,fiber,credit_card,True,0,46.1,96.35,0,0
CUS000137,33,month_to_month,fiber,mailed_check,True,0,44.46,1394.34,2,1
CUS000138,45,one_year,dsl,mailed_check,True,6,62.07,2862.42,0,0
CUS000139,55,month_to_month,fiber,electronic_check,False,5,70.44,3990.46,1,0
CUS000140,69,month_to_month,fiber,bank_transfer,False,5,73.0,5232.23,1,0
CUS000141,68,month_to_month,fiber,bank_transfer,True,0,45.83,2938.21,1,0
CUS000142,29,two_year,fiber,credit_card,True,6,73.35,2132.99,3,0
CUS000143,51,month_to_month,dsl,electronic_check,True,4,58.13,2835.76,0,0
CUS000144,2,month_to_month,fiber,bank_transfer,False,4,70.5,145.29,1,1
CUS000145,39,two_year,fiber,mailed_check,False,3,66.43,2617.8,2,0
CUS000146,66,month_to_month,fiber,credit_card,False,1,49.95,3096.41,0,0
CUS000147,55,month_to_month,fiber,credit_card,False,5,73.85,4203.62,0,0
CUS000148,66,month_to_month,dsl,bank_transfer,False,3,46.96,3134.35,0,0
CUS000149,50,month_to_month,fiber,electronic_check,False,4,66.58,3394.17,0,1
CUS000150,42,two_year,none,electronic_check,True,4,42.29,1797.55,1,0
CUS000151,66,month_to_month,none,credit_card,True,1,21.24,1366.61,0,0
CUS000152,11,one_year,dsl,mailed_check,True,0,35.88,378.26,2,0
CUS000153,53,month_to_month,fiber,mailed_check,True,2,58.78,3268.67,1,0
CUS000154,59,two_year,fiber,credit_card,False,5,73.68,4285.23,0,0
CUS000155,57,month_to_month,dsl,electronic_check,True,1,34.6,2046.9,0,0
CUS000156,58,two_year,dsl,mailed_check,True,6,61.41,3560.09,2,0
CUS000157,17,two_year,fiber,electronic_check,False,2,56.84,994.08,0,0
CUS000158,35,month_to_month,fiber,electronic_check,False,4,60.79,2080.86,0,1
CUS000159,35,month_to_month,dsl,mailed_check,True,1,36.47,1222.28,1,0
CUS000160,16,month_to_month,none,mailed_check,True,2,22.99,346.36,0,0
CUS000161,33,two_year,fiber,mailed_check,True,6,78.86,2719.72,2,0
CUS000162,49,one_year,dsl,electronic_check,True,6,61.42,2874.16,0,0
CUS000163,48,month_to_month,fiber,electronic_check,False,6,71.45,3385.85,1,0
CUS000164,50,one_year,fiber,bank_transfer,True,6,81.21,3842.6,0,0
CUS000165,61,month_to_month,fiber,bank_transfer,True,0,50.08,2947.6,0,0
CUS000166,33,two_year,dsl,bank_transfer,True,6,68.59,2219.36,0,0
CUS000167,55,month_to_month,none,electronic_check,True,6,47.61,2553.7,0,0
CUS000168,36,month_to_month,fiber,credit_card,False,6,78.51,2863.07,2,0
CUS000169,44,two_year,dsl,electronic_check,True,1,32.09,1405.55,0,0
CUS000170,46,month_to_month,none,bank_transfer,True,3,36.94,1670.18,0,0
CUS000171,25,month_to_month,fiber,credit_card,True,3,62.24,1472.58,1,0
CUS000172,17,two_year,fiber,credit_card,True,3,59.28,1032.92,1,0
CUS000173,36,two_year,fiber,mailed_check,False,1,48.04,1701.23,0,0
CUS000174,29,month_to_month,fiber,bank_transfer,False,3,60.62,1644.3,1,0
CUS000175,50,one_year,fiber,mailed_check,False,6,82.34,4197.5,0,0
CUS000176,3,two_year,fiber,credit_card,False,2,54.72,157.12,0,0
CUS000177,14,month_to_month,fiber,credit_card,False,3,66.63,872.01,1,1
CUS000178,6,two_year,fiber,credit_card,True,1,54.88,319.89,0,1
CUS000179,14,month_to_month,fiber,electronic_check,False,4,71.47,987.23,0,1
CUS000180,43,month_to_month,fiber,electronic_check,True,6,77.45,3480.68,2,1
CUS000181,31,one_year,fiber,mailed_check,True,5,74.64,2263.97,0,0
CUS000182,28,two_year,fiber,electronic_check,False,2,62.13,1734.4,3,0
CUS000183,47,two_year,fiber,electronic_check,False,2,61.83,2967.09,0,0
CUS000184,2,month_to_month,fiber,electronic_check,True,3,58.5,115.44,1,1
CUS000185,48,one_year,none,electronic_check,True,5,45.33,2041.44,0,0
CUS000186,43,one_year,none,electronic_check,False,6,53.75,2330.49,0,0
CUS000187,51,month_to_month,fiber,electronic_check,False,3,61.48,2960.91,0,0
CUS000188,40,two_year,dsl,electronic_check,True,3,37.26,1518.72,1,0
CUS000189,44,month_to_month,none,mailed_check,True,1,30.02,1276.15,0,0
CUS000190,63,two_year,fiber,electronic_check,False,2,50.93,3060.34,1,0
CUS000191,66,month_to_month,none,credit_card,True,0,25.27,1722.64,0,0
CUS000192,67,month_to_month,fiber,bank_transfer,True,0,42.94,2935.55,1,1
CUS000193,52,two_year,dsl,electronic_check,False,0,37.32,1910.85,0,0
CUS000194,40,one_year,none,mailed_check,False,1,19.69,750.6,1,0
CUS000195,31,one_year,none,credit_card,True,6,45.93,1451.08,1,0
CUS000196,41,one_year,dsl,electronic_check,True,2,39.06,1593.08,0,0
CUS000197,16,month_to_month,dsl,bank_transfer,True,0,26.91,404.39,1,0
CUS000198,22,one_year,dsl,bank_transfer,True,3,44.84,1034.08,1,0
CUS000199,49,month_to_month,fiber,electronic_check,False,6,82.87,4095.31,0,0
CUS000200,40,month_to_month,dsl,electronic_check,True,5,56.36,2335.16,0,0
CUS000201,55,month_to_month,dsl,electronic_check,True,2,45.84,2442.51,1,0
CUS000202,35,one_year,fiber,electronic_check,True,1,49.37,1780.1,1,0
CUS000203,7,two_year,none,mailed_check,False,2,33.57,229.11,0,0
CUS000204,72,month_to_month,dsl,bank_transfer,True,3,48.76,3549.88,1,0
CUS000205,2,two_year,dsl,bank_transfer,False,1,41.2,84.4,1,0
CUS000206,21,one_year,dsl,electronic_check,True,5,64.89,1368.89,0,1
CUS000207,36,month_to_month,none,credit_card,True,3,37.03,1372.16,1,0
CUS000208,71,two_year,fiber,electronic_check,True,6,70.6,4841.11,0,0
CUS000209,52,month_to_month,fiber,bank_transfer,True,1,48.65,2508.66,0,0
CUS000210,70,month_to_month,dsl,electronic_check,False,3,51.51,3749.93,0,0
CUS000211,54,month_to_month,fiber,credit_card,True,1,47.75,2509.78,0,0
CUS000212,56,month_to_month,dsl,electronic_check,False,6,63.38,3553.84,1,0
CUS000213,18,month_to_month,fiber,mailed_check,False,5,73.54,1316.37,1,0
CUS000214,35,two_year,fiber,credit_card,False,4,71.78,2454.96,2,0
CUS000215,9,one_year,fiber,credit_card,True,1,46.6,405.04,0,0
CUS000216,39,month_to_month,fiber,electronic_check,True,1,42.16,1554.48,0,0
CUS000217,49,one_year,none,electronic_check,True,2,35.14,1721.04,3,0
CUS000218,5,month_to_month,fiber,mailed_check,True,2,58.0,299.69,0,0
CUS000219,34,month_to_month,dsl,credit_card,True,0,29.47,1023.07,2,0
CUS000220,38,month_to_month,fiber,bank_transfer,True,4,60.28,2308.21,1,1
CUS000221,30,one_year,none,bank_transfer,False,0,9.69,285.7,1,0
CUS000222,50,one_year,dsl,mailed_check,True,3,41.26,2111.83,2,0
CUS000223,11,month_to_month,fiber,electronic_check,True,3,63.26,655.95,0,1
CUS000224,1,month_to_month,fiber,credit_card,True,2,55.19,,0,0
CUS000225,56,two_year,fiber,credit_card,False,1,50.32,2858.73,0,0
CUS000226,50,one_year,fiber,electronic_check,True,2,56.84,2812.71,0,0
CUS000227,29,two_year,dsl,credit_card,True,0,34.18,927.49,1,0
CUS000228,68,month_to_month,dsl,credit_card,True,5,60.86,3969.17,1,0
CUS000229,8,month_to_month,dsl,mailed_check,False,0,38.63,288.99,0,0
CUS000230,11,two_year,dsl,credit_card,False,5,54.77,609.45,0,0
CUS000231,50,two_year,none,electronic_check,True,6,46.75,2229.12,0,0
CUS000232,35,month_to_month,dsl,bank_transfer,True,4,57.46,2000.24,0,0
CUS000233,55,two_year,none,mailed_check,True,3,34.58,1777.13,0,0
CUS000234,25,month_to_month,fiber,mailed_check,True,6,72.2,1777.7,0,0
CUS000235,48,month_to_month,dsl,credit_card,False,5,62.19,3039.95,0,1
CUS000236,72,month_to_month,fiber,mailed_check,True,2,57.11,3923.98,2,0
CUS000237,29,month_to_month,fiber,bank_transfer,True,4,58.05,1625.01,0,1
CUS000238,23,month_to_month,none,mailed_check,True,0,20.09,443.97,1,0
CUS000239,3,one_year,dsl,electronic_check,True,6,61.89,175.53,1,0
CUS000240,30,month_to_month,fiber,electronic_check,True,5,77.89,2381.81,1,1
CUS000241,26,month_to_month,fiber,electronic_check,True,6,71.57,1885.77,2,1
CUS000242,42,two_year,fiber,electronic_check,True,6,70.39,3094.55,0,0
CUS000243,22,one_year,fiber,electronic_check,True,2,56.92,1302.35,1,0
CUS000244,12,one_year,dsl,credit_card,False,1,33.71,422.7,0,0
CUS000245,9,month_to_month,dsl,bank_transfer,False,2,30.29,282.34,0,1
CUS000246,44,month_to_month,fiber,mailed_check,False,4,65.21,2952.58,1,0
CUS000247,17,two_year,none,credit_card,True,6,53.34,915.66,0,0
CUS000248,2,month_to_month,fiber,credit_card,True,1,52.33,106.65,0,1
CUS000249,64,month_to_month,none,mailed_check,True,4,44.29,2892.32,2,0
CUS000250,51,two_year,fiber,credit_card,False,3,68.08,3636.14,0,0
CUS000251,67,month_to_month,dsl,credit_card,True,0,29.35,2027.8,1,0
CUS000252,11,month_to_month,none,electronic_check,True,4,38.84,413.6,1,1
CUS000253,57,two_year,fiber,credit_card,True,6,66.78,3922.79,1,0
CUS000254,65,month_to_month,fiber,bank_transfer,False,4,59.37,3702.26,0,0
CUS000255,67,month_to_month,none,bank_transfer,True,5,38.61,2480.12,0,0
CUS000256,13,month_to_month,dsl,electronic_check,True,6,69.2,855.2,2,1
CUS000257,21,month_to_month,dsl,bank_transfer,True,6,71.24,1423.51,1,0
CUS000258,51,month_to_month,dsl,mailed_check,False,4,56.47,2915.31,1,0
CUS000259,1,month_to_month,dsl,credit_card,True,2,46.68,,0,0
CUS000260,21,month_to_month,fiber,bank_transfer,False,1,61.42,1318.37,1,0
CUS000261,44,month_to_month,fiber,bank_transfer,False,6,79.6,3628.68,1,1
CUS000262,65,month_to_month,none,bank_transfer,True,4,46.92,2985.16,2,0
CUS000263,70,month_to_month,fiber,electronic_check,True,1,48.55,3249.79,1,0
CUS000264,17,one_year,dsl,credit_card,False,3,46.8,810.57,0,0
CUS000265,61,one_year,dsl,credit_card,True,1,34.17,2059.61,0,0
CUS000266,36,month_to_month,dsl,bank_transfer,False,4,51.95,1776.24,1,0
CUS000267,42,month_to_month,dsl,bank_transfer,False,5,49.67,2152.32,0,0
CUS000268,34,two_year,dsl,electronic_check,True,6,66.42,2315.6,2,0
CUS000269,43,month_to_month,fiber,electronic_check,False,0,46.95,1957.99,2,1
CUS000270,63,month_to_month,fiber,electronic_check,True,5,67.76,4301.52,0,1
CUS000271,40,two_year,none,credit_card,False,4,41.81,1686.3,0,0
CUS000272,31,one_year,none,credit_card,True,4,35.35,1112.33,0,1
CUS000273,28,month_to_month,dsl,credit_card,True,4,61.28,1642.46,1,0
CUS000274,47,month_to_month,fiber,mailed_check,False,1,55.09,2689.52,1,0
CUS000275,10,one_year,dsl,mailed_check,False,2,47.25,491.89,0,0
CUS000276,54,month_to_month,dsl,electronic_check,False,2,43.68,2242.07,3,1
CUS000277,57,month_to_month,dsl,mailed_check,True,3,46.39,2756.01,1,0
CUS000278,21,month_to_month,none,credit_card,False,5,53.62,1052.99,0,0
CUS000279,46,two_year,dsl,credit_card,True,5,62.07,2901.07,0,0
CUS000280,5,one_year,fiber,credit_card,True,5,74.77,381.73,2,1
CUS000281,62,two_year,dsl,electronic_check,True,3,50.23,3174.4,0,0
CUS000282,10,month_to_month,none,electronic_check,True,4,39.41,404.11,0,1
CUS000283,35,month_to_month,dsl,credit_card,True,4,56.08,2034.55,0,0
CUS000284,61,month_to_month,dsl,electronic_check,True,5,55.33,3229.13,0,0
CUS000285,66,month_to_month,dsl,credit_card,False,1,44.25,2762.58,1,0
CUS000286,60,one_year,none,credit_card,False,6,46.82,2716.0,0,0
CUS000287,14,two_year,fiber,electronic_check,False,6,79.17,1101.12,0,1
CUS000288,6,month_to_month,none,electronic_check,True,3,37.3,231.68,1,1
CUS000289,35,month_to_month,none,electronic_check,True,0,22.18,722.12,1,0
CUS000290,30,month_to_month,dsl,bank_transfer,True,1,42.11,1283.45,1,0
CUS000291,22,two_year,none,bank_transfer,False,0,28.13,581.86,3,0
CUS000292,71,month_to_month,fiber,electronic_check,True,5,58.52,4279.31,2,1
CUS000293,50,month_to_month,fiber,bank_transfer,True,4,65.55,3223.71,0,0
CUS000294,31,month_to_month,dsl,mailed_check,False,6,67.92,2172.03,2,0
CUS000295,32,month_to_month,none,bank_transfer,True,0,23.25,703.74,1,0
CUS000296,50,two_year,fiber,mailed_check,False,6,75.24,3512.5,1,0
CUS000297,63,one_year,fiber,electronic_check,False,6,81.69,4814.91,0,0
CUS000298,28,one_year,fiber,mailed_check,True,2,51.93,1361.06,0,0
CUS000299,19,one_year,none,bank_transfer,True,5,42.79,788.28,1,0
CUS000300,60,month_to_month,fiber,electronic_check,False,2,54.74,3069.06,1,1
CUS000301,22,month_to_month,none,mailed_check,False,6,57.9,1285.65,0,0
CUS000302,49,one_year,fiber,electronic_check,True,6,75.83,3749.47,4,1
CUS000303,12,one_year,fiber,electronic_check,True,3,69.82,804.92,2,1
CUS000304,27,month_to_month,fiber,mailed_check,False,0,41.45,1164.52,0,0
CUS000305,17,two_year,fiber,mailed_check,False,0,44.74,767.86,2,0
CUS000306,51,two_year,fiber,bank_transfer,False,5,74.02,3705.69,0,0
CUS000307,13,month_to_month,fiber,electronic_check,True,3,62.2,846.2,1,1
CUS000308,23,month_to_month,fiber,credit_card,True,1,47.36,1087.26,1,0
CUS000309,22,month_to_month,dsl,credit_card,True,2,37.36,862.36,0,0
CUS000310,23,one_year,dsl,bank_transfer,True,0,36.9,798.72,0,0
CUS000311,17,one_year,dsl,electronic_check,False,4,49.65,825.72,1,0
CUS000312,69,month_to_month,none,mailed_check,True,0,13.17,898.45,0,0
CUS000313,13,one_year,dsl,credit_card,False,0,40.34,492.17,1,0
CUS000314,6,month_to_month,fiber,credit_card,True,4,69.03,412.84,1,0
CUS000315,52,month_to_month,fiber,electronic_check,False,0,46.76,2431.47,1,1
CUS000316,13,one_year,dsl,electronic_check,True,5,58.64,775.5,0,0
CUS000317,29,one_year,dsl,bank_transfer,True,4,61.36,1676.28,3,0
CUS000318,36,two_year,dsl,electronic_check,True,0,32.14,1200.68,0,0
CUS000319,2,month_to_month,fiber,credit_card,False,5,70.37,134.4,0,1
CUS000320,52,month_to_month,fiber,electronic_check,False,6,81.44,4220.85,0,0
CUS000321,65,two_year,dsl,mailed_check,True,2,45.95,2982.29,1,0
CUS000322,33,month_to_month,none,credit_card,True,4,50.43,1677.26,0,0
CUS000323,2,month_to_month,fiber,mailed_check,False,3,55.23,102.81,0,1
CUS000324,46,two_year,dsl,bank_transfer,True,5,66.51,3194.86,1,0
CUS000325,36,two_year,fiber,mailed_check,True,1,45.82,1688.62,1,0
CUS000326,7,two_year,dsl,mailed_check,False,1,37.96,276.56,0,0
CUS000327,56,month_to_month,fiber,bank_transfer,False,3,61.75,3275.5,0,1
CUS000328,33,one_year,fiber,electronic_check,True,6,83.56,2682.25,0,0
CUS000329,65,one_year,fiber,credit_card,False,6,75.8,4921.48,0,0
CUS000330,40,two_year,fiber,bank_transfer,True,6,78.19,3002.19,1,0
CUS000331,26,month_to_month,none,electronic_check,True,5,45.69,1105.46,0,0
CUS000332,34,month_to_month,fiber,electronic_check,True,1,54.76,1950.22,1,0
CUS000333,9,month_to_month,dsl,electronic_check,True,5,61.03,542.1,0,1
CUS000334,17,one_year,fiber,bank_transfer,True,5,74.58,1288.03,2,0
CUS000335,31,month_to_month,fiber,credit_card,False,4,59.9,1798.36,0,0
CUS000336,62,month_to_month,none,electronic_check,False,4,44.82,2882.05,0,0
CUS000337,27,one_year,none,mailed_check,True,0,19.76,502.95,0,0
CUS000338,34,one_year,fiber,bank_transfer,True,3,69.23,2402.06,1,0
CUS000339,7,month_to_month,dsl,bank_transfer,False,3,37.26,246.11,0,0
CUS000340,33,two_year,fiber,bank_transfer,True,6,73.38,2384.39,0,0
CUS000341,67,one_year,fiber,electronic_check,True,5,76.66,5153.21,1,0
CUS000342,29,month_to_month,fiber,mailed_check,True,4,71.96,2178.81,1,1
CUS000343,61,one_year,fiber,electronic_check,True,4,69.62,4012.89,1,0
CUS000344,10,month_to_month,dsl,electronic_check,False,5,60.54,627.09,0,1
CUS000345,8,month_to_month,fiber,electronic_check,False,1,49.38,391.61,0,1
CUS000346,57,one_year,dsl,mailed_check,False,3,48.99,2862.01,0,0
CUS000347,58,month_to_month,fiber,electronic_check,True,0,47.23,2694.36,3,1
CUS000348,57,month_to_month,fiber,electronic_check,True,0,50.4,2675.34,0,1
CUS000349,38,month_to_month,fiber,credit_card,False,1,44.25,1611.33,0,0
CUS000350,1,two_year,dsl,electronic_check,False,6,68.98,,0,0
CUS000351,10,month_to_month,dsl,mailed_check,True,0,28.06,272.74,1,0
CUS000352,31,two_year,dsl,electronic_check,False,4,51.21,1535.03,0,0
CUS000353,55,month_to_month,dsl,bank_transfer,False,3,51.97,2789.59,0,0
CUS000354,35,month_to_month,fiber,mailed_check,True,5,72.16,2615.62,0,0
CUS000355,39,two_year,dsl,electronic_check,True,6,58.65,2342.59,0,0
CUS000356,10,month_to_month,fiber,bank_transfer,True,5,71.7,673.86,2,0
CUS000357,58,month_to_month,dsl,electronic_check,True,0,36.76,2144.11,0,0
CUS000358,27,two_year,fiber,bank_transfer,False,0,45.79,1263.62,0,0
CUS000359,3,month_to_month,fiber,bank_transfer,True,6,78.04,227.43,0,0
CUS000360,6,month_to_month,dsl,bank_transfer,False,5,62.3,386.22,1,0
CUS000361,52,two_year,fiber,credit_card,True,2,56.58,3003.82,0,0
CUS000362,7,two_year,dsl,bank_transfer,True,0,22.46,159.72,0,1
CUS000363,35,month_to_month,fiber,electronic_check,False,0,45.37,1501.36,0,0
CUS000364,43,one_year,fiber,credit_card,True,3,67.67,2785.59,0,0
CUS000365,48,month_to_month,fiber,electronic_check,True,3,65.26,3080.49,0,0
CUS000366,6,month_to_month,fiber,electronic_check,False,4,66.93,417.21,0,1
CUS000367,23,month_to_month,none,electronic_check,False,6,47.19,1071.91,0,0
CUS000368,64,two_year,fiber,bank_transfer,True,6,72.61,4699.61,0,0
CUS000369,39,one_year,none,credit_card,False,0,17.07,641.09,1,0
CUS000370,66,month_to_month,none,bank_transfer,True,5,47.27,2991.56,0,0
CUS000371,52,month_to_month,none,electronic_check,True,5,50.85,2737.05,1,0
CUS000372,56,month_to_month,dsl,bank_transfer,False,0,40.26,2120.65,1,0
CUS000373,7,month_to_month,fiber,credit_card,True,2,55.23,400.67,0,0
CUS000374,11,one_year,fiber,bank_transfer,True,3,63.93,735.4,2,0
CUS000375,22,month_to_month,dsl,credit_card,True,2,42.86,969.99,0,0
CUS000376,6,two_year,fiber,credit_card,True,6,70.65,396.8,0,0
CUS000377,48,two_year,fiber,electronic_check,True,4,63.39,3019.09,0,0
CUS000378,44,two_year,dsl,electronic_check,False,2,41.03,1883.69,1,0
CUS000379,10,month_to_month,dsl,electronic_check,True,6,61.51,630.24,0,0
CUS000380,34,two_year,fiber,bank_transfer,True,2,47.38,1587.63,0,0
CUS000381,54,one_year,fiber,credit_card,False,2,55.7,2878.83,2,0
CUS000382,13,month_to_month,dsl,electronic_check,True,2,37.32,496.84,0,0
CUS000383,28,month_to_month,dsl,electronic_check,True,2,38.27,1074.36,0,1
CUS000384,60,month_to_month,fiber,credit_card,False,2,50.21,2806.05,2,0
CUS000385,66,month_to_month,dsl,credit_card,True,5,62.27,3874.53,1,0
CUS000386,12,month_to_month,dsl,mailed_check,True,1,36.59,413.87,1,0
CUS000387,64,one_year,dsl,credit_card,True,6,66.32,4096.88,1,0
CUS000388,1,two_year,fiber,credit_card,True,3,57.56,,0,0
CUS000389,54,month_to_month,dsl,electronic_check,True,1,32.97,1775.21,1,0
CUS000390,30,one_year,dsl,mailed_check,True,2,45.54,1297.17,1,0
CUS000391,6,month_to_month,dsl,electronic_check,True,6,62.39,369.38,1,1
CUS000392,33,month_to_month,fiber,bank_transfer,True,0,43.77,1459.57,1,0
CUS000393,38,month_to_month,none,credit_card,True,6,45.64,1808.5,0,0
CUS000394,44,two_year,fiber,credit_card,False,6,79.18,3332.4,1,0
CUS000395,68,month_to_month,dsl,electronic_check,True,4,54.43,3867.91,0,0
CUS000396,25,month_to_month,dsl,credit_card,True,0,32.35,763.59,1,0
CUS000397,27,one_year,fiber,bank_transfer,True,2,57.54,1446.95,0,0
CUS000398,63,one_year,fiber,credit_card,False,2,56.01,3703.09,0,0
CUS000399,23,month_to_month,fiber,bank_transfer,True,5,68.53,1647.37,0,0
CUS000400,33,month_to_month,dsl,mailed_check,False,4,54.59,1791.19,1,0
CUS000401,18,one_year,fiber,bank_transfer,True,5,69.1,1162.33,0,0
CUS000402,63,month_to_month,fiber,electronic_check,True,6,74.61,4530.01,0,0
CUS000403,21,month_to_month,none,bank_transfer,False,2,27.11,532.3,0,0
CUS000404,22,month_to_month,fiber,electronic_check,False,1,52.66,1119.78,0,0
CUS000405,60,two_year,none,electronic_check,False,0,21.88,1239.04,3,0
CUS000406,37,month_to_month,fiber,bank_transfer,False,5,68.66,2403.53,0,0
CUS000407,53,month_to_month,fiber,bank_transfer,True,0,42.38,2223.41,3,1
CUS000408,32,one_year,none,bank_transfer,True,2,25.44,783.07,0,0
CUS000409,10,one_year,fiber,credit_card,True,5,69.3,679.11,1,1
CUS000410,12,month_to_month,dsl,mailed_check,False,1,34.71,412.77,1,1
CUS000411,66,one_year,fiber,electronic_check,True,6,76.55,4932.76,1,0
CUS000412,22,month_to_month,none,bank_transfer,True,1,33.85,746.69,0,0
CUS000413,20,two_year,fiber,credit_card,False,2,57.05,1137.85,1,0
CUS000414,40,month_to_month,fiber,electronic_check,False,1,54.37,2279.26,1,1
CUS000415,47,month_to_month,dsl,electronic_check,True,3,52.14,2319.78,1,0
CUS000416,57,month_to_month,dsl,credit_card,True,1,37.83,2210.75,3,0
CUS000417,26,two_year,none,bank_transfer,False,2,30.64,800.98,0,0
CUS000418,1,two_year,dsl,mailed_check,False,4,57.81,,1,0
CUS000419,54,two_year,fiber,electronic_check,True,3,51.47,2801.92,2,0
CUS000420,51,month_to_month,dsl,bank_transfer,False,2,42.28,2067.29,2,0
CUS000421,8,one_year,fiber,bank_transfer,True,4,67.06,502.24,1,1
CUS000422,70,month_to_month,dsl,mailed_check,True,1,39.11,2696.65,1,0
CUS000423,9,month_to_month,fiber,electronic_check,False,2,56.37,508.89,2,1
CUS000424,67,one_year,fiber,mailed_check,True,3,62.01,4126.7,2,0
CUS000425,72,month_to_month,dsl,electronic_check,True,2,42.09,2956.25,0,0
CUS000426,61,month_to_month,dsl,electronic_check,True,3,38.68,2414.12,0,0
CUS000427,3,month_to_month,fiber,electronic_check,True,3,61.53,183.94,0,0
CUS000428,62,two_year,dsl,electronic_check,True,3,45.0,2709.83,1,0
CUS000429,16,month_to_month,fiber,electronic_check,False,5,71.83,1100.39,3,1
CUS000430,32,one_year,dsl,credit_card,True,1,42.27,1273.06,0,0
CUS000431,58,month_to_month,fiber,mailed_check,False,5,69.63,4221.9,0,0
CUS000432,14,month_to_month,fiber,mailed_check,True,0,41.58,607.27,0,1
CUS000433,61,month_to_month,fiber,electronic_check,True,3,63.0,3670.46,0,0
CUS000434,46,month_to_month,dsl,credit_card,False,6,61.31,2837.93,0,0
CUS000435,61,one_year,fiber,bank_transfer,False,6,76.29,4809.36,0,0
CUS000436,37,two_year,fiber,electronic_check,True,0,40.89,1560.92,0,0
CUS000437,13,month_to_month,fiber,electronic_check,True,5,73.36,970.72,0,1
CUS000438,16,two_year,dsl,electronic_check,True,5,59.88,896.1,2,0
CUS000439,37,two_year,fiber,electronic_check,False,4,67.13,2315.91,2,0
CUS000440,3,month_to_month,dsl,bank_transfer,True,2,44.77,132.61,1,0
CUS000441,62,two_year,dsl,credit_card,False,3,46.12,2801.13,1,0
CUS000442,31,month_to_month,fiber,bank_transfer,True,6,70.98,2220.91,0,0
CUS000443,62,month_to_month,dsl,electronic_check,True,6,66.14,4027.66,1,0
CUS000444,26,month_to_month,none,bank_transfer,True,4,45.84,1125.1,1,1
CUS000445,4,month_to_month,dsl,mailed_check,True,3,51.44,210.0,1,1
CUS000446,48,two_year,dsl,electronic_check,False,6,63.29,2973.73,0,0
CUS000447,26,month_to_month,dsl,bank_transfer,True,6,50.77,1367.84,0,0
CUS000448,47,month_to_month,fiber,bank_transfer,False,4,65.82,2927.01,1,0
CUS000449,56,two_year,fiber,credit_card,False,5,71.52,3946.98,0,0
CUS000450,72,month_to_month,fiber,bank_transfer,True,5,71.5,4907.43,1,0
CUS000451,23,one_year,fiber,credit_card,False,2,53.57,1252.1,1,0
CUS000452,21,month_to_month,none,mailed_check,True,2,34.44,678.51,0,0
CUS000453,63,one_year,fiber,electronic_check,True,2,59.52,3541.77,2,0
CUS000454,10,one_year,fiber,bank_transfer,False,5,73.17,746.26,0,0
CUS000455,69,two_year,dsl,mailed_check,False,5,54.5,3696.42,1,0
CUS000456,68,one_year,none,bank_transfer,False,5,48.33,3150.04,0,0
CUS000457,58,month_to_month,dsl,mailed_check,True,2,46.55,2579.32,0,0
CUS000458,51,two_year,fiber,electronic_check,True,2,56.91,3045.95,1,0
CUS000459,42,two_year,none,mailed_check,False,6,50.27,2096.96,0,0
CUS000460,8,one_year,dsl,bank_transfer,False,3,55.64,464.24,0,0
CUS000461,19,two_year,fiber,electronic_check,False,6,88.04,1570.35,0,0
CUS000462,13,month_to_month,fiber,electronic_check,True,1,46.36,577.53,0,0
CUS000463,45,one_year,dsl,credit_card,False,0,36.38,1666.78,1,0
CUS000464,13,two_year,fiber,bank_transfer,True,6,73.42,907.12,1,0
CUS000465,50,month_to_month,fiber,credit_card,False,5,71.7,3632.72,1,0
CUS000466,22,month_to_month,fiber,bank_transfer,False,6,81.85,1820.61,2,0
CUS000467,18,month_to_month,fiber,credit_card,False,3,62.73,1073.9,2,0
CUS000468,43,two_year,fiber,electronic_check,True,4,63.54,2686.08,0,0
CUS000469,27,month_to_month,fiber,electronic_check,False,4,72.24,1857.19,3,1
CUS000470,7,month_to_month,dsl,bank_transfer,True,1,24.92,173.25,2,0
CUS000471,50,one_year,none,electronic_check,False,1,25.21,1267.19,0,0
CUS000472,64,month_to_month,fiber,electronic_check,True,2,64.49,3891.19,1,0
CUS000473,23,month_to_month,dsl,credit_card,False,5,55.27,1214.03,0,0
CUS000474,2,two_year,dsl,mailed_check,False,3,54.26,108.78,0,0
CUS000475,67,one_year,fiber,credit_card,True,5,71.16,4801.25,1,0
CUS000476,42,month_to_month,dsl,bank_transfer,False,1,41.26,1641.53,1,0
CUS000477,56,month_to_month,none,electronic_check,False,3,40.75,2202.1,2,0
CUS000478,61,month_to_month,dsl,electronic_check,True,2,46.23,2719.34,0,0
CUS000479,26,month_to_month,fiber,bank_transfer,False,2,56.6,1511.74,2,0
CUS000480,48,one_year,fiber,credit_card,True,3,68.09,3164.88,0,0
CUS000481,20,month_to_month,fiber,mailed_check,False,4,64.12,1287.3,1,1
CUS000482,28,one_year,dsl,bank_transfer,True,3,48.45,1308.68,1,0
CUS000483,59,month_to_month,dsl,credit_card,True,5,61.2,3676.39,0,0
CUS000484,27,month_to_month,dsl,bank_transfer,True,4,55.28,1493.25,1,0
CUS000485,45,two_year,fiber,electronic_check,True,4,74.79,3316.82,0,0
CUS000486,18,month_to_month,fiber,bank_transfer,True,6,75.6,1278.04,0,0
CUS000487,39,one_year,none,electronic_check,True,1,23.4,911.22,0,0
CUS000488,68,month_to_month,fiber,credit_card,True,0,44.56,3034.52,1,0
CUS000489,71,two_year,fiber,bank_transfer,False,2,53.21,3935.79,0,0
CUS000490,68,month_to_month,dsl,credit_card,False,0,30.64,2164.28,0,0
CUS000491,45,month_to_month,fiber,bank_transfer,False,3,56.42,2583.59,0,0
CUS000492,72,month_to_month,dsl,bank_transfer,True,3,55.84,4075.97,1,0
CUS000493,59,one_year,dsl,electronic_check,True,1,34.06,1953.78,2,0
CUS000494,51,month_to_month,dsl,electronic_check,True,6,57.64,2908.5,1,0
CUS000495,20,month_to_month,fiber,credit_card,False,3,56.07,1083.18,0,0
CUS000496,21,one_year,none,electronic_check,True,2,31.69,619.03,0,0
CUS000497,26,month_to_month,dsl,bank_transfer,False,4,52.53,1398.26,0,0
CUS000498,43,month_to_month,dsl,bank_transfer,True,6,60.4,2566.36,0,0
CUS000499,22,month_to_month,dsl,mailed_check,False,2,44.82,1027.51,1,1
CUS000500,17,month_to_month,fiber,electronic_check,False,6,77.89,1320.59,0,1
CUS000501,9,month_to_month,fiber,mailed_check,True,5,74.67,667.23,1,0
CUS000502,58,month_to_month,none,credit_card,False,3,43.07,2431.74,1,0
CUS000503,5,two_year,dsl,mailed_check,True,5,67.51,316.39,0,0
CUS000504,42,month_to_month,fiber,bank_transfer,True,2,57.3,2305.64,1,0
CUS000505,37,month_to_month,fiber,electronic_check,True,1,45.14,1624.29,1,0
CUS000506,68,month_to_month,none,credit_card,False,2,26.89,1714.06,2,0
CUS000507,9,one_year,none,bank_transfer,True,5,47.27,424.26,1,0
CUS000508,20,two_year,dsl,bank_transfer,True,1,37.41,750.44,2,0
CUS000509,59,month_to_month,dsl,electronic_check,False,2,47.03,2815.87,0,0
CUS000510,5,month_to_month,dsl,mailed_check,False,4,59.75,295.55,0,0
CUS000511,33,month_to_month,fiber,bank_transfer,False,6,81.93,2604.35,2,1
CUS000512,59,month_to_month,dsl,bank_transfer,True,0,30.85,1699.3,1,0
CUS000513,21,two_year,fiber,mailed_check,False,2,52.73,1161.37,0,0
CUS000514,9,two_year,none,mailed_check,True,4,49.47,441.87,0,0
CUS000515,5,month_to_month,fiber,mailed_check,False,1,49.71,253.62,1,1
CUS000516,13,month_to_month,none,electronic_check,True,5,37.26,473.1,0,1
CUS000517,18,month_to_month,none,mailed_check,False,3,39.09,697.0,1,0
CUS000518,35,month_to_month,fiber,credit_card,False,0,47.27,1628.62,1,0
CUS000519,6,month_to_month,fiber,credit_card,False,5,79.66,498.28,1,1
CUS000520,31,month_to_month,dsl,bank_transfer,True,0,29.52,947.56,1,1
CUS000521,9,two_year,fiber,mailed_check,True,0,48.64,408.58,0,0
CUS000522,33,month_to_month,dsl,electronic_check,True,2,41.05,1371.23,1,1
CUS000523,2,one_year,fiber,credit_card,False,2,62.47,122.06,0,1
CUS000524,51,month_to_month,dsl,credit_card,True,1,35.53,1800.97,1,0
CUS000525,29,month_to_month,fiber,bank_transfer,True,2,63.33,1885.22,2,0
CUS000526,29,month_to_month,none,credit_card,True,1,21.97,664.91,0,0
CUS000527,47,month_to_month,dsl,mailed_check,True,2,39.24,1749.31,0,0
CUS000528,56,month_to_month,fiber,credit_card,True,3,60.28,3482.68,0,0
CUS000529,55,month_to_month,fiber,electronic_check,True,5,78.6,4270.98,1,0
CUS000530,36,two_year,none,electronic_check,True,2,23.77,876.8,0,0
CUS000531,24,two_year,none,credit_card,False,6,44.56,1008.95,0,0
CUS000532,47,month_to_month,dsl,bank_transfer,True,6,64.47,3004.07,0,0
CUS000533,19,two_year,none,electronic_check,True,6,45.57,841.94,0,0
CUS000534,51,two_year,none,bank_transfer,True,6,55.26,2952.74,0,0
CUS000535,51,one_year,none,bank_transfer,False,5,49.08,2430.95,0,0
CUS000536,3,one_year,fiber,electronic_check,False,0,42.7,128.83,0,0
CUS000537,23,one_year,dsl,mailed_check,False,3,42.45,928.78,0,0
CUS000538,70,month_to_month,fiber,bank_transfer,True,5,68.4,4491.74,2,0
CUS000539,19,month_to_month,dsl,bank_transfer,True,6,66.89,1276.98,0,0
CUS000540,9,two_year,none,electronic_check,True,6,52.47,446.4,0,0
CUS000541,15,month_to_month,fiber,bank_transfer,False,0,42.61,597.46,0,1
CUS000542,22,month_to_month,fiber,bank_transfer,False,0,39.55,890.36,0,1
CUS000543,63,one_year,fiber,electronic_check,False,0,54.89,3530.94,0,0
CUS000544,46,month_to_month,dsl,credit_card,False,0,34.04,1598.51,0,0
CUS000545,26,two_year,dsl,bank_transfer,False,4,52.56,1393.52,1,0
CUS000546,34,month_to_month,dsl,credit_card,True,1,39.92,1363.25,0,0
CUS000547,34,two_year,none,credit_card,False,0,21.91,697.01,0,0
CUS000548,62,month_to_month,none,bank_transfer,False,1,27.78,1732.17,1,0
CUS000549,62,month_to_month,fiber,electronic_check,False,1,44.59,2713.3,0,0
CUS000550,4,one_year,dsl,mailed_check,False,0,35.03,146.56,0,0
CUS000551,19,month_to_month,dsl,credit_card,False,5,64.34,1189.42,1,1
CUS000552,63,one_year,none,mailed_check,True,5,50.01,3168.42,0,0
CUS000553,15,one_year,dsl,electronic_check,True,2,34.04,491.71,0,0
CUS000554,62,month_to_month,none,credit_card,True,1,24.83,1474.91,0,0
CUS000555,1,month_to_month,none,bank_transfer,True,5,48.65,,1,0
CUS000556,42,one_year,fiber,bank_transfer,False,5,71.73,2887.78,0,0
CUS000557,9,month_to_month,dsl,mailed_check,False,0,30.32,282.85,0,1
CUS000558,58,two_year,dsl,bank_transfer,False,1,42.38,2315.16,0,0
CUS000559,29,month_to_month,fiber,electronic_check,True,1,50.84,1526.14,1,1
CUS000560,37,one_year,none,credit_card,True,1,27.8,1018.28,0,0
CUS000561,54,month_to_month,dsl,credit_card,True,5,60.68,3116.74,1,0
CUS000562,14,one_year,fiber,electronic_check,True,0,45.74,627.38,0,0
CUS000563,29,one_year,fiber,bank_transfer,True,5,67.24,2045.84,0,0
CUS000564,59,one_year,fiber,mailed_check,True,4,75.92,4259.35,1,0
CUS000565,14,month_to_month,fiber,electronic_check,True,2,61.44,801.93,1,1
CUS000566,34,two_year,none,electronic_check,False,5,44.21,1530.26,2,0
CUS000567,38,month_to_month,fiber,mailed_check,True,1,50.84,1983.37,0,1
CUS000568,32,month_to_month,fiber,electronic_check,False,2,55.86,1812.77,0,0
CUS000569,22,one_year,none,credit_card,False,1,25.4,546.18,2,0
CUS000570,19,month_to_month,dsl,electronic_check,True,1,37.52,713.75,1,1
CUS000571,18,month_to_month,dsl,electronic_check,True,3,45.34,840.17,0,0
CUS000572,62,one_year,dsl,electronic_check,True,3,47.5,3006.93,0,0
CUS000573,59,month_to_month,fiber,electronic_check,True,5,71.66,4362.03,1,1
CUS000574,25,two_year,fiber,mailed_check,False,6,75.89,1820.5,2,1
CUS000575,27,one_year,fiber,mailed_check,True,4,59.73,1528.74,0,0
CUS000576,15,one_year,none,credit_card,True,4,43.94,688.23,2,0
CUS000577,25,two_year,fiber,electronic_check,True,2,57.59,1354.73,1,0
CUS000578,48,one_year,fiber,electronic_check,True,5,68.2,3249.76,0,0
CUS000579,55,month_to_month,none,electronic_check,True,3,33.69,1766.19,0,0
CUS000580,60,one_year,dsl,electronic_check,False,2,44.57,2736.56,1,0
CUS000581,11,month_to_month,dsl,electronic_check,True,0,36.43,373.48,0,0
CUS000582,49,one_year,none,credit_card,False,0,22.44,1101.93,2,0
CUS000583,66,two_year,fiber,bank_transfer,True,0,45.78,3086.75,1,0
CUS000584,51,one_year,fiber,electronic_check,True,3,63.61,3378.72,0,0
CUS000585,34,two_year,fiber,electronic_check,True,2,58.16,2056.08,1,0
CUS000586,17,month_to_month,dsl,electronic_check,False,2,39.89,639.16,0,0
CUS000587,22,month_to_month,fiber,mailed_check,True,3,61.01,1292.86,0,0
CUS000588,58,two_year,dsl,bank_transfer,True,3,56.76,3290.02,1,0
CUS000589,50,two_year,none,electronic_check,True,2,37.42,1886.19,0,0
CUS000590,12,month_to_month,fiber,credit_card,False,2,60.36,694.21,1,1
CUS000591,56,month_to_month,fiber,bank_transfer,True,2,53.53,3082.6,1,0
CUS000592,19,month_to_month,dsl,mailed_check,False,4,40.16,776.18,2,0
CUS000593,29,two_year,fiber,credit_card,True,3,63.43,1744.84,0,0
CUS000594,8,month_to_month,fiber,mailed_check,True,5,75.79,587.36,0,0
CUS000595,61,one_year,dsl,bank_transfer,True,6,60.15,3438.36,0,0
CUS000596,15,month_to_month,fiber,credit_card,True,6,82.89,1304.52,1,1
CUS000597,45,month_to_month,fiber,bank_transfer,True,1,48.22,2149.97,0,0
CUS000598,59,month_to_month,fiber,mailed_check,False,0,42.55,2593.7,1,0
CUS000599,59,one_year,fiber,electronic_check,True,0,51.37,2910.61,0,0
CUS000600,29,one_year,dsl,electronic_check,True,1,37.5,1063.3,0,0
CUS000601,49,month_to_month,fiber,electronic_check,True,0,41.06,1979.92,0,0
CUS000602,48,two_year,none,bank_transfer,True,4,42.37,2123.21,0,0
CUS000603,58,month_to_month,fiber,credit_card,False,2,51.6,2843.9,0,0
CUS000604,48,two_year,dsl,electronic_check,True,0,32.81,1473.26,1,0
CUS000605,6,month_to_month,fiber,mailed_check,True,2,57.79,332.5,0,1
CUS000606,69,month_to_month,dsl,bank_transfer,True,3,43.99,2963.9,2,0
CUS000607,9,month_to_month,none,electronic_check,False,6,52.93,473.96,1,1
CUS000608,72,one_year,fiber,bank_transfer,True,1,60.2,4511.88,0,0
CUS000609,49,month_to_month,none,electronic_check,False,1,23.77,1121.24,1,0
CUS000610,32,month_to_month,fiber,electronic_check,True,1,51.62,1660.36,1,1
CUS000611,10,two_year,none,mailed_check,True,6,42.01,406.83,0,0
CUS000612,38,one_year,dsl,electronic_check,False,3,44.97,1763.63,1,0
CUS000613,43,month_to_month,fiber,electronic_check,False,5,67.58,2978.34,2,1
CUS000614,70,month_to_month,fiber,bank_transfer,True,3,53.75,3566.14,0,0
CUS000615,35,month_to_month,dsl,credit_card,True,3,43.88,1529.8,0,0
CUS000616,70,month_to_month,fiber,bank_transfer,True,0,46.77,3086.82,1,0
CUS000617,3,one_year,dsl,mailed_check,False,3,49.51,147.31,1,1
CUS000618,39,month_to_month,dsl,bank_transfer,True,4,46.13,1853.57,1,0
CUS000619,72,month_to_month,none,bank_transfer,True,6,54.19,3646.15,1,0
CUS000620,62,month_to_month,dsl,electronic_check,False,0,32.41,1974.15,2,0
CUS000621,47,month_to_month,dsl,electronic_check,False,1,41.88,2002.52,0,1
CUS000622,11,two_year,dsl,electronic_check,False,1,27.53,300.31,0,0
CUS000623,30,month_to_month,fiber,electronic_check,True,0,44.32,1255.51,0,1
CUS000624,25,two_year,fiber,electronic_check,False,5,76.96,2003.46,1,0
CUS000625,30,two_year,dsl,bank_transfer,False,2,44.77,1360.16,0,0
CUS000626,30,month_to_month,fiber,credit_card,False,2,60.17,1726.17,0,0
CUS000627,38,month_to_month,dsl,credit_card,False,5,52.53,1982.42,2,0
CUS000628,1,month_to_month,dsl,bank_transfer,False,0,26.72,,1,0
CUS000629,54,month_to_month,fiber,electronic_check,True,0,42.74,2230.69,0,0
CUS000630,12,two_year,dsl,electronic_check,True,6,54.73,672.55,0,1
CUS000631,51,month_to_month,fiber,bank_transfer,False,1,59.31,2966.3,0,0
CUS000632,56,month_to_month,dsl,electronic_check,True,1,36.1,2100.0,1,0
CUS000633,52,two_year,fiber,bank_transfer,False,6,85.49,4298.69,1,0
CUS000634,21,one_year,dsl,credit_card,True,0,25.64,500.9,2,0
CUS000635,49,one_year,fiber,credit_card,True,4,67.34,3082.27,0,0
CUS000636,53,two_year,fiber,electronic_check,True,3,67.31,3670.82,0,0
CUS000637,51,month_to_month,fiber,electronic_check,False,1,56.19,2822.97,0,0
CUS000638,46,month_to_month,dsl,electronic_check,True,2,41.38,1783.37,0,0
CUS000639,35,month_to_month,dsl,bank_transfer,True,5,59.59,2172.2,2,0
CUS000640,10,month_to_month,fiber,electronic_check,False,6,74.35,694.08,1,0
CUS000641,62,month_to_month,fiber,electronic_check,False,5,82.18,5149.88,0,0
CUS000642,2,month_to_month,dsl,bank_transfer,False,2,40.71,79.36,1,0
CUS000643,64,one_year,fiber,credit_card,False,1,59.63,3557.49,0,0
CUS000644,23,month_to_month,fiber,credit_card,False,0,44.1,962.6,0,0
CUS000645,7,month_to_month,fiber,bank_transfer,True,4,65.42,463.57,1,0
CUS000646,42,month_to_month,fiber,bank_transfer,False,2,47.95,1906.2,2,0
CUS000647,46,month_to_month,none,electronic_check,True,4,34.43,1499.6,0,0
CUS000648,27,month_to_month,none,bank_transfer,False,1,22.75,632.02,2,0
CUS000649,4,one_year,fiber,electronic_check,True,2,58.85,237.49,1,1
CUS000650,55,month_to_month,dsl,mailed_check,True,3,50.71,2702.23,0,0
CUS000651,72,two_year,none,credit_card,True,6,60.64,4490.73,2,0
CUS000652,28,two_year,dsl,electronic_check,True,1,36.96,982.16,0,0
CUS000653,55,two_year,none,mailed_check,True,2,27.91,1562.68,0,0
CUS000654,13,month_to_month,none,electronic_check,False,1,28.73,367.33,1,1
CUS000655,21,month_to_month,fiber,mailed_check,False,2,60.49,1230.18,0,1
CUS000656,15,two_year,fiber,mailed_check,False,3,61.64,932.24,0,0
CUS000657,21,two_year,fiber,mailed_check,False,5,69.02,1412.6,0,0
CUS000658,64,month_to_month,dsl,bank_transfer,True,3,59.85,3897.88,0,0
CUS000659,49,two_year,none,electronic_check,True,2,35.21,1607.29,0,0
CUS000660,19,two_year,dsl,credit_card,True,1,39.03,714.67,1,0
CUS000661,68,month_to_month,fiber,mailed_check,True,3,63.65,4211.66,0,0
CUS000662,56,one_year,dsl,mailed_check,False,3,49.0,2572.78,1,0
CUS000663,70,two_year,fiber,credit_card,False,2,52.45,3748.41,1,0
CUS000664,23,month_to_month,none,credit_card,True,3,42.92,1034.32,0,0
CUS000665,34,month_to_month,none,credit_card,False,5,40.85,1416.86,0,0
CUS000666,17,month_to_month,fiber,credit_card,True,3,58.75,1006.58,1,1
CUS000667,39,month_to_month,fiber,credit_card,False,4,69.19,2727.2,2,1
CUS000668,40,one_year,dsl,mailed_check,False,0,35.69,1385.16,0,0
CUS000669,19,two_year,fiber,bank_transfer,False,5,75.7,1401.08,2,0
CUS000670,27,month_to_month,fiber,bank_transfer,False,5,70.52,1911.41,1,0
CUS000671,68,month_to_month,fiber,credit_card,False,6,79.74,5157.65,2,0
CUS000672,37,two_year,dsl,credit_card,False,6,59.39,2163.02,0,0
CUS000673,65,two_year,none,electronic_check,False,5,42.09,2650.12,0,0
CUS000674,4,two_year,dsl,credit_card,True,6,70.85,288.63,1,1
CUS000675,10,month_to_month,dsl,electronic_check,True,1,44.72,444.54,1,1
CUS000676,63,two_year,dsl,bank_transfer,False,6,67.0,4197.16,1,0
CUS000677,59,month_to_month,none,bank_transfer,True,4,40.6,2356.83,0,0
CUS000678,35,two_year,fiber,electronic_check,True,6,81.63,2812.05,0,0
CUS000679,30,one_year,fiber,electronic_check,True,1,47.0,1355.3,2,1
CUS000680,21,month_to_month,dsl,electronic_check,False,5,51.58,1022.79,2,1
CUS000681,36,month_to_month,fiber,credit_card,True,2,59.25,2200.59,4,0
CUS000682,39,month_to_month,fiber,electronic_check,True,0,45.85,1821.25,1,0
CUS000683,67,month_to_month,none,mailed_check,False,1,22.2,1485.69,0,0
CUS000684,69,two_year,dsl,bank_transfer,True,6,65.67,4303.95,2,0
CUS000685,23,two_year,fiber,bank_transfer,False,2,54.42,1176.04,0,0
CUS000686,71,one_year,dsl,credit_card,False,1,39.76,2678.24,2,0
CUS000687,20,month_to_month,none,mailed_check,True,5,49.55,1015.42,1,1
CUS000688,33,month_to_month,fiber,bank_transfer,False,4,62.54,2131.5,0,1
CUS000689,36,month_to_month,fiber,mailed_check,True,1,56.0,2111.29,0,0
CUS000690,21,two_year,fiber,bank_transfer,True,1,52.98,1156.48,1,0
CUS000691,23,one_year,dsl,mailed_check,True,3,52.86,1218.64,1,0
CUS000692,55,month_to_month,fiber,bank_transfer,False,4,57.92,2994.86,0,0
CUS000693,11,month_to_month,fiber,electronic_check,True,1,45.36,521.59,1,1
CUS000694,59,month_to_month,dsl,electronic_check,False,1,39.85,2468.18,0,0
CUS000695,13,month_to_month,none,mailed_check,False,0,24.38,323.16,1,0
CUS000696,18,month_to_month,dsl,electronic_check,True,0,30.6,551.3,0,0
CUS000697,64,month_to_month,dsl,mailed_check,True,4,63.0,3787.35,0,0
CUS000698,8,month_to_month,fiber,credit_card,True,0,42.54,320.03,2,1
CUS000699,62,two_year,dsl,electronic_check,True,3,41.16,2465.25,2,0
CUS000700,14,one_year,dsl,bank_transfer,True,2,45.36,624.52,0,0
CUS000701,23,two_year,fiber,bank_transfer,True,0,47.94,1120.49,2,0
CUS000702,50,two_year,fiber,credit_card,True,0,43.5,2236.47,0,0
CUS000703,62,month_to_month,fiber,electronic_check,True,1,52.31,3223.74,1,0
CUS000704,27,month_to_month,dsl,credit_card,True,1,42.52,1083.68,0,0
CUS000705,46,month_to_month,dsl,electronic_check,False,1,41.12,1945.49,0,0
CUS000706,62,two_year,dsl,electronic_check,True,3,48.86,3108.34,0,0
CUS000707,58,month_to_month,none,bank_transfer,True,4,39.95,2297.01,0,0
CUS000708,39,month_to_month,dsl,electronic_check,False,5,66.14,2600.88,2,0
CUS000709,40,two_year,fiber,bank_transfer,False,0,45.54,1775.92,1,0
CUS000710,58,one_year,fiber,bank_transfer,True,2,58.69,3192.49,2,0
CUS000711,2,one_year,fiber,credit_card,True,1,50.56,95.84,0,0
CUS000712,67,one_year,none,mailed_check,True,2,23.95,1524.52,0,0
CUS000713,28,month_to_month,fiber,mailed_check,False,5,66.65,1764.22,0,0
CUS000714,59,one_year,dsl,credit_card,False,1,33.18,1935.31,2,0
CUS000715,8,month_to_month,none,bank_transfer,False,5,51.56,399.05,0,0
CUS000716,35,one_year,dsl,mailed_check,True,3,45.15,1614.61,1,0
CUS000717,22,month_to_month,none,bank_transfer,True,4,45.72,1033.65,2,0
CUS000718,68,month_to_month,none,mailed_check,True,2,31.55,2141.31,1,0
CUS000719,60,two_year,fiber,electronic_check,True,3,58.25,3506.07,1,0
CUS000720,21,month_to_month,fiber,mailed_check,False,4,67.39,1463.08,2,1
CUS000721,46,one_year,none,electronic_check,True,2,33.3,1461.36,0,0
CUS000722,47,month_to_month,none,bank_transfer,True,4,31.01,1479.17,2,0
CUS000723,22,month_to_month,dsl,electronic_check,True,3,43.18,921.12,1,0
CUS000724,45,month_to_month,fiber,mailed_check,False,6,84.35,3728.81,0,0
CUS000725,43,month_to_month,dsl,electronic_check,False,6,68.09,2994.15,0,0
CUS000726,46,two_year,dsl,bank_transfer,True,3,48.25,2085.0,2,0
CUS000727,57,month_to_month,fiber,credit_card,True,0,42.52,2439.43,0,0
CUS000728,10,month_to_month,fiber,credit_card,True,4,65.14,619.35,1,0
CUS000729,19,one_year,fiber,credit_card,True,4,66.1,1232.7,0,0
CUS000730,62,month_to_month,fiber,credit_card,True,1,54.01,3116.17,0,0
CUS000731,55,two_year,none,credit_card,True,2,25.3,1390.88,2,0
CUS000732,20,month_to_month,dsl,credit_card,True,6,55.44,1141.31,0,0
CUS000733,30,month_to_month,fiber,mailed_check,True,3,56.77,1592.08,0,1
CUS000734,12,one_year,fiber,electronic_check,False,0,47.42,575.55,0,0
CUS000735,6,month_to_month,dsl,bank_transfer,False,6,59.37,349.47,1,1
CUS000736,69,month_to_month,fiber,credit_card,True,1,52.37,3619.93,0,0
CUS000737,56,two_year,dsl,electronic_check,False,6,64.13,3674.7,1,0
CUS000738,50,two_year,fiber,electronic_check,False,2,57.27,2995.41,1,0
CUS000739,50,month_to_month,none,credit_card,True,2,34.44,1687.28,0,0
CUS000740,16,two_year,dsl,electronic_check,True,4,50.41,829.63,1,0
CUS000741,12,two_year,dsl,credit_card,True,5,51.37,618.78,0,0
CUS000742,20,month_to_month,fiber,mailed_check,True,0,52.81,1097.3,1,0
CUS000743,39,two_year,dsl,credit_card,False,2,44.74,1757.73,0,0
CUS000744,29,month_to_month,dsl,electronic_check,True,2,36.36,1103.11,0,0
CUS000745,34,month_to_month,fiber,electronic_check,True,5,75.33,2404.35,0,0
CUS000746,2,month_to_month,none,bank_transfer,False,5,47.81,97.71,0,0
CUS000747,50,month_to_month,dsl,credit_card,True,2,39.46,2060.51,1,0
CUS000748,39,two_year,fiber,electronic_check,True,0,53.27,1943.98,0,0
CUS000749,50,one_year,dsl,bank_transfer,False,4,61.72,2983.01,1,0
CUS000750,42,month_to_month,fiber,electronic_check,True,1,51.09,2048.08,0,0
CUS000751,16,month_to_month,fiber,credit_card,True,3,57.76,951.29,0,1
CUS000752,26,month_to_month,none,mailed_check,True,5,39.96,1018.74,0,0
CUS000753,31,two_year,fiber,bank_transfer,True,3,55.52,1684.45,0,0
CUS000754,19,one_year,none,electronic_check,False,2,30.92,590.83,1,1
CUS000755,4,one_year,fiber,bank_transfer,False,5,73.63,280.25,2,0
CUS000756,11,month_to_month,fiber,electronic_check,True,5,77.84,828.19,1,0
CUS000757,32,month_to_month,fiber,electronic_check,False,4,64.18,2120.3,1,1
CUS000758,34,month_to_month,fiber,credit_card,True,1,50.82,1650.15,1,0
CUS000759,21,month_to_month,dsl,credit_card,True,0,22.88,484.61,0,0
CUS000760,71,two_year,dsl,electronic_check,True,3,51.45,3479.22,0,0
CUS000761,19,one_year,none,electronic_check,False,2,27.56,537.27,0,0
CUS000762,8,month_to_month,none,bank_transfer,False,3,35.42,291.05,0,0
CUS000763,6,one_year,dsl,electronic_check,True,4,51.53,306.45,0,0
CUS000764,44,two_year,dsl,credit_card,True,4,57.7,2544.15,1,0
CUS000765,8,month_to_month,fiber,bank_transfer,True,2,54.1,434.02,0,0
CUS000766,67,two_year,fiber,bank_transfer,True,3,56.71,3676.47,1,0
CUS000767,22,one_year,dsl,mailed_check,False,0,34.77,771.57,0,0
CUS000768,47,month_to_month,fiber,electronic_check,True,3,59.14,2709.88,1,1
CUS000769,47,two_year,fiber,bank_transfer,False,5,65.97,3043.37,0,0
CUS000770,7,two_year,none,electronic_check,True,5,48.45,315.69,1,1
CUS000771,24,month_to_month,fiber,bank_transfer,True,1,53.47,1312.84,0,0
CUS000772,61,two_year,none,bank_transfer,True,1,23.03,1401.5,0,0
CUS000773,67,month_to_month,dsl,electronic_check,False,0,26.83,1740.51,0,0
CUS000774,38,one_year,fiber,bank_transfer,False,6,83.27,3129.43,0,0
CUS000775,36,one_year,dsl,credit_card,True,6,66.8,2266.11,1,0
CUS000776,52,month_to_month,none,electronic_check,True,5,44.16,2249.37,2,0
CUS000777,27,two_year,none,mailed_check,True,6,45.32,1213.14,0,0
CUS000778,39,one_year,none,electronic_check,True,2,32.1,1282.26,0,0
CUS000779,67,two_year,fiber,bank_transfer,True,1,49.8,3249.38,2,0
CUS000780,33,month_to_month,dsl,credit_card,True,6,63.48,1990.81,2,0
CUS000781,8,one_year,dsl,bank_transfer,False,3,49.41,396.75,1,0
CUS000782,34,month_to_month,dsl,mailed_check,False,0,38.63,1258.07,1,0
CUS000783,59,month_to_month,fiber,credit_card,True,0,36.39,2185.9,2,0
CUS000784,68,two_year,fiber,bank_transfer,False,2,54.51,3839.42,0,0
CUS000785,8,month_to_month,none,credit_card,True,0,13.45,101.99,0,0
CUS000786,15,month_to_month,fiber,credit_card,False,2,57.49,839.49,0,1
CUS000787,48,one_year,dsl,electronic_check,True,6,63.37,3070.81,0,0
CUS000788,35,two_year,fiber,bank_transfer,False,6,82.16,2861.98,0,0
CUS000789,45,month_to_month,dsl,credit_card,True,5,55.52,2381.05,1,0
CUS000790,3,month_to_month,fiber,credit_card,False,2,54.02,164.65,0,1
CUS000791,21,month_to_month,none,electronic_check,False,4,38.8,801.18,1,0
CUS000792,29,two_year,none,electronic_check,False,0,20.69,584.26,0,0
CUS000793,71,month_to_month,fiber,bank_transfer,True,6,76.96,5475.45,0,0
CUS000794,8,month_to_month,dsl,electronic_check,False,1,34.18,269.75,0,0
CUS000795,31,one_year,fiber,electronic_check,True,6,78.53,2310.37,1,0
CUS000796,35,month_to_month,fiber,electronic_check,False,3,61.11,2126.63,1,0
CUS000797,14,two_year,fiber,credit_card,False,0,50.77,662.08,0,0
CUS000798,37,month_to_month,dsl,mailed_check,True,6,65.97,2442.48,1,0
CUS000799,22,month_to_month,fiber,credit_card,True,1,48.85,1109.73,2,0
CUS000800,26,month_to_month,none,electronic_check,True,4,39.0,986.3,2,1
CUS000801,58,two_year,dsl,mailed_check,False,4,56.1,3143.7,0,0
CUS000802,11,month_to_month,fiber,electronic_check,False,4,57.64,616.75,1,1
CUS000803,19,month_to_month,fiber,mailed_check,True,1,43.84,785.59,2,1
CUS000804,67,month_to_month,dsl,bank_transfer,True,1,30.54,2121.57,0,0
CUS000805,26,one_year,fiber,bank_transfer,False,5,66.9,1809.71,2,0
CUS000806,55,month_to_month,fiber,bank_transfer,False,3,67.7,3733.69,0,0
CUS000807,20,month_to_month,dsl,mailed_check,False,5,57.61,1092.98,1,1
CUS000808,20,one_year,dsl,electronic_check,True,4,53.14,1030.02,1,0
CUS000809,62,month_to_month,fiber,electronic_check,True,5,70.78,4155.37,1,1
CUS000810,10,month_to_month,fiber,electronic_check,False,4,65.54,643.34,2,1
CUS000811,65,one_year,fiber,bank_transfer,False,3,68.87,4465.46,0,0
CUS000812,49,one_year,dsl,electronic_check,False,0,34.86,1656.57,1,0
CUS000813,22,one_year,fiber,bank_transfer,True,5,83.41,1853.23,2,0
CUS000814,51,two_year,fiber,credit_card,False,0,37.83,1851.29,0,0
CUS000815,27,one_year,fiber,bank_transfer,True,1,54.26,1523.38,1,1
CUS000816,36,one_year,fiber,credit_card,True,6,76.3,2583.23,0,0
CUS000817,22,month_to_month,fiber,electronic_check,False,5,76.6,1572.36,1,1
CUS000818,9,month_to_month,none,electronic_check,True,4,43.87,401.74,0,1
CUS000819,30,month_to_month,none,bank_transfer,True,6,48.92,1538.16,0,0
CUS000820,43,one_year,none,credit_card,True,3,38.31,1633.26,1,0
CUS000821,45,one_year,fiber,credit_card,False,0,52.96,2348.03,1,0
CUS000822,55,one_year,none,electronic_check,True,3,32.98,1901.86,0,0
CUS000823,21,two_year,none,electronic_check,False,0,24.7,526.13,1,1
CUS000824,59,month_to_month,dsl,electronic_check,True,0,33.17,2037.0,2,0
CUS000825,71,month_to_month,fiber,bank_transfer,True,3,58.72,3975.25,1,0
CUS000826,55,month_to_month,fiber,credit_card,True,2,63.95,3339.46,0,0
CUS000827,43,one_year,fiber,electronic_check,True,2,58.09,2579.9,0,0
CUS000828,2,month_to_month,fiber,bank_transfer,True,0,45.61,86.21,0,1
CUS000829,38,one_year,fiber,electronic_check,False,3,64.65,2513.92,1,0
CUS000830,53,month_to_month,fiber,bank_transfer,False,1,55.22,2921.82,1,1
CUS000831,69,one_year,fiber,mailed_check,False,5,68.45,4536.37,1,0
CUS000832,19,two_year,fiber,credit_card,False,1,54.48,1011.3,0,0
CUS000833,25,month_to_month,none,bank_transfer,True,2,24.76,590.7,0,0
CUS000834,71,month_to_month,fiber,bank_transfer,False,6,82.98,6042.33,0,0
CUS000835,4,two_year,fiber,electronic_check,False,2,58.1,228.57,0,0
CUS000836,17,two_year,fiber,electronic_check,True,4,72.43,1259.31,0,0
CUS000837,65,two_year,dsl,credit_card,True,4,51.19,3333.19,1,0
CUS000838,42,month_to_month,fiber,bank_transfer,False,2,59.79,2496.12,3,0
CUS000839,67,month_to_month,fiber,credit_card,False,4,59.32,3962.95,1,0
CUS000840,26,one_year,dsl,bank_transfer,False,3,47.21,1174.22,0,1
CUS000841,55,two_year,dsl,credit_card,True,2,43.8,2309.19,0,0
CUS000842,72,two_year,fiber,mailed_check,True,3,58.84,4184.65,2,0
CUS000843,43,two_year,dsl,electronic_check,True,2,50.75,2267.62,1,0
CUS000844,50,month_to_month,none,bank_transfer,True,3,37.61,1787.85,2,1
CUS000845,22,month_to_month,fiber,credit_card,True,3,59.92,1371.1,1,0
CUS000846,19,one_year,dsl,bank_transfer,True,4,55.87,1007.48,1,0
CUS000847,34,month_to_month,fiber,electronic_check,False,0,46.42,1489.53,0,0
CUS000848,38,month_to_month,dsl,mailed_check,False,0,25.79,970.64,0,0
CUS000849,71,month_to_month,fiber,bank_transfer,True,2,53.09,3647.9,0,0
CUS000850,57,one_year,dsl,electronic_check,True,0,24.28,1300.76,0,0
CUS000851,59,two_year,dsl,electronic_check,False,6,61.09,3405.42,1,0
CUS000852,58,month_to_month,dsl,electronic_check,True,6,58.26,3340.09,2,0
CUS000853,22,two_year,fiber,mailed_check,True,0,47.31,1092.59,0,0
CUS000854,55,month_to_month,dsl,mailed_check,True,1,35.77,1912.5,0,0
CUS000855,32,month_to_month,dsl,mailed_check,False,6,65.93,2212.65,3,1
CUS000856,20,one_year,fiber,electronic_check,False,3,61.02,1182.24,1,0
CUS000857,44,two_year,none,credit_card,False,0,25.24,1048.64,2,0
CUS000858,22,month_to_month,dsl,bank_transfer,True,1,35.69,801.58,2,1
CUS000859,35,one_year,fiber,bank_transfer,True,1,53.69,1808.52,5,0
CUS000860,72,month_to_month,none,bank_transfer,True,0,16.46,1204.84,1,0
CUS000861,34,month_to_month,none,mailed_check,True,4,36.37,1267.71,2,0
CUS000862,46,month_to_month,none,electronic_check,False,3,31.57,1485.77,1,0
CUS000863,66,month_to_month,dsl,electronic_check,True,3,49.9,3143.27,1,0
CUS000864,27,one_year,fiber,electronic_check,True,6,79.27,2138.47,0,0
CUS000865,47,month_to_month,dsl,electronic_check,True,1,39.48,1874.31,0,0
CUS000866,60,month_to_month,none,credit_card,True,6,51.9,3213.18,0,0
CUS000867,66,two_year,dsl,electronic_check,False,4,50.07,3380.55,1,0
CUS000868,70,two_year,fiber,electronic_check,False,0,44.64,3121.92,0,0
CUS000869,4,two_year,dsl,mailed_check,True,5,59.7,230.64,0,0
CUS000870,28,month_to_month,fiber,mailed_check,False,4,71.13,1893.44,0,0
CUS000871,41,month_to_month,dsl,bank_transfer,False,4,51.14,2135.53,1,0
CUS000872,60,one_year,dsl,electronic_check,False,5,62.36,3701.37,0,0
CUS000873,43,one_year,fiber,credit_card,False,0,49.46,2064.81,0,0
CUS000874,4,month_to_month,dsl,bank_transfer,False,3,51.72,207.54,0,0
CUS000875,65,month_to_month,fiber,mailed_check,True,0,36.1,2258.52,0,0
CUS000876,10,month_to_month,none,electronic_check,False,3,30.4,311.86,0,0
CUS000877,71,one_year,dsl,credit_card,False,3,53.84,3882.59,2,0
CUS000878,56,month_to_month,fiber,electronic_check,True,2,53.86,3059.1,0,0
CUS000879,42,month_to_month,dsl,electronic_check,True,4,53.78,2312.34,1,0
CUS000880,69,one_year,fiber,mailed_check,True,2,63.23,4356.97,0,0
CUS000881,14,month_to_month,fiber,mailed_check,True,6,80.58,1076.11,1,1
CUS000882,24,month_to_month,dsl,credit_card,False,6,58.71,1465.84,0,0
CUS000883,41,two_year,fiber,mailed_check,True,2,56.22,2391.84,1,0
CUS000884,12,one_year,none,mailed_check,True,4,49.82,565.9,1,0
CUS000885,34,one_year,fiber,mailed_check,True,4,68.11,2177.11,1,0
CUS000886,41,month_to_month,fiber,mailed_check,False,0,43.53,1805.71,1,0
CUS000887,25,one_year,fiber,electronic_check,True,6,82.34,2034.98,0,0
CUS000888,71,month_to_month,dsl,bank_transfer,False,2,39.74,2953.21,0,0
CUS000889,23,month_to_month,dsl,credit_card,True,1,31.45,681.84,1,0
CUS000890,49,one_year,dsl,electronic_check,True,2,39.88,1946.24,0,0
CUS000891,49,month_to_month,fiber,electronic_check,True,6,76.94,3925.68,0,0
CUS000892,61,month_to_month,fiber,mailed_check,False,6,83.52,4815.85,0,1
CUS000893,23,two_year,dsl,electronic_check,True,3,49.92,1105.71,1,0
CUS000894,10,one_year,fiber,electronic_check,False,3,64.7,649.32,1,0
CUS000895,9,one_year,fiber,mailed_check,True,1,52.54,475.65,1,0
CUS000896,57,one_year,fiber,electronic_check,True,6,78.13,4524.6,2,0
CUS000897,64,month_to_month,dsl,electronic_check,True,1,33.64,2258.36,0,0
CUS000898,12,month_to_month,none,bank_transfer,True,4,41.64,512.4,2,0
CUS000899,35,month_to_month,none,electronic_check,False,4,43.35,1546.58,1,1
CUS000900,55,month_to_month,none,mailed_check,True,2,30.86,1606.12,0,0
CUS000901,34,one_year,fiber,electronic_check,True,6,68.3,2208.78,2,1
CUS000902,28,month_to_month,dsl,electronic_check,False,3,46.67,1269.84,1,0
CUS000903,46,month_to_month,none,electronic_check,True,5,46.81,2112.97,0,1
CUS000904,44,month_to_month,none,electronic_check,False,5,47.18,2097.79,2,0
CUS000905,25,two_year,dsl,credit_card,True,4,51.76,1234.35,0,0
CUS000906,49,month_to_month,dsl,electronic_check,True,3,43.58,2062.84,0,1
CUS000907,26,month_to_month,none,bank_transfer,True,0,25.71,660.89,0,0
CUS000908,36,two_year,dsl,electronic_check,False,6,60.51,2105.24,1,0
CUS000909,32,month_to_month,fiber,bank_transfer,True,5,69.07,2142.42,1,1
CUS000910,29,month_to_month,dsl,bank_transfer,True,1,26.46,717.08,2,0
CUS000911,3,month_to_month,fiber,electronic_check,True,5,72.88,224.34,2,1
CUS000912,11,one_year,dsl,bank_transfer,False,1,32.84,349.55,0,0
CUS000913,35,one_year,fiber,mailed_check,False,2,65.06,2339.17,1,0
CUS000914,36,one_year,none,bank_transfer,False,5,46.67,1750.69,0,0
CUS000915,72,month_to_month,fiber,bank_transfer,False,6,79.59,5636.17,1,0
CUS000916,44,month_to_month,fiber,mailed_check,False,6,77.39,3327.87,0,0
CUS000917,71,month_to_month,dsl,electronic_check,True,1,35.15,2434.92,0,0
CUS000918,21,two_year,fiber,electronic_check,True,1,53.21,1058.31,0,0
CUS000919,49,one_year,none,electronic_check,True,1,28.06,1300.03,0,0
CUS000920,21,month_to_month,none,credit_card,True,6,62.02,1254.29,1,0
CUS000921,13,month_to_month,dsl,electronic_check,True,3,53.59,715.0,0,0
CUS000922,63,two_year,fiber,electronic_check,False,6,83.41,5109.54,2,0
CUS000923,32,one_year,dsl,electronic_check,True,2,47.29,1426.26,0,0
CUS000924,59,month_to_month,dsl,electronic_check,False,0,26.82,1577.57,2,0
CUS000925,60,month_to_month,fiber,credit_card,True,4,66.46,3769.93,0,0
CUS000926,19,two_year,none,electronic_check,False,6,49.74,884.17,0,0
CUS000927,49,two_year,dsl,bank_transfer,False,3,48.95,2335.43,0,0
CUS000928,69,month_to_month,fiber,mailed_check,True,3,56.98,3956.06,1,0
CUS000929,1,month_to_month,dsl,electronic_check,True,6,60.45,,0,0
CUS000930,55,two_year,fiber,bank_transfer,False,5,73.27,3832.04,0,1
CUS000931,71,two_year,dsl,bank_transfer,False,6,66.29,4559.49,0,0
CUS000932,67,month_to_month,fiber,electronic_check,True,2,54.03,3451.95,0,0
CUS000933,19,month_to_month,fiber,bank_transfer,False,0,47.98,849.05,0,0
CUS000934,25,month_to_month,dsl,electronic_check,True,3,43.04,1058.6,1,0
CUS000935,29,one_year,fiber,bank_transfer,True,4,65.69,1951.32,0,0
CUS000936,33,month_to_month,none,electronic_check,True,6,53.46,1810.47,1,0
CUS000937,34,month_to_month,fiber,bank_transfer,False,5,73.86,2507.47,1,1
CUS000938,44,month_to_month,fiber,bank_transfer,True,5,72.25,3058.49,0,0
CUS000939,15,month_to_month,fiber,bank_transfer,False,4,65.05,967.35,0,1
CUS000940,54,month_to_month,dsl,bank_transfer,False,4,54.45,3078.48,0,0
CUS000941,14,two_year,fiber,electronic_check,True,3,53.48,749.53,2,0
CUS000942,57,month_to_month,dsl,credit_card,True,2,40.53,2425.71,1,0
CUS000943,8,month_to_month,fiber,electronic_check,True,3,56.01,461.0,1,1
CUS000944,3,month_to_month,fiber,mailed_check,False,4,72.93,209.01,0,0
CUS000945,65,month_to_month,fiber,electronic_check,False,5,68.46,4277.37,0,0
CUS000946,13,one_year,fiber,electronic_check,False,1,46.31,600.23,0,0
CUS000947,13,two_year,fiber,credit_card,False,2,56.49,738.0,0,0
CUS000948,31,two_year,none,bank_transfer,False,2,35.29,1019.1,2,0
CUS000949,5,two_year,fiber,mailed_check,False,4,75.46,386.07,0,0
CUS000950,62,one_year,none,electronic_check,False,5,46.25,2876.55,3,0
CUS000951,58,one_year,dsl,credit_card,True,6,62.5,3544.37,0,0
CUS000952,67,one_year,none,bank_transfer,True,0,24.72,1579.48,1,0
CUS000953,23,month_to_month,none,electronic_check,False,4,47.73,1133.94,1,1
CUS000954,7,month_to_month,fiber,electronic_check,False,2,49.66,350.09,1,1
CUS000955,28,two_year,none,mailed_check,True,0,13.13,364.94,0,0
CUS000956,48,two_year,dsl,electronic_check,True,0,33.07,1607.49,0,0
CUS000957,5,one_year,fiber,bank_transfer,False,3,68.58,331.27,1,0
CUS000958,20,two_year,dsl,electronic_check,True,5,62.32,1211.89,1,0
CUS000959,54,one_year,fiber,credit_card,True,6,72.68,4053.16,0,0
CUS000960,2,two_year,dsl,electronic_check,True,1,36.91,73.28,0,0
CUS000961,15,month_to_month,dsl,credit_card,True,6,57.98,909.14,2,0
CUS000962,14,one_year,none,mailed_check,True,1,27.27,392.86,0,0
CUS000963,68,one_year,dsl,electronic_check,True,0,31.4,2214.87,1,0
CUS000964,68,two_year,dsl,electronic_check,True,2,43.06,2959.32,0,0
CUS000965,28,one_year,dsl,bank_transfer,True,2,42.31,1241.25,1,0
CUS000966,57,month_to_month,fiber,bank_transfer,True,3,58.42,3341.93,1,0
CUS000967,30,month_to_month,none,bank_transfer,True,1,25.54,800.36,2,0
CUS000968,47,one_year,dsl,bank_transfer,True,1,32.17,1552.13,2,0
CUS000969,38,month_to_month,fiber,electronic_check,True,2,46.37,1789.35,1,1
CUS000970,2,month_to_month,dsl,bank_transfer,True,0,31.45,59.49,0,0
CUS000971,32,month_to_month,fiber,electronic_check,True,6,68.13,2183.7,0,0
CUS000972,41,one_year,fiber,electronic_check,True,1,52.53,2009.2,5,0
CUS000973,48,one_year,dsl,bank_transfer,False,5,55.98,2818.55,0,0
CUS000974,26,month_to_month,fiber,bank_transfer,False,4,69.44,1869.17,0,0
CUS000975,25,month_to_month,dsl,electronic_check,False,4,52.9,1337.97,1,0
CUS000976,29,two_year,fiber,bank_transfer,False,3,59.07,1763.12,0,0
CUS000977,31,month_to_month,fiber,bank_transfer,True,5,73.06,2222.43,0,1
CUS000978,24,month_to_month,none,credit_card,False,2,32.21,747.9,0,0
CUS000979,35,one_year,dsl,electronic_check,False,6,59.36,2056.82,1,0
CUS000980,46,month_to_month,fiber,electronic_check,True,6,77.87,3379.38,0,0
CUS000981,39,month_to_month,dsl,bank_transfer,False,5,63.59,2412.0,0,0
CUS000982,29,month_to_month,fiber,bank_transfer,False,3,67.22,1905.57,0,0
CUS000983,51,month_to_month,dsl,electronic_check,True,3,46.59,2420.86,1,0
CUS000984,69,month_to_month,dsl,electronic_check,True,0,25.08,1610.3,1,0
CUS000985,64,month_to_month,dsl,electronic_check,True,4,55.88,3677.84,1,1
CUS000986,12,month_to_month,fiber,electronic_check,True,1,40.06,461.61,1,0
CUS000987,67,one_year,none,electronic_check,False,4,35.1,2227.29,1,0
CUS000988,5,one_year,fiber,mailed_check,True,6,86.45,413.49,0,0
CUS000989,22,two_year,none,electronic_check,False,6,47.25,1006.27,0,0
CUS000990,36,two_year,dsl,mailed_check,True,4,50.9,1851.29,1,0
CUS000991,33,two_year,dsl,electronic_check,True,4,53.38,1707.45,0,0
CUS000992,61,one_year,fiber,mailed_check,True,5,67.22,4282.22,1,0
CUS000993,69,one_year,dsl,mailed_check,True,6,60.96,4355.65,1,0
CUS000994,25,one_year,fiber,bank_transfer,True,3,68.7,1711.61,2,0
CUS000995,30,two_year,fiber,electronic_check,True,0,53.11,1656.34,0,0
CUS000996,57,one_year,none,electronic_check,False,6,49.42,2811.37,0,0
CUS000997,29,month_to_month,fiber,mailed_check,False,5,66.28,1896.73,0,0
CUS000998,27,month_to_month,fiber,bank_transfer,True,5,72.35,1835.83,0,0
CUS000999,53,month_to_month,fiber,mailed_check,False,0,39.21,1957.88,1,0
CUS001000,28,two_year,dsl,electronic_check,True,5,65.31,1722.99,1,0
CUS001001,39,one_year,dsl,electronic_check,False,6,61.13,2310.09,2,0
CUS001002,7,month_to_month,dsl,bank_transfer,True,0,37.42,259.44,1,0
CUS001003,48,one_year,dsl,bank_transfer,True,6,64.15,2938.28,2,0
CUS001004,57,month_to_month,none,credit_card,True,4,40.45,2281.83,1,0
CUS001005,29,month_to_month,dsl,bank_transfer,True,2,44.49,1279.63,1,0
CUS001006,43,month_to_month,fiber,electronic_check,True,2,53.65,2279.98,1,1
CUS001007,54,two_year,dsl,electronic_check,True,2,36.8,1914.04,1,0
CUS001008,68,one_year,none,electronic_check,True,5,45.8,2997.91,1,0
CUS001009,23,month_to_month,fiber,credit_card,True,2,56.06,1243.95,0,0
CUS001010,64,one_year,dsl,electronic_check,False,3,43.99,2948.49,2,0
CUS001011,47,one_year,none,bank_transfer,True,2,37.97,1786.86,0,0
CUS001012,26,month_to_month,none,electronic_check,True,1,22.4,550.05,0,1
CUS001013,39,month_to_month,none,mailed_check,False,4,39.26,1600.47,0,0
CUS001014,24,month_to_month,fiber,electronic_check,False,2,57.91,1324.8,0,0
CUS001015,44,month_to_month,dsl,credit_card,True,6,60.81,2544.12,0,0
CUS001016,67,month_to_month,none,mailed_check,True,1,26.05,1710.58,1,0
CUS001017,72,month_to_month,dsl,electronic_check,False,1,39.58,2794.07,3,0
CUS001018,55,one_year,fiber,mailed_check,False,6,81.1,4424.95,1,0
CUS001019,23,month_to_month,fiber,mailed_check,False,5,69.5,1616.28,0,1
CUS001020,65,month_to_month,none,mailed_check,False,5,57.08,3524.52,1,0
CUS001021,42,two_year,none,credit_card,True,4,48.48,2107.02,1,0
CUS001022,72,month_to_month,fiber,electronic_check,True,4,69.88,4984.91,1,0
CUS001023,64,two_year,dsl,mailed_check,True,6,58.63,3852.84,1,0
CUS001024,44,month_to_month,fiber,credit_card,True,6,77.94,3294.92,0,0
CUS001025,66,one_year,none,electronic_check,False,1,25.64,1755.01,0,0
CUS001026,11,month_to_month,fiber,electronic_check,False,5,69.14,762.5,0,1
CUS001027,32,two_year,fiber,credit_card,False,4,67.86,2102.97,0,0
CUS001028,14,two_year,dsl,mailed_check,False,0,36.8,516.5,1,0
CUS001029,68,month_to_month,dsl,mailed_check,False,3,44.72,2858.57,0,0
CUS001030,61,month_to_month,fiber,electronic_check,True,5,77.77,4724.8,2,0
CUS001031,39,month_to_month,dsl,mailed_check,True,3,51.57,2033.35,1,1
CUS001032,11,one_year,fiber,credit_card,False,4,65.48,687.42,0,0
CUS001033,17,month_to_month,none,bank_transfer,True,2,38.05,678.67,1,0
CUS001034,6,two_year,dsl,electronic_check,True,2,41.16,231.04,2,0
CUS001035,51,month_to_month,fiber,electronic_check,True,0,44.24,2157.64,0,0
CUS001036,34,month_to_month,fiber,bank_transfer,False,6,72.93,2384.39,2,1
CUS001037,6,one_year,fiber,electronic_check,True,4,64.64,385.14,1,0
CUS001038,56,two_year,dsl,credit_card,False,5,64.8,3564.87,0,0
CUS001039,66,month_to_month,fiber,electronic_check,False,3,67.57,4413.98,0,0
CUS001040,8,month_to_month,fiber,bank_transfer,True,5,76.99,621.42,0,1
CUS001041,39,month_to_month,none,mailed_check,True,2,37.58,1487.45,1,0
CUS001042,12,two_year,fiber,electronic_check,False,3,60.82,747.46,2,1
CUS001043,10,two_year,none,credit_card,True,6,56.84,576.92,1,0
CUS001044,59,month_to_month,dsl,mailed_check,True,4,48.39,2747.92,0,0
CUS001045,21,month_to_month,dsl,bank_transfer,True,5,59.02,1247.14,2,0
CUS001046,3,month_to_month,dsl,mailed_check,True,5,65.11,201.04,0,0
CUS001047,21,two_year,fiber,credit_card,True,6,70.19,1463.51,1,0
CUS001048,26,two_year,fiber,mailed_check,True,1,56.48,1524.71,1,0
CUS001049,52,one_year,fiber,mailed_check,True,3,66.86,3449.71,0,0
CUS001050,48,two_year,none,bank_transfer,True,6,46.36,2266.76,0,0
CUS001051,59,month_to_month,dsl,bank_transfer,False,1,38.19,2319.12,2,0
CUS001052,23,month_to_month,fiber,mailed_check,False,4,62.6,1396.8,0,0
CUS001053,57,one_year,fiber,mailed_check,True,0,40.77,2401.32,0,0
CUS001054,55,month_to_month,none,bank_transfer,False,6,56.35,3146.08,2,0
CUS001055,44,one_year,dsl,bank_transfer,True,2,43.93,1812.54,0,0
CUS001056,25,month_to_month,dsl,credit_card,True,1,34.55,819.99,1,0
CUS001057,14,month_to_month,dsl,mailed_check,True,5,58.82,860.6,1,1
CUS001058,45,one_year,none,bank_transfer,True,5,42.33,1934.43,1,0
CUS001059,57,month_to_month,fiber,bank_transfer,False,1,54.49,2952.9,0,0
CUS001060,24,two_year,none,bank_transfer,False,2,26.51,664.9,0,0
CUS001061,24,month_to_month,none,bank_transfer,False,2,26.95,640.66,0,0
CUS001062,4,month_to_month,fiber,credit_card,True,0,51.61,210.49,1,1
CUS001063,27,month_to_month,fiber,bank_transfer,True,0,44.92,1128.82,1,0
CUS001064,59,two_year,dsl,bank_transfer,False,2,40.26,2350.43,2,0
CUS001065,29,month_to_month,none,mailed_check,False,3,43.62,1293.1,1,0
CUS001066,57,one_year,none,credit_card,True,1,13.68,773.62,0,0
CUS001067,66,one_year,dsl,bank_transfer,False,6,61.19,3867.7,1,0
CUS001068,41,month_to_month,dsl,bank_transfer,True,1,31.29,1322.11,1,0
CUS001069,5,one_year,fiber,credit_card,False,4,58.15,293.39,0,0
CUS001070,17,month_to_month,fiber,electronic_check,True,1,54.15,884.77,2,1
CUS001071,56,month_to_month,fiber,credit_card,False,5,69.62,3650.68,1,0
CUS001072,64,one_year,dsl,bank_transfer,False,0,42.82,2563.62,1,0
CUS001073,17,month_to_month,none,credit_card,False,4,47.57,766.52,2,0
CUS001074,25,month_to_month,fiber,electronic_check,False,2,56.93,1469.48,0,1
CUS001075,32,one_year,none,electronic_check,True,4,39.54,1313.91,3,0
CUS001076,58,one_year,dsl,electronic_check,True,5,58.06,3464.91,1,0
CUS001077,11,one_year,fiber,mailed_check,False,6,76.35,834.29,0,0
CUS001078,33,one_year,dsl,bank_transfer,False,2,40.3,1290.58,0,0
CUS001079,10,two_year,dsl,bank_transfer,False,1,36.17,352.3,1,0
CUS001080,14,month_to_month,fiber,credit_card,False,3,63.31,859.64,0,0
CUS001081,44,two_year,fiber,mailed_check,True,5,70.83,2902.03,1,0
CUS001082,51,month_to_month,fiber,bank_transfer,True,4,64.8,3361.39,1,0
CUS001083,45,month_to_month,fiber,mailed_check,False,2,49.82,2297.02,2,0
CUS001084,52,two_year,dsl,credit_card,False,5,59.47,2999.4,1,0
CUS001085,47,month_to_month,dsl,bank_transfer,False,6,65.33,3060.67,0,0
CUS001086,54,month_to_month,none,electronic_check,True,2,32.46,1660.14,1,0
CUS001087,16,two_year,none,electronic_check,True,0,24.15,372.42,0,0
CUS001088,11,two_year,none,credit_card,True,4,27.67,286.15,0,0
CUS001089,4,one_year,fiber,credit_card,False,3,60.66,230.47,2,0
CUS001090,1,two_year,dsl,bank_transfer,True,5,65.19,,3,0
CUS001091,72,one_year,dsl,bank_transfer,True,6,60.49,4238.62,0,0
CUS001092,63,one_year,dsl,mailed_check,False,3,54.49,3371.68,1,0
CUS001093,72,one_year,fiber,mailed_check,True,3,60.86,4310.0,2,0
CUS001094,31,one_year,dsl,electronic_check,True,3,48.22,1415.7,4,1
CUS001095,11,month_to_month,none,mailed_check,True,1,23.54,258.47,1,1
CUS001096,33,month_to_month,fiber,credit_card,True,3,65.16,2029.13,1,0
CUS001097,60,one_year,fiber,bank_transfer,True,0,45.29,2530.82,1,0
CUS001098,25,month_to_month,dsl,credit_card,True,4,49.2,1191.95,1,0
CUS001099,43,month_to_month,none,electronic_check,True,5,53.03,2371.65,0,0
CUS001100,14,one_year,fiber,electronic_check,True,4,70.39,1022.62,0,0
CUS001101,72,month_to_month,fiber,electronic_check,False,4,57.5,3959.24,1,0
CUS001102,63,month_to_month,none,mailed_check,True,3,37.76,2255.61,0,0
CUS001103,19,two_year,fiber,credit_card,True,4,70.57,1293.81,2,0
CUS001104,37,month_to_month,fiber,mailed_check,True,4,66.19,2318.86,1,0
CUS001105,13,one_year,none,credit_card,False,0,28.48,366.26,2,0
CUS001106,49,two_year,fiber,electronic_check,True,3,58.51,2922.7,1,1
CUS001107,13,two_year,fiber,electronic_check,True,0,49.4,619.34,0,0
CUS001108,53,two_year,fiber,mailed_check,True,6,83.51,4622.52,1,0
CUS001109,24,two_year,fiber,electronic_check,True,6,75.4,1717.95,1,0
CUS001110,16,two_year,dsl,bank_transfer,True,4,48.21,788.72,1,0
CUS001111,12,month_to_month,none,bank_transfer,False,5,43.79,541.44,1,0
CUS001112,71,month_to_month,fiber,mailed_check,True,1,53.97,4005.58,1,0
CUS001113,57,month_to_month,dsl,electronic_check,False,4,60.74,3336.11,0,0
CUS001114,33,month_to_month,fiber,credit_card,True,6,85.11,2844.81,1,1
CUS001115,38,month_to_month,fiber,mailed_check,True,5,67.01,2653.01,0,1
CUS001116,33,month_to_month,fiber,mailed_check,True,0,47.11,1474.66,0,0
CUS001117,31,month_to_month,dsl,bank_transfer,False,2,40.51,1306.09,0,0
CUS001118,57,two_year,dsl,electronic_check,False,1,31.54,1866.19,0,0
CUS001119,6,month_to_month,dsl,credit_card,True,0,30.4,189.98,0,1
CUS001120,70,month_to_month,fiber,electronic_check,True,1,57.76,3980.87,1,0
CUS001121,56,month_to_month,none,credit_card,True,1,32.7,1763.23,0,0
CUS001122,46,month_to_month,dsl,bank_transfer,True,2,44.35,2136.36,1,0
CUS001123,21,month_to_month,none,mailed_check,True,4,38.81,765.1,0,1
CUS001124,10,two_year,fiber,mailed_check,True,2,60.77,608.04,2,1
CUS001125,11,month_to_month,dsl,bank_transfer,True,2,41.86,455.79,1,0
CUS001126,66,two_year,fiber,bank_transfer,True,5,70.84,4894.03,0,0
CUS001127,43,month_to_month,fiber,bank_transfer,True,6,80.43,3366.35,2,0
CUS001128,29,two_year,none,electronic_check,False,5,49.31,1457.13,0,0
CUS001129,67,two_year,fiber,mailed_check,False,3,56.91,3779.8,0,0
CUS001130,28,month_to_month,none,bank_transfer,True,3,37.94,1080.1,0,0
CUS001131,69,one_year,dsl,mailed_check,True,2,44.71,2969.97,1,0
CUS001132,6,month_to_month,dsl,credit_card,True,0,38.95,236.39,0,0
CUS001133,33,month_to_month,none,mailed_check,True,6,51.87,1648.44,2,0
CUS001134,51,month_to_month,fiber,mailed_check,False,6,76.42,3735.54,0,1
CUS001135,50,month_to_month,none,electronic_check,False,3,41.47,2121.21,2,0
CUS001136,26,one_year,fiber,electronic_check,True,1,52.66,1292.24,1,0
CUS001137,43,month_to_month,fiber,mailed_check,True,0,46.71,2080.24,0,0
CUS001138,55,two_year,fiber,credit_card,True,0,43.69,2272.65,1,0
CUS001139,32,month_to_month,none,credit_card,False,2,37.96,1231.44,1,0
CUS001140,9,month_to_month,fiber,electronic_check,True,3,65.14,593.06,0,1
CUS001141,23,two_year,dsl,mailed_check,False,1,41.66,983.01,0,0
CUS001142,23,month_to_month,fiber,credit_card,False,5,69.96,1649.75,1,1
CUS001143,37,month_to_month,fiber,credit_card,False,4,63.35,2217.8,1,0
CUS001144,8,month_to_month,dsl,bank_transfer,True,6,55.39,464.67,0,0
CUS001145,58,month_to_month,dsl,electronic_check,True,3,42.35,2305.02,1,0
CUS001146,68,month_to_month,dsl,electronic_check,True,0,30.36,1973.48,1,0
CUS001147,54,month_to_month,fiber,bank_transfer,False,5,78.39,3966.82,0,0
CUS001148,72,one_year,fiber,bank_transfer,False,1,55.52,3972.13,1,0
CUS001149,20,two_year,none,mailed_check,True,3,37.25,707.7,0,0
CUS001150,21,one_year,none,bank_transfer,True,2,38.8,777.21,1,0
CUS001151,71,month_to_month,fiber,bank_transfer,True,2,56.73,4196.89,2,0
CUS001152,9,month_to_month,dsl,mailed_check,False,6,66.19,576.4,1,1
CUS001153,70,one_year,dsl,bank_transfer,True,0,28.07,1921.93,1,0
CUS001154,40,month_to_month,dsl,electronic_check,True,0,30.56,1180.91,1,0
CUS001155,26,month_to_month,dsl,electronic_check,True,5,64.99,1611.08,2,0
CUS001156,9,one_year,dsl,bank_transfer,False,6,55.67,468.18,0,0
CUS001157,14,month_to_month,fiber,electronic_check,True,6,72.45,1057.26,0,0
CUS001158,70,month_to_month,fiber,bank_transfer,False,2,58.23,4241.56,0,0
CUS001159,49,two_year,dsl,mailed_check,False,5,61.64,3026.89,2,0
CUS001160,27,month_to_month,fiber,bank_transfer,True,0,46.99,1238.86,0,1
CUS001161,2,one_year,dsl,bank_transfer,False,2,38.59,78.28,1,0
CUS001162,16,one_year,dsl,electronic_check,True,5,53.45,856.77,0,0
CUS001163,5,month_to_month,none,credit_card,True,0,22.07,114.56,0,0
CUS001164,27,month_to_month,dsl,mailed_check,True,3,45.74,1172.11,0,0
CUS001165,47,month_to_month,dsl,electronic_check,False,3,46.01,2144.69,1,0
CUS001166,59,one_year,dsl,bank_transfer,False,3,51.77,2937.74,1,0
CUS001167,29,month_to_month,fiber,bank_transfer,False,6,75.41,2210.67,2,1
CUS001168,62,two_year,fiber,credit_card,True,0,45.14,2721.32,0,0
CUS001169,4,month_to_month,none,bank_transfer,True,4,41.07,155.94,1,1
CUS001170,3,month_to_month,fiber,bank_transfer,True,5,65.83,189.33,1,0
CUS001171,59,month_to_month,dsl,electronic_check,False,3,44.59,2515.55,2,0
CUS001172,66,month_to_month,dsl,electronic_check,True,6,61.85,4224.14,0,0
CUS001173,30,month_to_month,fiber,credit_card,True,5,68.44,2091.81,1,0
CUS001174,3,month_to_month,dsl,credit_card,True,0,28.13,84.15,1,1
CUS001175,53,one_year,fiber,bank_transfer,True,4,62.2,3129.06,0,0
CUS001176,41,one_year,fiber,electronic_check,True,6,79.28,3268.05,2,0
CUS001177,33,one_year,fiber,electronic_check,True,0,59.26,2010.41,1,0
CUS001178,26,one_year,fiber,mailed_check,False,2,62.48,1604.19,0,0
CUS001179,49,month_to_month,dsl,bank_transfer,False,4,49.66,2467.79,3,0
CUS001180,29,month_to_month,fiber,credit_card,True,0,52.95,1505.9,1,0
CUS001181,60,month_to_month,dsl,mailed_check,True,1,35.71,2072.08,0,0
CUS001182,61,month_to_month,fiber,bank_transfer,False,2,60.6,3518.6,0,0
CUS001183,7,one_year,dsl,bank_transfer,True,1,39.74,281.03,0,0
CUS001184,58,month_to_month,none,bank_transfer,True,3,41.43,2319.98,1,0
CUS001185,70,month_to_month,fiber,electronic_check,True,2,56.82,3930.68,2,0
CUS001186,70,month_to_month,none,electronic_check,False,0,19.06,1386.92,0,0
CUS001187,21,one_year,dsl,electronic_check,True,2,49.31,1056.57,1,0
CUS001188,13,one_year,fiber,mailed_check,True,6,84.78,1052.75,2,1
CUS001189,54,month_to_month,dsl,electronic_check,True,4,51.7,2739.71,0,1
CUS001190,31,two_year,fiber,bank_transfer,False,5,70.62,2124.6,1,0
CUS001191,69,two_year,fiber,mailed_check,True,6,75.6,5270.72,0,0
CUS001192,52,month_to_month,dsl,credit_card,True,1,43.76,2152.99,0,0
CUS001193,52,month_to_month,fiber,credit_card,True,5,71.62,3495.21,0,0
CUS001194,37,month_to_month,fiber,electronic_check,False,0,47.49,1843.17,1,1
CUS001195,36,two_year,fiber,bank_transfer,False,0,44.33,1618.39,1,0
CUS001196,11,month_to_month,none,electronic_check,True,1,19.74,204.58,0,0
CUS001197,16,month_to_month,fiber,bank_transfer,True,6,65.09,1066.9,0,0
CUS001198,9,month_to_month,fiber,bank_transfer,False,1,50.68,440.99,0,0
CUS001199,70,two_year,fiber,electronic_check,False,6,70.8,4839.89,1,0
CUS001200,65,month_to_month,fiber,bank_transfer,True,6,75.04,4888.43,1,0
CUS001201,64,one_year,fiber,mailed_check,False,0,48.09,2887.78,0,0
CUS001202,6,month_to_month,fiber,credit_card,True,5,69.23,415.12,3,1
CUS001203,40,one_year,dsl,electronic_check,True,0,29.53,1225.36,0,0
CUS001204,11,month_to_month,fiber,mailed_check,False,2,57.01,600.8,0,1
CUS001205,52,month_to_month,dsl,credit_card,False,0,39.11,1995.93,0,0
CUS001206,36,two_year,fiber,credit_card,False,1,47.64,1749.57,1,0
CUS001207,8,two_year,dsl,bank_transfer,False,6,67.45,505.17,1,0
CUS001208,23,month_to_month,dsl,electronic_check,True,2,36.65,815.08,1,0
CUS001209,21,month_to_month,fiber,bank_transfer,False,6,74.24,1576.16,0,0
CUS001210,1,one_year,fiber,bank_transfer,True,3,68.42,,0,0
CUS001211,19,month_to_month,fiber,credit_card,False,3,60.34,1153.33,0,0
CUS001212,22,one_year,dsl,electronic_check,True,5,62.91,1430.76,1,1
CUS001213,65,one_year,dsl,mailed_check,True,5,53.44,3500.63,0,0
CUS001214,58,one_year,none,mailed_check,True,5,55.03,3342.62,1,0
CUS001215,4,two_year,fiber,electronic_check,False,6,79.2,315.04,1,0
CUS001216,12,one_year,none,electronic_check,True,4,50.42,616.62,1,0
CUS001217,72,one_year,fiber,bank_transfer,True,5,64.79,4427.89,0,0
CUS001218,14,two_year,fiber,electronic_check,True,3,65.53,952.74,2,0
CUS001219,54,month_to_month,none,mailed_check,False,0,22.36,1184.08,1,0
CUS001220,18,one_year,fiber,electronic_check,True,5,68.1,1218.41,0,0
CUS001221,55,two_year,fiber,credit_card,False,4,69.72,3996.1,1,0
CUS001222,48,month_to_month,dsl,electronic_check,False,5,58.34,2677.88,0,0
CUS001223,30,month_to_month,dsl,credit_card,False,4,48.85,1432.48,1,0
CUS001224,42,month_to_month,fiber,credit_card,False,6,77.23,3099.23,0,1
CUS001225,64,month_to_month,dsl,mailed_check,True,3,43.26,2634.7,0,0
CUS001226,50,two_year,dsl,mailed_check,False,0,26.54,1366.24,0,0
CUS001227,35,one_year,dsl,mailed_check,True,3,44.24,1604.32,3,0
CUS001228,70,two_year,dsl,bank_transfer,True,6,74.89,5411.07,1,0
CUS001229,14,month_to_month,fiber,electronic_check,True,0,59.58,856.09,1,1
CUS001230,10,month_to_month,dsl,mailed_check,False,5,63.09,596.83,1,0
CUS001231,64,month_to_month,none,electronic_check,True,2,33.28,2021.21,1,0
CUS001232,30,month_to_month,dsl,mailed_check,True,6,63.76,1803.76,1,0
CUS001233,21,month_to_month,fiber,electronic_check,True,0,52.56,1155.4,2,1
CUS001234,30,one_year,fiber,bank_transfer,True,6,73.56,2255.58,0,0
CUS001235,6,one_year,dsl,mailed_check,False,1,36.06,223.2,1,0
CUS001236,19,month_to_month,dsl,mailed_check,True,6,71.58,1377.55,3,0
CUS001237,27,month_to_month,none,electronic_check,True,1,26.9,724.89,1,1
CUS001238,4,one_year,none,credit_card,True,6,48.43,189.0,1,0
CUS001239,15,month_to_month,none,mailed_check,True,3,35.15,520.68,0,0
CUS001240,67,month_to_month,dsl,bank_transfer,True,6,63.82,4423.5,0,0
CUS001241,39,month_to_month,none,electronic_check,False,3,46.34,1817.5,0,0
CUS001242,11,month_to_month,fiber,mailed_check,True,0,49.94,559.88,2,0
CUS001243,50,month_to_month,dsl,credit_card,True,0,25.56,1213.14,1,0
CUS001244,35,one_year,dsl,electronic_check,False,4,56.34,2037.63,1,0
CUS001245,48,month_to_month,fiber,electronic_check,False,6,84.5,3865.03,0,0
CUS001246,71,month_to_month,fiber,credit_card,False,1,52.65,3772.41,0,0
CUS001247,52,two_year,dsl,credit_card,True,2,40.22,1962.58,1,0
CUS001248,25,month_to_month,dsl,electronic_check,True,4,52.53,1240.43,0,0
CUS001249,69,one_year,fiber,bank_transfer,True,1,54.23,3524.34,1,0
CUS001250,14,month_to_month,fiber,bank_transfer,False,2,58.81,806.39,0,1
CUS001251,34,one_year,fiber,electronic_check,False,4,66.51,2166.15,1,1
CUS001252,53,one_year,dsl,bank_transfer,True,5,57.76,2851.49,1,0
CUS001253,6,two_year,fiber,electronic_check,True,5,64.65,381.72,4,0
CUS001254,65,month_to_month,dsl,credit_card,False,6,68.95,4520.55,0,0
CUS001255,34,month_to_month,fiber,mailed_check,False,5,71.31,2444.76,0,0
CUS001256,11,month_to_month,dsl,credit_card,True,3,47.28,514.47,0,0
CUS001257,37,month_to_month,dsl,bank_transfer,False,1,35.83,1243.48,0,0
CUS001258,41,month_to_month,none,electronic_check,True,2,26.79,1101.27,0,0
CUS001259,43,month_to_month,dsl,electronic_check,True,2,40.31,1707.07,2,0
CUS001260,50,one_year,none,bank_transfer,True,4,43.79,2268.67,0,0
CUS001261,26,one_year,dsl,electronic_check,True,1,36.83,946.69,0,0
CUS001262,61,one_year,fiber,electronic_check,False,5,69.91,4045.04,0,0
CUS001263,58,one_year,dsl,credit_card,True,2,46.96,2783.47,0,0
CUS001264,24,month_to_month,fiber,mailed_check,True,5,71.95,1754.76,1,0
CUS001265,8,month_to_month,fiber,mailed_check,False,3,66.13,510.55,0,0
CUS001266,46,month_to_month,fiber,bank_transfer,False,6,80.78,3750.38,1,1
CUS001267,28,month_to_month,none,credit_card,True,2,31.24,832.1,1,0
CUS001268,22,two_year,dsl,mailed_check,True,0,35.88,786.04,2,0
CUS001269,35,month_to_month,dsl,mailed_check,True,2,47.4,1707.31,0,0
CUS001270,39,two_year,fiber,electronic_check,True,2,57.32,2343.43,1,0
CUS001271,3,one_year,dsl,electronic_check,True,4,56.27,165.63,0,0
CUS001272,47,month_to_month,fiber,electronic_check,False,1,43.5,2146.02,0,1
CUS001273,70,two_year,dsl,electronic_check,True,4,58.48,3943.13,2,0
CUS001274,4,two_year,dsl,mailed_check,True,3,50.53,195.45,0,0
CUS001275,60,month_to_month,none,electronic_check,False,2,31.35,1755.4,1,0
CUS001276,43,month_to_month,fiber,bank_transfer,False,1,47.78,2093.05,0,0
CUS001277,6,two_year,fiber,electronic_check,True,5,75.7,427.94,0,0
CUS001278,4,month_to_month,dsl,electronic_check,False,4,50.78,199.37,0,1
CUS001279,12,month_to_month,fiber,mailed_check,True,2,57.66,687.97,0,1
CUS001280,67,month_to_month,fiber,bank_transfer,False,5,69.89,4721.79,0,0
CUS001281,60,month_to_month,fiber,bank_transfer,True,0,49.51,2956.37,0,0
CUS001282,53,two_year,dsl,electronic_check,True,1,42.25,2267.34,2,0
CUS001283,44,two_year,dsl,credit_card,False,3,57.36,2498.89,0,0
CUS001284,28,one_year,dsl,electronic_check,False,1,34.17,928.52,1,0
CUS001285,67,month_to_month,dsl,electronic_check,False,3,54.0,3492.05,2,0
CUS001286,37,month_to_month,dsl,electronic_check,False,1,33.73,1225.22,0,0
CUS001287,16,month_to_month,fiber,mailed_check,False,3,60.47,1002.63,0,1
CUS001288,35,two_year,fiber,electronic_check,True,0,48.21,1687.2,1,0
CUS001289,66,two_year,fiber,mailed_check,True,0,39.48,2636.28,1,0
CUS001290,40,month_to_month,dsl,electronic_check,True,4,58.65,2312.25,0,0
CUS001291,48,month_to_month,dsl,electronic_check,True,3,47.17,2216.06,0,0
CUS001292,49,month_to_month,none,mailed_check,True,2,29.98,1428.04,1,0
CUS001293,1,one_year,dsl,electronic_check,True,1,34.19,,3,0
CUS001294,37,month_to_month,fiber,credit_card,True,5,80.09,2916.81,0,0
CUS001295,35,month_to_month,fiber,bank_transfer,False,0,40.74,1389.2,0,0
CUS001296,36,two_year,none,electronic_check,True,0,16.34,582.85,0,0
CUS001297,57,month_to_month,fiber,bank_transfer,True,1,53.82,2968.79,0,0
CUS001298,20,one_year,dsl,credit_card,False,2,34.33,702.29,3,0
CUS001299,46,month_to_month,fiber,bank_transfer,False,6,79.79,3500.19,1,0
CUS001300,15,month_to_month,fiber,bank_transfer,False,6,83.34,1312.43,0,0
CUS001301,4,month_to_month,dsl,mailed_check,True,6,57.02,235.54,0,1
CUS001302,65,month_to_month,fiber,bank_transfer,True,2,54.84,3444.97,0,0
CUS001303,23,one_year,fiber,electronic_check,False,4,62.01,1371.05,1,0
CUS001304,66,two_year,fiber,electronic_check,True,1,57.46,3915.82,1,0
CUS001305,22,month_to_month,dsl,electronic_check,False,2,39.55,814.99,3,1
CUS001306,20,month_to_month,dsl,electronic_check,False,5,56.43,1102.6,0,0
CUS001307,51,month_to_month,dsl,credit_card,True,5,52.33,2710.69,1,0
CUS001308,58,month_to_month,fiber,mailed_check,False,3,68.48,3822.92,0,0
CUS001309,29,month_to_month,dsl,mailed_check,True,0,34.98,1016.51,0,0
CUS001310,70,month_to_month,dsl,electronic_check,True,4,51.48,3554.01,3,0
CUS001311,26,one_year,dsl,bank_transfer,True,3,48.11,1248.5,0,0
CUS001312,41,month_to_month,fiber,bank_transfer,False,6,67.51,2855.04,0,0
CUS001313,32,one_year,dsl,electronic_check,True,4,48.76,1464.99,0,0
CUS001314,32,month_to_month,none,bank_transfer,False,3,29.25,932.88,0,0
CUS001315,36,month_to_month,dsl,electronic_check,True,2,50.77,1853.47,1,0
CUS001316,62,one_year,dsl,mailed_check,False,3,42.18,2651.7,3,0
CUS001317,27,one_year,dsl,electronic_check,False,2,45.05,1177.57,0,0
CUS001318,38,two_year,fiber,mailed_check,False,2,50.96,2012.01,2,0
CUS001319,24,month_to_month,fiber,bank_transfer,False,0,53.95,1223.99,1,1
CUS001320,70,one_year,fiber,bank_transfer,True,1,54.69,4013.42,1,0
CUS001321,45,two_year,fiber,mailed_check,False,3,67.82,2965.15,0,0
CUS001322,18,month_to_month,none,credit_card,True,4,45.46,833.76,1,0
CUS001323,59,month_to_month,fiber,credit_card,False,3,62.0,3500.79,2,1
CUS001324,25,month_to_month,none,mailed_check,True,5,43.94,1130.01,0,0
CUS001325,54,month_to_month,fiber,electronic_check,True,6,83.0,4401.26,0,0
CUS001326,71,month_to_month,fiber,electronic_check,True,0,42.29,3136.0,1,1
CUS001327,41,month_to_month,none,mailed_check,False,1,29.34,1148.91,0,0
CUS001328,1,month_to_month,fiber,bank_transfer,True,6,69.8,,2,0
CUS001329,5,one_year,none,electronic_check,False,1,22.27,109.88,1,1
CUS001330,12,two_year,dsl,bank_transfer,False,1,31.89,367.85,1,0
CUS001331,68,one_year,fiber,mailed_check,False,2,51.99,3364.59,2,0
CUS001332,48,month_to_month,none,electronic_check,False,4,34.26,1543.23,1,0
CUS001333,17,month_to_month,dsl,bank_transfer,True,2,36.32,608.82,1,0
CUS001334,61,month_to_month,fiber,bank_transfer,False,2,52.73,3290.2,0,0
CUS001335,28,two_year,none,credit_card,True,2,31.49,878.33,0,0
CUS001336,54,month_to_month,dsl,credit_card,False,6,59.35,3260.72,1,0
CUS001337,50,two_year,fiber,electronic_check,True,0,45.37,2346.17,1,0
CUS001338,3,one_year,fiber,mailed_check,True,1,51.8,161.44,2,0
CUS001339,24,month_to_month,fiber,bank_transfer,False,1,51.24,1281.98,0,0
CUS001340,49,one_year,dsl,electronic_check,False,4,53.62,2550.7,0,0
CUS001341,59,month_to_month,none,credit_card,True,4,44.37,2707.4,1,0
CUS001342,43,month_to_month,dsl,mailed_check,True,4,55.15,2295.39,0,0
CUS001343,63,one_year,fiber,electronic_check,True,0,47.9,3046.78,0,0
CUS001344,45,month_to_month,dsl,electronic_check,False,2,43.14,1911.39,1,0
CUS001345,28,one_year,fiber,credit_card,False,0,50.8,1367.84,0,0
CUS001346,25,two_year,fiber,electronic_check,True,6,84.26,2032.4,0,0
CUS001347,44,month_to_month,dsl,bank_transfer,True,1,44.87,2010.44,0,0
CUS001348,61,one_year,dsl,mailed_check,False,6,69.63,4090.85,1,0
CUS001349,1,two_year,dsl,credit_card,True,5,52.96,,0,0
CUS001350,39,month_to_month,dsl,credit_card,True,4,54.66,2205.87,2,0
CUS001351,1,month_to_month,fiber,bank_transfer,True,4,73.49,,0,1
CUS001352,21,month_to_month,fiber,bank_transfer,True,6,84.98,1757.6,0,1
CUS001353,71,month_to_month,fiber,credit_card,False,6,75.14,5315.67,0,0
CUS001354,40,month_to_month,dsl,electronic_check,True,3,51.54,1957.09,0,0
CUS001355,69,month_to_month,fiber,credit_card,True,2,53.11,3632.06,4,1
CUS001356,35,month_to_month,none,electronic_check,True,0,14.91,544.89,1,0
CUS001357,58,month_to_month,fiber,credit_card,False,0,48.73,2954.35,0,0
CUS001358,20,month_to_month,dsl,credit_card,True,0,39.56,753.34,1,0
CUS001359,43,month_to_month,fiber,credit_card,True,5,74.88,3190.58,1,0
CUS001360,52,one_year,fiber,electronic_check,False,3,58.45,3053.39,1,0
CUS001361,17,one_year,dsl,credit_card,False,6,53.63,882.56,0,0
CUS001362,7,month_to_month,none,credit_card,True,1,22.67,156.46,1,0
CUS001363,1,one_year,fiber,electronic_check,False,2,46.34,,1,0
CUS001364,17,one_year,fiber,credit_card,True,1,44.16,765.48,0,1
CUS001365,72,month_to_month,fiber,mailed_check,True,3,65.53,4855.19,2,0
CUS001366,56,month_to_month,dsl,bank_transfer,False,2,48.72,2641.66,2,0
CUS001367,44,two_year,dsl,electronic_check,False,4,60.78,2581.21,1,0
CUS001368,33,month_to_month,dsl,electronic_check,True,1,39.97,1301.72,2,0
CUS001369,27,month_to_month,fiber,electronic_check,False,6,84.47,2377.55,1,1
CUS001370,19,two_year,dsl,bank_transfer,True,2,39.5,728.1,0,0
CUS001371,25,one_year,none,bank_transfer,True,4,37.34,909.17,2,0
CUS001372,68,one_year,fiber,mailed_check,False,5,71.16,4828.11,0,0
CUS001373,67,one_year,fiber,mailed_check,True,1,54.39,3766.15,1,0
CUS001374,53,month_to_month,fiber,electronic_check,True,0,44.18,2267.7,1,0
CUS001375,8,two_year,fiber,credit_card,True,2,62.7,513.2,0,0
CUS001376,65,one_year,none,credit_card,True,5,49.24,3026.54,3,0
CUS001377,34,month_to_month,dsl,electronic_check,True,4,45.8,1570.65,1,0
CUS001378,36,one_year,none,bank_transfer,False,5,49.96,1705.49,0,0
CUS001379,39,month_to_month,none,bank_transfer,True,2,24.33,984.91,2,0
CUS001380,29,month_to_month,dsl,electronic_check,True,6,67.04,2032.19,0,0
CUS001381,13,month_to_month,fiber,bank_transfer,False,2,62.05,750.96,0,0
CUS001382,35,month_to_month,none,electronic_check,True,2,31.96,1130.23,0,0
CUS001383,60,month_to_month,none,credit_card,True,6,56.69,3293.49,0,0
CUS001384,20,one_year,fiber,credit_card,True,3,63.98,1250.37,3,0
CUS001385,19,month_to_month,none,electronic_check,False,3,36.78,668.17,0,0
CUS001386,31,one_year,dsl,electronic_check,False,2,44.48,1377.38,0,0
CUS001387,41,two_year,none,bank_transfer,False,4,44.57,1910.97,1,0
CUS001388,53,month_to_month,dsl,bank_transfer,True,5,52.76,2876.25,1,0
CUS001389,12,month_to_month,dsl,electronic_check,True,5,52.45,631.99,1,0
CUS001390,60,two_year,fiber,bank_transfer,False,2,55.58,3431.21,0,0
CUS001391,52,two_year,fiber,credit_card,True,4,66.87,3472.26,0,0
CUS001392,55,month_to_month,none,bank_transfer,True,0,29.94,1619.59,0,0
CUS001393,9,two_year,dsl,electronic_check,False,2,41.71,385.91,1,0
CUS001394,31,month_to_month,fiber,credit_card,True,5,75.49,2232.78,3,1
CUS001395,9,month_to_month,fiber,bank_transfer,False,5,71.34,658.9,0,1
CUS001396,18,month_to_month,dsl,electronic_check,False,5,60.94,1147.35,1,1
CUS001397,39,month_to_month,fiber,bank_transfer,False,6,79.86,3016.42,2,0
CUS001398,32,two_year,dsl,bank_transfer,True,1,32.55,1049.81,1,0
CUS001399,52,one_year,none,credit_card,False,1,22.99,1163.52,0,0
CUS001400,2,two_year,dsl,mailed_check,True,6,62.45,128.87,2,0
CUS001401,14,month_to_month,fiber,credit_card,True,5,72.81,996.18,0,1
CUS001402,69,one_year,dsl,credit_card,False,3,49.87,3523.38,0,0
CUS001403,4,month_to_month,dsl,electronic_check,False,4,52.94,201.88,2,0
CUS001404,37,two_year,none,bank_transfer,True,6,44.54,1632.0,0,0
CUS001405,22,month_to_month,none,bank_transfer,False,4,33.48,742.76,0,0
CUS001406,52,month_to_month,fiber,credit_card,True,4,63.58,3368.84,2,0
CUS001407,70,two_year,fiber,bank_transfer,True,5,65.07,4691.7,0,0
CUS001408,54,one_year,fiber,bank_transfer,True,4,65.47,3516.66,0,0
CUS001409,26,month_to_month,dsl,bank_transfer,True,3,42.6,1030.89,0,0
CUS001410,9,two_year,dsl,electronic_check,True,5,55.3,508.13,0,0
CUS001411,9,month_to_month,fiber,bank_transfer,False,5,71.89,629.23,0,1
CUS001412,40,two_year,dsl,electronic_check,True,3,55.99,2145.67,1,0
CUS001413,34,one_year,dsl,mailed_check,True,1,48.36,1630.82,2,0
CUS001414,5,two_year,fiber,electronic_check,True,6,75.51,363.35,1,1
CUS001415,31,month_to_month,dsl,electronic_check,False,6,54.51,1580.99,0,0
CUS001416,29,two_year,fiber,mailed_check,False,0,47.01,1296.68,1,0
CUS001417,68,two_year,fiber,bank_transfer,True,2,51.35,3447.66,0,0
CUS001418,42,one_year,none,credit_card,False,6,49.29,2078.77,1,0
CUS001419,49,month_to_month,dsl,mailed_check,False,2,46.3,2259.9,0,0
CUS001420,13,month_to_month,dsl,credit_card,False,1,36.79,450.17,1,0
CUS001421,24,one_year,dsl,credit_card,False,0,34.25,845.83,1,0
CUS001422,61,month_to_month,fiber,electronic_check,False,2,51.54,3134.49,0,0
CUS001423,69,month_to_month,fiber,mailed_check,False,3,60.15,4075.54,0,0
CUS001424,41,month_to_month,dsl,electronic_check,True,0,31.27,1332.67,2,0
CUS001425,10,month_to_month,dsl,mailed_check,False,6,60.01,559.49,0,0
CUS001426,41,month_to_month,fiber,credit_card,True,1,57.38,2278.92,1,1
CUS001427,42,month_to_month,fiber,electronic_check,True,6,74.78,3223.22,1,1
CUS001428,48,one_year,none,credit_card,False,6,51.48,2438.85,1,0
CUS001429,67,one_year,fiber,electronic_check,False,5,75.14,4822.4,0,0
CUS001430,67,one_year,dsl,mailed_check,True,2,42.04,2917.54,0,0
CUS001431,56,one_year,dsl,electronic_check,False,3,42.58,2230.65,0,0
CUS001432,44,one_year,dsl,bank_transfer,False,2,39.71,1822.47,0,0
CUS001433,16,month_to_month,none,electronic_check,False,4,41.18,626.73,0,0
CUS001434,35,one_year,fiber,mailed_check,True,4,64.07,2309.77,2,0
CUS001435,27,two_year,fiber,electronic_check,False,1,45.1,1247.65,0,0
CUS001436,5,two_year,dsl,credit_card,False,6,53.63,252.85,0,0
CUS001437,5,one_year,none,bank_transfer,True,5,52.4,263.16,0,0
CUS001438,64,one_year,fiber,electronic_check,False,5,73.01,4788.04,4,0
CUS001439,67,two_year,dsl,bank_transfer,False,3,48.31,3207.51,1,0
CUS001440,40,month_to_month,none,credit_card,True,5,44.64,1719.5,1,0
CUS001441,69,month_to_month,fiber,bank_transfer,True,4,61.34,3960.45,1,0
CUS001442,41,month_to_month,dsl,bank_transfer,True,5,51.5,2081.85,1,1
CUS001443,42,month_to_month,dsl,electronic_check,True,5,62.98,2774.75,1,1
CUS001444,24,two_year,fiber,electronic_check,True,5,79.57,1948.54,1,0
CUS001445,48,month_to_month,dsl,electronic_check,True,4,47.51,2339.08,1,0
CUS001446,58,month_to_month,dsl,electronic_check,True,0,35.96,2018.34,0,0
CUS001447,22,month_to_month,dsl,bank_transfer,False,1,37.45,794.06,0,0
CUS001448,61,month_to_month,fiber,electronic_check,False,2,57.27,3539.37,1,0
CUS001449,25,month_to_month,none,bank_transfer,True,6,52.06,1334.01,0,0
CUS001450,38,one_year,none,mailed_check,True,2,30.99,1112.88,0,0
CUS001451,39,month_to_month,fiber,electronic_check,False,2,61.04,2408.26,2,0
CUS001452,14,two_year,fiber,bank_transfer,False,0,35.35,505.75,2,0
CUS001453,10,month_to_month,fiber,bank_transfer,True,2,52.27,492.83,2,1
CUS001454,7,month_to_month,fiber,mailed_check,True,6,78.31,544.28,1,1
CUS001455,33,one_year,dsl,electronic_check,True,5,59.93,1887.92,0,0
CUS001456,21,month_to_month,none,bank_transfer,False,0,28.69,561.64,3,0
CUS001457,65,two_year,none,bank_transfer,False,6,41.39,2558.78,1,0
CUS001458,70,month_to_month,dsl,bank_transfer,False,1,37.83,2640.2,1,0
CUS001459,63,two_year,dsl,credit_card,True,6,61.4,4002.14,0,0
CUS001460,68,month_to_month,fiber,electronic_check,False,1,54.0,3690.58,2,0
CUS001461,68,month_to_month,fiber,mailed_check,True,4,63.59,4471.14,2,0
CUS001462,63,one_year,dsl,credit_card,True,0,42.65,2563.37,0,0
CUS001463,6,month_to_month,fiber,electronic_check,True,0,46.64,261.16,2,1
CUS001464,13,month_to_month,fiber,mailed_check,False,1,47.89,603.94,0,1
CUS001465,1,month_to_month,none,credit_card,False,4,38.47,,0,0
CUS001466,41,month_to_month,dsl,electronic_check,False,3,49.88,1968.48,1,0
CUS001467,33,month_to_month,fiber,credit_card,True,1,50.98,1763.53,0,0
CUS001468,3,one_year,dsl,electronic_check,False,4,53.17,160.31,0,1
CUS001469,27,one_year,none,electronic_check,True,0,15.19,399.12,1,0
CUS001470,42,one_year,fiber,electronic_check,True,6,71.27,2970.64,0,0
CUS001471,12,month_to_month,fiber,mailed_check,False,5,65.66,807.02,0,1
CUS001472,53,month_to_month,none,credit_card,False,2,30.1,1625.4,0,0
CUS001473,22,month_to_month,dsl,electronic_check,False,5,56.52,1276.45,1,0
CUS001474,45,two_year,fiber,bank_transfer,True,4,69.92,3292.24,2,0
CUS001475,9,month_to_month,none,credit_card,False,1,26.33,234.09,0,0
CUS001476,10,month_to_month,none,bank_transfer,False,4,46.99,453.32,0,0
CUS001477,71,month_to_month,dsl,mailed_check,True,3,50.51,3633.31,3,0
CUS001478,35,month_to_month,fiber,bank_transfer,True,6,76.92,2532.42,2,1
CUS001479,7,month_to_month,dsl,electronic_check,True,6,66.96,481.01,0,1
CUS001480,19,month_to_month,none,electronic_check,False,1,22.26,408.99,0,0
CUS001481,65,one_year,none,electronic_check,True,6,49.0,3055.24,0,0
CUS001482,30,two_year,fiber,bank_transfer,True,3,58.11,1761.21,0,0
CUS001483,22,month_to_month,dsl,mailed_check,True,6,61.67,1270.28,0,0
CUS001484,44,month_to_month,fiber,bank_transfer,True,3,65.19,2911.13,1,0
CUS001485,2,one_year,dsl,bank_transfer,True,1,37.13,73.23,0,0
CUS001486,22,month_to_month,fiber,electronic_check,False,1,47.49,987.44,2,1
CUS001487,59,month_to_month,fiber,bank_transfer,False,5,73.14,4143.4,2,0
CUS001488,49,one_year,dsl,bank_transfer,True,2,48.91,2327.35,0,0
CUS001489,54,two_year,dsl,mailed_check,True,5,59.38,3133.37,1,0
CUS001490,67,two_year,none,mailed_check,True,1,19.12,1289.42,1,0
CUS001491,63,month_to_month,fiber,bank_transfer,True,4,64.49,3828.64,0,0
CUS001492,52,month_to_month,fiber,bank_transfer,True,2,64.02,3399.51,1,0
CUS001493,29,one_year,fiber,bank_transfer,True,5,78.55,2126.73,0,0
CUS001494,33,month_to_month,none,credit_card,True,5,42.12,1337.57,1,0
CUS001495,13,two_year,dsl,electronic_check,True,4,53.85,710.08,1,0
CUS001496,54,month_to_month,none,credit_card,True,5,47.39,2452.82,0,0
CUS001497,67,month_to_month,none,electronic_check,True,4,34.28,2356.19,1,0
CUS001498,66,month_to_month,fiber,bank_transfer,True,2,50.97,3166.59,1,0
CUS001499,60,one_year,dsl,electronic_check,True,2,39.3,2201.79,0,0
CUS001500,28,one_year,fiber,mailed_check,True,6,70.19,1842.17,0,0
CUS001501,29,month_to_month,none,mailed_check,True,0,22.68,682.49,0,0
CUS001502,66,one_year,dsl,bank_transfer,False,2,44.31,2815.79,0,0
CUS001503,61,month_to_month,none,credit_card,True,6,52.17,3029.13,0,0
CUS001504,27,two_year,dsl,electronic_check,False,3,45.68,1211.73,1,0
CUS001505,13,month_to_month,none,bank_transfer,True,5,44.43,549.34,2,0
CUS001506,9,month_to_month,fiber,credit_card,False,5,76.9,721.51,1,1
CUS001507,15,month_to_month,fiber,electronic_check,True,4,63.84,996.06,0,1
CUS001508,30,month_to_month,dsl,electronic_check,False,6,61.34,1917.19,3,1
CUS001509,32,month_to_month,dsl,bank_transfer,False,1,45.92,1501.36,0,0
CUS001510,4,one_year,fiber,electronic_check,False,2,50.15,196.1,0,0
CUS001511,70,month_to_month,dsl,credit_card,True,0,30.85,2105.67,0,0
CUS001512,8,one_year,dsl,mailed_check,True,1,34.13,273.83,2,0
CUS001513,66,month_to_month,none,electronic_check,True,6,57.92,3673.94,0,0
CUS001514,4,two_year,fiber,electronic_check,False,3,66.64,250.75,0,0
CUS001515,32,month_to_month,fiber,bank_transfer,False,2,64.88,2135.84,1,1
CUS001516,72,month_to_month,dsl,mailed_check,False,0,34.6,2325.64,2,0
CUS001517,70,month_to_month,dsl,credit_card,False,4,54.06,3768.7,0,0
CUS001518,54,two_year,fiber,bank_transfer,False,5,72.21,3781.45,0,0
CUS001519,29,month_to_month,fiber,electronic_check,False,2,58.22,1599.92,1,0
CUS001520,41,month_to_month,dsl,electronic_check,True,5,54.18,2280.98,2,0
CUS001521,34,month_to_month,dsl,electronic_check,False,0,30.67,1074.36,3,1
CUS001522,47,month_to_month,fiber,electronic_check,True,4,71.88,3410.28,0,1
CUS001523,25,month_to_month,none,electronic_check,False,0,24.49,612.67,2,0
CUS001524,28,month_to_month,fiber,bank_transfer,True,2,52.84,1455.28,2,0
CUS001525,19,two_year,none,bank_transfer,True,5,45.25,884.16,1,0
CUS001526,17,one_year,fiber,credit_card,True,6,84.51,1384.92,1,0
CUS001527,51,two_year,dsl,electronic_check,False,6,59.95,2946.71,1,0
CUS001528,65,two_year,fiber,bank_transfer,False,1,47.95,3084.02,3,0
CUS001529,54,one_year,fiber,bank_transfer,True,2,52.33,2703.39,2,0
CUS001530,22,month_to_month,none,mailed_check,True,0,14.68,307.17,1,0
CUS001531,22,one_year,fiber,electronic_check,True,1,50.48,1159.18,1,0
CUS001532,57,month_to_month,none,electronic_check,True,5,48.7,2663.56,1,0
CUS001533,67,two_year,fiber,electronic_check,False,3,57.4,3604.07,3,0
CUS001534,22,one_year,fiber,credit_card,True,2,53.89,1178.73,1,1
CUS001535,18,month_to_month,fiber,electronic_check,False,2,55.71,1018.05,2,1
CUS001536,63,two_year,fiber,electronic_check,True,5,76.59,4994.4,1,0
CUS001537,22,month_to_month,none,credit_card,True,3,27.63,585.62,0,0
CUS001538,67,month_to_month,fiber,credit_card,False,5,64.44,4342.71,0,0
CUS001539,30,month_to_month,dsl,electronic_check,False,3,45.95,1442.86,0,0
CUS001540,10,one_year,fiber,mailed_check,True,5,71.5,679.08,0,0
CUS001541,29,month_to_month,dsl,electronic_check,True,3,48.95,1355.48,0,1
CUS001542,56,month_to_month,fiber,credit_card,True,6,75.62,3946.28,2,0
CUS001543,39,month_to_month,dsl,mailed_check,True,5,60.45,2338.33,1,0
CUS001544,69,month_to_month,fiber,mailed_check,False,0,45.26,3248.81,0,0
CUS001545,40,two_year,dsl,credit_card,False,3,53.76,2074.37,0,0
CUS001546,54,one_year,dsl,mailed_check,False,6,51.19,2676.33,1,0
CUS001547,53,two_year,fiber,credit_card,False,2,57.98,3108.5,0,0
CUS001548,40,one_year,fiber,electronic_check,True,5,70.27,2868.4,1,0
CUS001549,6,month_to_month,dsl,electronic_check,False,3,47.0,288.56,0,0
CUS001550,49,month_to_month,none,mailed_check,True,2,24.7,1160.43,0,0
CUS001551,7,month_to_month,fiber,bank_transfer,False,4,68.78,471.09,0,0
CUS001552,22,one_year,fiber,credit_card,True,5,64.75,1429.32,0,0
CUS001553,53,two_year,fiber,mailed_check,False,1,52.27,2632.46,3,0
CUS001554,42,month_to_month,dsl,electronic_check,True,2,36.65,1514.09,2,0
CUS001555,54,two_year,dsl,electronic_check,True,1,36.58,1982.76,2,0
CUS001556,52,month_to_month,none,electronic_check,False,4,47.62,2441.39,0,0
CUS001557,67,month_to_month,fiber,credit_card,True,1,55.17,3789.33,1,0
CUS001558,48,month_to_month,fiber,credit_card,True,3,62.62,2897.49,1,0
CUS001559,71,two_year,dsl,electronic_check,False,2,44.47,3198.06,0,0
CUS001560,57,month_to_month,dsl,mailed_check,True,1,44.94,2670.18,0,0
CUS001561,31,one_year,fiber,electronic_check,False,2,62.35,1979.65,1,1
CUS001562,20,month_to_month,dsl,credit_card,False,5,54.82,1023.9,0,0
CUS001563,30,month_to_month,fiber,bank_transfer,False,5,67.04,1879.09,1,1
CUS001564,69,month_to_month,none,mailed_check,True,5,47.54,3437.58,0,0
CUS001565,57,month_to_month,fiber,electronic_check,False,5,77.8,4587.31,0,0
CUS001566,67,month_to_month,fiber,mailed_check,True,6,78.82,5247.25,0,0
CUS001567,40,month_to_month,fiber,mailed_check,True,4,73.78,2913.4,0,1
CUS001568,49,month_to_month,dsl,electronic_check,True,3,46.89,2138.83,0,0
CUS001569,72,two_year,dsl,mailed_check,False,4,51.34,3627.69,1,0
CUS001570,67,two_year,dsl,electronic_check,True,6,59.73,3936.37,0,0
CUS001571,61,one_year,none,electronic_check,False,1,24.92,1468.6,1,0
CUS001572,42,month_to_month,fiber,electronic_check,True,6,73.8,2983.52,0,0
CUS001573,46,month_to_month,fiber,mailed_check,True,1,53.74,2516.6,1,0
CUS001574,53,one_year,none,bank_transfer,True,0,25.0,1355.58,0,0
CUS001575,32,two_year,fiber,bank_transfer,True,4,74.43,2433.04,0,0
CUS001576,51,month_to_month,fiber,bank_transfer,True,2,61.05,3102.17,0,0
CUS001577,28,month_to_month,fiber,bank_transfer,False,3,59.72,1667.77,2,0
CUS001578,27,one_year,fiber,electronic_check,True,6,69.56,1779.4,1,0
CUS001579,52,month_to_month,dsl,credit_card,True,3,41.56,2168.42,1,0
CUS001580,7,month_to_month,dsl,credit_card,False,3,42.6,307.49,1,0
CUS001581,21,one_year,dsl,electronic_check,True,0,33.34,713.62,0,0
CUS001582,6,one_year,none,electronic_check,True,5,43.08,269.07,0,0
CUS001583,27,one_year,dsl,electronic_check,False,2,38.74,975.98,0,0
CUS001584,24,two_year,dsl,bank_transfer,False,2,46.48,1147.05,1,0
CUS001585,50,one_year,none,mailed_check,True,5,44.1,2313.66,1,0
CUS001586,26,month_to_month,dsl,credit_card,True,1,38.97,1019.39,0,0
CUS001587,65,month_to_month,fiber,mailed_check,True,4,58.2,3663.69,3,0
CUS001588,66,month_to_month,fiber,mailed_check,True,3,66.74,4596.84,0,0
CUS001589,72,month_to_month,dsl,mailed_check,False,0,27.48,1923.21,0,0
CUS001590,34,two_year,dsl,electronic_check,True,6,62.97,2132.16,1,0
CUS001591,60,one_year,fiber,electronic_check,True,1,46.37,2740.62,0,0
CUS001592,11,month_to_month,dsl,credit_card,False,5,57.97,663.88,0,0
CUS001593,21,month_to_month,fiber,electronic_check,False,1,55.81,1101.78,0,1
CUS001594,43,one_year,dsl,mailed_check,False,6,66.66,2906.95,1,0
CUS001595,5,month_to_month,fiber,credit_card,True,3,72.79,379.57,0,1
CUS001596,36,month_to_month,fiber,mailed_check,False,0,51.19,1908.68,0,0
CUS001597,65,one_year,none,credit_card,False,3,40.06,2666.11,1,0
CUS001598,46,month_to_month,dsl,mailed_check,False,2,39.24,1792.96,0,0
CUS001599,46,month_to_month,fiber,bank_transfer,True,3,58.24,2586.03,0,0
CUS001600,63,one_year,fiber,electronic_check,True,4,64.93,3922.15,1,0
CUS001601,65,month_to_month,fiber,mailed_check,True,2,60.68,3941.2,1,0
CUS001602,20,month_to_month,dsl,mailed_check,True,1,42.53,855.77,0,1
CUS001603,69,month_to_month,none,electronic_check,False,0,21.86,1460.64,1,0
CUS001604,32,month_to_month,none,electronic_check,False,0,13.56,431.92,2,1
CUS001605,56,month_to_month,none,bank_transfer,True,3,35.29,2027.31,1,0
CUS001606,6,one_year,dsl,mailed_check,False,3,50.24,297.5,0,0
CUS001607,72,month_to_month,fiber,credit_card,False,5,75.51,5367.59,0,0
CUS001608,27,two_year,fiber,credit_card,True,2,55.78,1442.58,0,1
CUS001609,30,month_to_month,dsl,bank_transfer,True,0,34.25,967.1,1,0
CUS001610,39,one_year,fiber,mailed_check,True,5,68.56,2650.6,1,1
CUS001611,56,month_to_month,fiber,electronic_check,True,3,62.94,3475.36,1,0
CUS001612,33,two_year,fiber,bank_transfer,True,4,63.54,2128.27,0,0
CUS001613,25,month_to_month,dsl,electronic_check,True,4,57.24,1473.19,2,1
CUS001614,6,month_to_month,fiber,electronic_check,True,3,59.12,361.79,1,1
CUS001615,72,one_year,none,bank_transfer,False,1,24.18,1762.75,0,0
CUS001616,14,month_to_month,none,bank_transfer,False,6,47.37,671.46,0,0
CUS001617,29,two_year,fiber,mailed_check,True,6,76.2,2202.95,1,0
CUS001618,1,one_year,fiber,mailed_check,True,4,60.26,,0,0
CUS001619,13,month_to_month,dsl,bank_transfer,False,2,41.24,550.13,0,1
CUS001620,54,month_to_month,dsl,credit_card,True,3,41.47,2319.28,0,0
CUS001621,34,month_to_month,dsl,mailed_check,True,1,28.27,1001.03,2,0
CUS001622,34,month_to_month,fiber,electronic_check,True,5,70.53,2515.88,0,1
CUS001623,50,month_to_month,dsl,electronic_check,False,4,58.32,2975.95,0,0
CUS001624,35,month_to_month,none,credit_card,False,0,20.29,743.42,0,0
CUS001625,66,month_to_month,dsl,bank_transfer,False,2,40.0,2659.43,1,0
CUS001626,66,month_to_month,dsl,mailed_check,False,1,26.12,1676.62,0,0
CUS001627,58,month_to_month,dsl,credit_card,True,1,35.45,2037.16,0,0
CUS001628,13,month_to_month,dsl,credit_card,False,2,45.48,558.09,0,0
CUS001629,38,month_to_month,fiber,electronic_check,False,4,70.94,2678.85,0,0
CUS001630,31,month_to_month,fiber,bank_transfer,True,6,78.44,2417.38,0,0
CUS001631,52,month_to_month,fiber,credit_card,True,3,56.03,2779.73,1,0
CUS001632,5,one_year,none,mailed_check,True,2,31.1,157.55,0,0
CUS001633,68,one_year,fiber,bank_transfer,True,6,74.21,5205.14,1,0
CUS001634,40,one_year,dsl,bank_transfer,True,1,41.7,1575.83,0,0
CUS001635,21,two_year,dsl,mailed_check,False,4,51.21,1086.51,0,0
CUS001636,31,one_year,fiber,bank_transfer,True,4,69.31,2072.29,2,0
CUS001637,66,month_to_month,fiber,bank_transfer,True,2,56.72,3775.86,0,0
CUS001638,2,month_to_month,fiber,bank_transfer,False,1,50.03,102.26,1,1
CUS001639,69,month_to_month,none,mailed_check,False,3,36.39,2496.09,1,0
CUS001640,67,month_to_month,fiber,credit_card,True,2,58.29,3861.69,0,0
CUS001641,21,one_year,fiber,credit_card,True,1,44.64,899.8,2,0
CUS001642,57,one_year,fiber,electronic_check,True,5,68.83,3712.07,2,0
CUS001643,41,month_to_month,fiber,credit_card,False,6,74.54,2967.8,0,0
CUS001644,17,month_to_month,fiber,credit_card,False,5,72.48,1205.01,1,1
CUS001645,59,two_year,fiber,credit_card,False,5,75.32,4403.81,0,0
CUS001646,24,one_year,dsl,bank_transfer,True,2,44.01,993.24,0,0
CUS001647,61,month_to_month,dsl,bank_transfer,True,1,37.03,2332.82,0,0
CUS001648,15,two_year,none,bank_transfer,False,1,26.14,391.8,0,0
CUS001649,30,month_to_month,none,bank_transfer,True,5,45.29,1358.4,0,0
CUS001650,51,one_year,fiber,credit_card,True,5,70.34,3550.96,0,0
CUS001651,55,month_to_month,fiber,electronic_check,False,3,55.57,2905.34,0,0
CUS001652,22,one_year,dsl,credit_card,False,6,64.42,1473.76,0,0
CUS001653,39,month_to_month,fiber,bank_transfer,True,0,46.05,1872.54,2,0
CUS001654,17,one_year,fiber,mailed_check,True,0,43.78,755.89,0,0
CUS001655,30,month_to_month,fiber,electronic_check,True,2,52.48,1476.76,1,1
CUS001656,43,two_year,fiber,bank_transfer,True,1,56.51,2532.76,2,0
CUS001657,57,one_year,fiber,mailed_check,True,6,73.9,4280.93,2,0
CUS001658,26,one_year,fiber,bank_transfer,True,4,63.14,1659.95,1,0
CUS001659,65,month_to_month,none,bank_transfer,True,6,55.01,3522.39,0,0
CUS001660,29,one_year,dsl,bank_transfer,False,0,34.87,996.26,1,0
CUS001661,45,two_year,dsl,electronic_check,True,2,45.69,2002.57,1,0
CUS001662,4,month_to_month,none,bank_transfer,False,2,32.95,131.31,1,0
CUS001663,72,month_to_month,none,electronic_check,True,0,22.39,1691.32,0,1
CUS001664,33,two_year,fiber,bank_transfer,False,5,80.67,2782.45,2,0
CUS001665,61,month_to_month,fiber,credit_card,False,4,63.95,3702.39,1,0
CUS001666,51,two_year,dsl,electronic_check,True,5,53.64,2674.84,1,0
CUS001667,13,month_to_month,none,credit_card,True,1,28.1,349.62,1,0
CUS001668,41,one_year,fiber,bank_transfer,True,4,74.88,3145.32,0,0
CUS001669,8,month_to_month,fiber,electronic_check,True,6,80.34,652.47,1,1
CUS001670,65,two_year,fiber,electronic_check,True,1,56.14,3589.87,2,0
CUS001671,56,month_to_month,fiber,mailed_check,True,4,69.86,3799.32,0,0
CUS001672,3,two_year,fiber,electronic_check,False,3,59.21,185.98,0,1
CUS001673,46,month_to_month,dsl,credit_card,True,0,32.23,1550.01,1,0
CUS001674,55,month_to_month,fiber,credit_card,False,4,64.37,3504.64,2,1
CUS001675,71,month_to_month,fiber,electronic_check,True,4,73.45,5414.49,1,0
CUS001676,37,month_to_month,none,electronic_check,True,4,41.78,1450.63,1,0
CUS001677,9,month_to_month,fiber,bank_transfer,True,5,70.01,632.32,2,1
CUS001678,21,month_to_month,fiber,bank_transfer,True,5,66.77,1347.66,3,1
CUS001679,6,month_to_month,fiber,electronic_check,True,0,51.81,301.06,0,0
CUS001680,29,one_year,dsl,mailed_check,False,2,45.27,1275.38,0,0
CUS001681,58,month_to_month,dsl,credit_card,True,4,49.06,2938.04,0,0
CUS001682,17,month_to_month,fiber,electronic_check,False,5,70.91,1186.44,0,1
CUS001683,21,month_to_month,fiber,bank_transfer,True,2,58.17,1229.83,1,0
CUS001684,25,month_to_month,fiber,electronic_check,True,5,61.36,1507.03,0,1
CUS001685,63,one_year,fiber,mailed_check,False,0,45.46,2753.67,0,0
CUS001686,69,two_year,fiber,bank_transfer,True,2,56.32,3982.64,2,0
CUS001687,57,month_to_month,dsl,electronic_check,True,3,51.79,3000.08,0,0
CUS001688,19,one_year,none,bank_transfer,False,1,18.72,344.4,2,0
CUS001689,71,month_to_month,none,mailed_check,False,1,22.01,1487.67,1,0
CUS001690,31,one_year,fiber,credit_card,True,4,71.2,2110.92,1,0
CUS001691,9,month_to_month,fiber,bank_transfer,False,4,74.12,633.51,2,1
CUS001692,49,month_to_month,fiber,electronic_check,True,6,79.03,4013.48,2,1
CUS001693,39,month_to_month,fiber,bank_transfer,True,4,63.4,2386.9,0,0
CUS001694,24,month_to_month,dsl,electronic_check,False,1,32.12,801.29,2,1
CUS001695,44,month_to_month,dsl,electronic_check,True,1,38.37,1760.81,0,0
CUS001696,39,month_to_month,fiber,credit_card,True,3,58.79,2406.87,1,1
CUS001697,66,month_to_month,dsl,mailed_check,True,6,61.77,3959.03,2,0
CUS001698,5,two_year,fiber,electronic_check,True,4,61.48,314.9,0,0
CUS001699,12,one_year,fiber,credit_card,True,0,45.62,573.33,0,0
CUS001700,59,month_to_month,dsl,electronic_check,False,0,32.07,1765.62,1,0
CUS001701,26,month_to_month,dsl,bank_transfer,False,5,59.39,1524.51,1,0
CUS001702,2,one_year,none,electronic_check,True,5,44.28,89.62,0,0
CUS001703,43,month_to_month,fiber,mailed_check,True,0,46.66,1931.15,0,0
CUS001704,15,month_to_month,fiber,credit_card,False,1,50.42,740.82,1,1
CUS001705,37,month_to_month,fiber,electronic_check,True,3,57.21,2082.25,0,0
CUS001706,57,month_to_month,dsl,electronic_check,True,4,48.31,2833.44,1,0
CUS001707,58,month_to_month,dsl,bank_transfer,False,5,51.59,3130.02,4,0
CUS001708,40,month_to_month,fiber,bank_transfer,True,4,71.84,2984.47,1,0
CUS001709,43,month_to_month,fiber,credit_card,True,1,48.56,2059.25,0,0
CUS001710,21,month_to_month,fiber,bank_transfer,True,6,75.63,1532.08,1,0
CUS001711,16,month_to_month,dsl,credit_card,False,3,47.06,719.45,1,0
CUS001712,20,one_year,fiber,bank_transfer,False,1,54.6,1144.6,1,0
CUS001713,57,month_to_month,fiber,electronic_check,False,6,74.61,4243.84,1,1
CUS001714,15,month_to_month,none,credit_card,True,0,19.32,272.86,0,0
CUS001715,21,one_year,none,bank_transfer,True,1,30.99,605.77,0,0
CUS001716,49,one_year,fiber,mailed_check,True,3,62.73,2910.11,1,0
CUS001717,5,month_to_month,dsl,electronic_check,False,5,54.28,257.48,1,1
CUS001718,24,month_to_month,fiber,credit_card,True,2,56.58,1329.96,1,0
CUS001719,53,one_year,fiber,bank_transfer,True,1,57.42,3039.65,0,0
CUS001720,31,two_year,dsl,mailed_check,False,6,64.27,1967.87,2,0
CUS001721,60,one_year,fiber,bank_transfer,True,1,57.18,3338.41,1,0
CUS001722,27,month_to_month,fiber,electronic_check,True,4,64.73,1637.56,0,1
CUS001723,13,one_year,fiber,electronic_check,False,4,67.97,908.4,0,1
CUS001724,10,one_year,fiber,bank_transfer,True,5,82.69,832.9,1,0
CUS001725,33,month_to_month,fiber,electronic_check,True,1,51.53,1627.66,0,0
CUS001726,28,month_to_month,fiber,electronic_check,False,6,80.54,2195.99,0,0
CUS001727,36,month_to_month,dsl,mailed_check,True,3,54.3,1897.96,0,0
CUS001728,51,month_to_month,dsl,mailed_check,False,0,33.25,1642.61,0,1
CUS001729,17,two_year,fiber,electronic_check,True,1,53.4,928.03,0,1
CUS001730,51,month_to_month,none,credit_card,True,6,49.98,2380.15,0,0
CUS001731,20,two_year,fiber,bank_transfer,True,3,60.59,1149.93,2,1
CUS001732,30,two_year,fiber,electronic_check,True,1,58.48,1770.81,1,0
CUS001733,32,one_year,none,electronic_check,False,2,30.12,964.48,0,0
CUS001734,19,one_year,fiber,bank_transfer,True,0,49.4,962.16,0,0
CUS001735,7,month_to_month,dsl,bank_transfer,False,2,47.75,340.12,0,0
CUS001736,35,month_to_month,fiber,bank_transfer,False,4,69.52,2377.58,0,0
CUS001737,49,month_to_month,none,credit_card,False,0,12.44,610.44,0,0
CUS001738,35,one_year,dsl,bank_transfer,True,1,44.69,1570.8,0,0
CUS001739,51,month_to_month,dsl,electronic_check,True,5,59.3,3018.22,0,0
CUS001740,23,month_to_month,fiber,credit_card,False,4,64.59,1533.42,0,1
CUS001741,8,month_to_month,fiber,electronic_check,True,1,51.03,413.29,0,1
CUS001742,35,two_year,dsl,mailed_check,False,6,60.94,2053.44,0,0
CUS001743,35,month_to_month,dsl,bank_transfer,False,6,68.44,2416.3,1,0
CUS001744,16,two_year,fiber,bank_transfer,False,0,42.06,659.07,2,0
CUS001745,69,one_year,fiber,credit_card,True,0,46.89,3297.38,1,0
CUS001746,43,month_to_month,dsl,electronic_check,True,5,67.17,3002.55,5,1
CUS001747,44,month_to_month,dsl,electronic_check,True,4,51.31,2291.89,0,0
CUS001748,6,one_year,fiber,credit_card,False,1,46.61,266.49,0,0
CUS001749,54,month_to_month,dsl,bank_transfer,True,4,48.49,2583.75,0,0
CUS001750,28,two_year,dsl,electronic_check,True,4,53.95,1580.21,1,0
CUS001751,56,month_to_month,dsl,electronic_check,False,2,43.93,2337.73,0,0
CUS001752,39,two_year,dsl,credit_card,True,6,69.89,2616.14,0,0
CUS001753,16,month_to_month,fiber,electronic_check,True,6,88.46,1381.57,0,1
CUS001754,23,month_to_month,fiber,bank_transfer,False,4,71.77,1728.2,0,0
CUS001755,33,month_to_month,dsl,electronic_check,True,5,59.45,1931.45,0,0
CUS001756,57,two_year,dsl,credit_card,True,3,43.37,2543.74,2,0
CUS001757,51,month_to_month,none,electronic_check,False,2,31.18,1496.52,0,0
CUS001758,37,two_year,dsl,bank_transfer,True,0,32.37,1170.78,1,0
CUS001759,37,month_to_month,fiber,mailed_check,True,3,68.61,2649.33,0,0
CUS001760,2,month_to_month,dsl,mailed_check,True,0,30.93,63.83,0,1
CUS001761,59,two_year,none,electronic_check,False,6,54.96,3308.95,0,0
CUS001762,63,month_to_month,none,electronic_check,False,5,38.62,2274.14,2,0
CUS001763,21,one_year,fiber,credit_card,True,4,65.38,1427.28,1,0
CUS001764,25,month_to_month,dsl,mailed_check,True,0,35.84,934.94,0,0
CUS001765,24,one_year,dsl,mailed_check,True,4,49.25,1224.25,2,0
CUS001766,4,month_to_month,none,bank_transfer,True,2,38.73,152.1,2,0
CUS001767,46,month_to_month,none,credit_card,False,4,30.88,1415.81,2,0
CUS001768,2,month_to_month,none,bank_transfer,True,4,44.94,88.25,0,0
CUS001769,62,month_to_month,dsl,electronic_check,True,1,42.3,2570.85,4,1
CUS001770,1,month_to_month,fiber,mailed_check,False,4,65.38,,1,1
CUS001771,56,month_to_month,dsl,mailed_check,True,2,38.64,2153.12,1,1
CUS001772,30,month_to_month,none,credit_card,True,1,18.38,553.36,0,0
CUS001773,22,one_year,none,bank_transfer,True,1,26.94,604.65,0,1
CUS001774,9,month_to_month,none,bank_transfer,True,3,37.53,352.79,1,1
CUS001775,71,one_year,fiber,bank_transfer,False,0,36.23,2438.31,0,0
CUS001776,23,one_year,none,mailed_check,True,2,34.32,738.71,0,1
CUS001777,45,two_year,fiber,electronic_check,True,1,44.3,1998.08,1,0
CUS001778,69,one_year,fiber,credit_card,True,5,73.96,4830.85,0,0
CUS001779,55,one_year,dsl,bank_transfer,True,5,59.31,3419.22,1,0
CUS001780,19,one_year,dsl,bank_transfer,False,1,29.43,543.61,0,0
CUS001781,17,two_year,fiber,bank_transfer,True,1,47.17,748.03,2,0
CUS001782,33,two_year,dsl,bank_transfer,False,4,57.66,1992.51,0,0
CUS001783,50,month_to_month,dsl,electronic_check,False,4,54.62,2629.02,0,0
CUS001784,35,month_to_month,dsl,credit_card,True,2,46.99,1572.92,0,1
CUS001785,66,month_to_month,fiber,bank_transfer,True,5,72.62,4926.71,1,0
CUS001786,27,two_year,dsl,electronic_check,True,1,32.0,803.64,0,0
CUS001787,18,two_year,none,credit_card,False,2,27.37,485.47,1,0
CUS001788,27,two_year,dsl,bank_transfer,False,4,51.02,1291.66,1,0
CUS001789,30,one_year,fiber,credit_card,False,4,73.09,2172.39,0,0
CUS001790,32,one_year,fiber,credit_card,True,5,67.45,2017.41,2,0
CUS001791,33,month_to_month,none,electronic_check,True,6,54.54,1719.1,1,1
CUS001792,25,two_year,none,electronic_check,False,6,56.75,1476.41,0,0
CUS001793,50,month_to_month,fiber,mailed_check,True,0,43.41,2181.64,1,0
CUS001794,36,one_year,fiber,bank_transfer,True,0,39.74,1367.99,1,0
CUS001795,55,one_year,fiber,electronic_check,False,1,58.2,3316.71,0,0
CUS001796,23,month_to_month,dsl,bank_transfer,True,6,69.04,1575.13,0,0
CUS001797,54,one_year,none,mailed_check,True,3,37.94,1910.74,3,0
CUS001798,6,two_year,dsl,bank_transfer,True,1,39.37,226.65,0,0
CUS001799,9,two_year,dsl,mailed_check,True,6,66.84,606.11,1,0
CUS001800,9,two_year,dsl,credit_card,False,4,48.65,457.07,1,0
CUS001801,28,two_year,fiber,mailed_check,True,4,67.43,1926.81,1,0
CUS001802,69,one_year,fiber,bank_transfer,True,4,64.55,4222.61,1,0
CUS001803,23,month_to_month,dsl,bank_transfer,True,6,64.18,1528.78,2,0
CUS001804,72,one_year,fiber,mailed_check,False,2,66.68,4488.75,1,0
CUS001805,45,month_to_month,none,mailed_check,False,4,37.71,1732.02,0,0
CUS001806,9,one_year,none,mailed_check,False,1,17.35,150.88,0,0
CUS001807,3,two_year,none,credit_card,True,6,58.14,164.96,1,0
CUS001808,70,month_to_month,fiber,credit_card,True,2,56.67,4139.38,1,0
CUS001809,63,one_year,dsl,electronic_check,True,6,62.26,3800.01,0,0
CUS001810,1,one_year,none,electronic_check,False,2,30.54,,1,0
CUS001811,41,month_to_month,dsl,bank_transfer,True,0,29.34,1211.94,2,0
CUS001812,5,two_year,fiber,mailed_check,True,3,57.49,274.87,0,0
CUS001813,5,one_year,dsl,electronic_check,True,2,42.3,218.27,1,0
CUS001814,14,one_year,none,bank_transfer,True,6,54.41,768.44,1,0
CUS001815,5,month_to_month,fiber,electronic_check,False,1,43.58,212.11,2,1
CUS001816,41,month_to_month,dsl,electronic_check,False,4,49.66,2029.43,2,1
CUS001817,7,two_year,dsl,electronic_check,True,4,53.81,375.11,1,0
CUS001818,31,two_year,dsl,electronic_check,True,1,43.66,1314.95,1,0
CUS001819,35,two_year,fiber,credit_card,False,3,59.6,1943.95,1,0
CUS001820,4,one_year,dsl,electronic_check,False,5,59.98,238.76,1,0
CUS001821,10,month_to_month,none,electronic_check,True,1,32.03,313.96,1,0
CUS001822,46,two_year,none,credit_card,True,4,43.73,2085.73,1,0
CUS001823,54,one_year,fiber,bank_transfer,True,3,60.31,3065.56,1,0
CUS001824,59,month_to_month,dsl,bank_transfer,True,2,44.5,2483.12,1,0
CUS001825,36,two_year,dsl,credit_card,True,6,58.25,2129.72,0,0
CUS001826,61,one_year,none,electronic_check,False,6,47.14,2925.86,1,0
CUS001827,19,one_year,none,electronic_check,True,0,28.05,507.34,4,1
CUS001828,36,month_to_month,fiber,mailed_check,False,6,76.81,2769.24,0,1
CUS001829,43,month_to_month,fiber,electronic_check,False,4,66.6,2813.15,1,0
CUS001830,10,month_to_month,fiber,mailed_check,True,5,74.67,780.37,1,0
CUS001831,11,one_year,dsl,electronic_check,True,6,59.22,608.2,0,0
CUS001832,31,one_year,dsl,electronic_check,True,2,53.38,1579.49,2,1
CUS001833,63,month_to_month,dsl,electronic_check,False,6,62.8,3849.13,1,0
CUS001834,42,month_to_month,fiber,credit_card,False,3,65.04,2845.8,1,0
CUS001835,67,one_year,fiber,electronic_check,False,5,76.28,4904.71,0,0
CUS001836,56,month_to_month,fiber,electronic_check,True,6,71.0,3699.12,0,0
CUS001837,69,two_year,none,credit_card,True,3,35.16,2323.15,0,0
CUS001838,64,two_year,none,bank_transfer,False,1,24.89,1604.55,1,0
CUS001839,65,month_to_month,fiber,bank_transfer,True,4,67.16,4082.36,0,0
CUS001840,30,two_year,fiber,bank_transfer,False,2,54.58,1607.7,0,0
CUS001841,28,two_year,fiber,electronic_check,False,6,73.95,2125.36,0,1
CUS001842,53,month_to_month,fiber,electronic_check,False,2,63.31,3384.35,0,1
CUS001843,9,one_year,none,mailed_check,False,1,20.52,184.49,1,0
CUS001844,7,one_year,fiber,credit_card,False,2,49.73,342.95,2,0
CUS001845,13,month_to_month,fiber,bank_transfer,False,6,72.52,893.41,0,1
CUS001846,1,month_to_month,fiber,bank_transfer,True,0,37.25,,0,1
CUS001847,3,month_to_month,none,bank_transfer,False,5,56.7,159.38,5,1
CUS001848,52,month_to_month,dsl,electronic_check,False,5,58.35,3170.31,2,0
CUS001849,44,two_year,none,credit_card,False,6,47.57,2009.34,1,0
CUS001850,43,month_to_month,dsl,mailed_check,True,4,54.3,2320.96,0,0
CUS001851,64,one_year,none,credit_card,True,0,22.18,1431.99,0,0
CUS001852,24,one_year,none,electronic_check,True,3,34.71,814.78,0,0
CUS001853,37,month_to_month,fiber,bank_transfer,False,4,74.95,2737.66,1,0
CUS001854,54,one_year,fiber,electronic_check,True,2,47.72,2402.59,0,0
CUS001855,58,month_to_month,fiber,electronic_check,False,5,69.28,3953.61,0,0
CUS001856,57,one_year,dsl,electronic_check,True,6,60.12,3410.42,0,0
CUS001857,20,month_to_month,fiber,electronic_check,True,4,64.75,1224.67,0,1
CUS001858,51,month_to_month,none,mailed_check,False,2,27.13,1400.12,2,0
CUS001859,2,one_year,dsl,electronic_check,True,5,47.39,99.4,1,0
CUS001860,49,month_to_month,none,credit_card,True,4,40.04,2015.37,0,0
CUS001861,61,one_year,fiber,mailed_check,True,6,75.44,4494.87,0,0
CUS001862,2,one_year,fiber,electronic_check,True,6,82.43,165.17,0,0
CUS001863,65,two_year,fiber,mailed_check,True,3,57.73,3555.36,1,1
CUS001864,5,two_year,fiber,mailed_check,False,1,60.67,317.51,0,0
CUS001865,13,month_to_month,none,bank_transfer,True,4,39.9,489.02,0,0
CUS001866,52,month_to_month,fiber,electronic_check,True,2,60.93,3150.15,1,0
CUS001867,67,month_to_month,fiber,credit_card,False,6,73.89,5168.62,1,0
CUS001868,48,month_to_month,fiber,credit_card,False,6,74.6,3478.09,1,0
CUS001869,21,one_year,none,mailed_check,True,4,46.58,922.24,1,0
CUS001870,28,one_year,dsl,credit_card,True,0,39.87,1090.22,1,0
CUS001871,34,month_to_month,fiber,credit_card,False,5,70.97,2341.25,2,0
CUS001872,28,month_to_month,fiber,credit_card,False,6,71.14,1986.49,0,0
CUS001873,44,two_year,fiber,bank_transfer,False,6,76.55,3164.76,1,0
CUS001874,19,one_year,fiber,credit_card,False,0,51.32,995.23,0,0
CUS001875,18,month_to_month,none,electronic_check,True,2,27.16,510.92,2,0
CUS001876,31,two_year,dsl,electronic_check,True,3,52.5,1648.85,0,0
CUS001877,56,month_to_month,dsl,credit_card,True,2,43.92,2542.14,1,0
CUS001878,26,one_year,dsl,electronic_check,False,5,56.54,1500.29,2,0
CUS001879,46,one_year,dsl,electronic_check,True,5,60.07,2593.81,4,0
CUS001880,59,month_to_month,fiber,bank_transfer,True,2,59.09,3428.04,1,0
CUS001881,64,month_to_month,dsl,bank_transfer,True,6,57.84,3572.92,0,0
CUS001882,47,month_to_month,dsl,bank_transfer,False,0,36.23,1685.16,0,0
CUS001883,65,one_year,none,electronic_check,True,0,19.01,1221.39,0,0
CUS001884,52,month_to_month,none,mailed_check,False,6,47.38,2577.62,0,0
CUS001885,39,month_to_month,fiber,electronic_check,True,5,71.32,2828.56,2,0
CUS001886,56,month_to_month,dsl,credit_card,True,6,67.96,3645.93,1,0
CUS001887,41,month_to_month,fiber,mailed_check,True,2,60.45,2558.59,1,0
CUS001888,29,one_year,fiber,electronic_check,True,1,48.93,1457.86,1,0
CUS001889,9,one_year,fiber,credit_card,False,6,84.13,705.58,0,0
CUS001890,42,one_year,fiber,mailed_check,True,3,57.27,2272.58,1,0
CUS001891,19,month_to_month,dsl,mailed_check,True,1,39.99,714.03,0,1
CUS001892,24,one_year,fiber,credit_card,True,5,67.96,1557.23,0,0
CUS001893,36,one_year,fiber,bank_transfer,False,4,64.69,2307.23,0,1
CUS001894,9,month_to_month,dsl,mailed_check,False,5,61.56,553.06,1,0
CUS001895,48,month_to_month,dsl,electronic_check,False,6,62.71,3027.68,0,0
CUS001896,24,one_year,dsl,electronic_check,True,1,42.61,1021.11,0,0
CUS001897,6,one_year,fiber,bank_transfer,True,1,45.6,265.12,0,0
CUS001898,58,month_to_month,fiber,credit_card,False,4,63.84,3618.74,1,0
CUS001899,29,two_year,dsl,credit_card,False,2,48.65,1469.78,0,0
CUS001900,24,month_to_month,dsl,credit_card,True,0,41.44,1028.89,2,0
CUS001901,18,one_year,dsl,mailed_check,True,0,30.21,557.16,0,0
CUS001902,35,month_to_month,dsl,electronic_check,True,6,69.7,2425.36,0,0
CUS001903,19,month_to_month,fiber,bank_transfer,True,2,55.16,1098.36,0,0
CUS001904,6,two_year,none,electronic_check,True,4,45.95,272.9,0,0
CUS001905,5,month_to_month,none,electronic_check,False,5,41.1,202.43,0,0
CUS001906,39,two_year,dsl,mailed_check,True,5,54.22,2063.79,0,0
CUS001907,57,one_year,dsl,electronic_check,True,5,68.46,3772.53,0,0
CUS001908,48,two_year,none,mailed_check,True,1,21.8,1034.07,1,0
CUS001909,40,one_year,none,electronic_check,False,6,54.82,2299.48,0,0
CUS001910,27,month_to_month,fiber,credit_card,True,2,61.42,1616.75,0,0
CUS001911,52,month_to_month,dsl,bank_transfer,False,2,45.62,2310.35,0,0
CUS001912,22,month_to_month,fiber,mailed_check,True,6,81.05,1711.24,1,0
CUS001913,38,two_year,none,credit_card,True,4,51.73,1847.29,2,0
CUS001914,26,two_year,dsl,bank_transfer,False,2,41.39,1085.78,0,0
CUS001915,11,month_to_month,dsl,electronic_check,True,0,38.41,412.24,2,1
CUS001916,20,month_to_month,none,mailed_check,False,0,19.81,388.58,0,0
CUS001917,32,month_to_month,dsl,bank_transfer,False,0,34.92,1115.78,1,0
CUS001918,24,one_year,fiber,electronic_check,True,5,79.83,1954.29,0,0
CUS001919,54,month_to_month,fiber,electronic_check,True,6,78.78,4182.66,0,0
CUS001920,50,month_to_month,dsl,credit_card,True,6,63.52,2997.08,0,0
CUS001921,56,one_year,fiber,electronic_check,True,5,73.57,4164.78,1,0
CUS001922,64,month_to_month,fiber,electronic_check,True,5,71.16,4695.2,2,0
CUS001923,27,month_to_month,dsl,mailed_check,False,6,67.47,1896.52,0,1
CUS001924,15,month_to_month,dsl,electronic_check,False,1,29.05,455.01,1,1
CUS001925,35,month_to_month,fiber,mailed_check,True,3,59.36,2093.79,0,0
CUS001926,14,month_to_month,dsl,credit_card,False,6,69.61,962.82,0,1
CUS001927,42,month_to_month,dsl,credit_card,True,5,53.68,2346.36,0,0
CUS001928,33,two_year,fiber,credit_card,True,5,72.09,2401.67,0,0
CUS001929,17,one_year,fiber,bank_transfer,True,0,47.74,777.11,0,0
CUS001930,60,month_to_month,dsl,electronic_check,False,3,44.72,2803.81,2,0
CUS001931,28,month_to_month,fiber,credit_card,True,6,77.29,2060.94,0,0
CUS001932,30,month_to_month,fiber,credit_card,True,4,69.48,1980.73,0,0
CUS001933,31,two_year,none,mailed_check,True,4,41.19,1236.65,1,0
CUS001934,10,month_to_month,fiber,electronic_check,False,6,78.58,732.87,1,1
CUS001935,62,one_year,dsl,electronic_check,True,2,45.13,2904.14,0,0
CUS001936,49,month_to_month,fiber,credit_card,True,3,62.98,2878.88,2,0
CUS001937,15,month_to_month,fiber,credit_card,True,2,50.31,720.13,2,1
CUS001938,26,two_year,none,electronic_check,False,5,44.53,1119.88,4,0
CUS001939,18,two_year,dsl,electronic_check,True,5,60.45,1058.85,2,0
CUS001940,30,two_year,fiber,mailed_check,True,0,43.54,1327.1,1,0
CUS001941,33,one_year,fiber,electronic_check,False,5,81.99,2674.89,0,0
CUS001942,65,one_year,dsl,mailed_check,True,0,29.79,1995.42,0,0
CUS001943,21,one_year,dsl,credit_card,True,5,60.92,1231.57,1,1
CUS001944,44,two_year,fiber,electronic_check,True,2,60.95,2642.46,2,0
CUS001945,22,one_year,dsl,bank_transfer,False,0,34.01,749.15,0,0
CUS001946,64,month_to_month,fiber,credit_card,True,3,62.34,4143.29,1,0
CUS001947,34,month_to_month,dsl,electronic_check,True,4,48.27,1575.85,0,0
CUS001948,12,month_to_month,fiber,bank_transfer,False,2,59.15,666.53,0,0
CUS001949,65,month_to_month,none,bank_transfer,True,0,19.41,1208.41,0,0
CUS001950,26,month_to_month,fiber,credit_card,False,3,59.9,1526.27,0,0
CUS001951,7,one_year,fiber,electronic_check,True,6,72.36,516.53,2,1
CUS001952,46,month_to_month,fiber,mailed_check,True,1,52.76,2460.32,0,0
CUS001953,46,one_year,fiber,mailed_check,False,1,40.13,1762.13,2,0
CUS001954,1,two_year,dsl,credit_card,False,5,63.51,,1,0
CUS001955,6,month_to_month,dsl,mailed_check,True,0,34.77,215.74,0,1
CUS001956,6,month_to_month,fiber,bank_transfer,True,3,56.8,325.33,0,0
CUS001957,27,month_to_month,fiber,electronic_check,True,6,75.61,1993.8,0,0
CUS001958,53,month_to_month,none,bank_transfer,True,2,38.91,2100.25,1,0
CUS001959,65,one_year,fiber,bank_transfer,False,2,55.51,3505.57,0,0
CUS001960,22,month_to_month,dsl,credit_card,True,3,49.94,1091.2,1,0
CUS001961,44,one_year,fiber,mailed_check,False,5,63.18,2696.41,0,0
CUS001962,71,month_to_month,fiber,mailed_check,True,3,52.6,3638.93,0,0
CUS001963,13,month_to_month,fiber,electronic_check,True,1,57.45,725.45,0,1
CUS001964,7,two_year,fiber,mailed_check,True,6,76.66,539.85,1,0
CUS001965,11,one_year,fiber,electronic_check,False,2,58.36,621.68,0,1
CUS001966,30,two_year,none,mailed_check,False,4,37.1,1061.38,1,0
CUS001967,29,month_to_month,fiber,bank_transfer,True,0,37.89,1102.56,0,1
CUS001968,12,one_year,dsl,electronic_check,False,1,42.12,473.23,1,0
CUS001969,69,month_to_month,none,credit_card,False,2,34.03,2245.15,0,0
CUS001970,27,month_to_month,fiber,credit_card,True,5,70.77,1986.84,0,0
CUS001971,15,month_to_month,dsl,electronic_check,True,2,36.79,566.11,0,1
CUS001972,21,month_to_month,fiber,mailed_check,True,6,80.09,1684.62,1,1
CUS001973,24,month_to_month,fiber,bank_transfer,False,2,51.57,1245.89,0,0
CUS001974,24,month_to_month,fiber,bank_transfer,True,3,60.23,1380.03,1,0
CUS001975,9,two_year,fiber,bank_transfer,True,4,66.17,572.02,0,1
CUS001976,16,two_year,fiber,electronic_check,True,0,48.87,802.35,0,0
CUS001977,22,two_year,dsl,electronic_check,False,3,45.32,979.39,1,0
CUS001978,45,month_to_month,fiber,electronic_check,False,0,43.4,1837.97,0,1
CUS001979,47,month_to_month,none,bank_transfer,True,1,23.77,1153.39,1,0
CUS001980,40,month_to_month,dsl,electronic_check,True,6,61.99,2487.54,0,0
CUS001981,41,month_to_month,dsl,bank_transfer,False,0,32.76,1389.97,1,0
CUS001982,57,month_to_month,dsl,electronic_check,False,6,60.91,3601.99,0,0
CUS001983,5,two_year,fiber,credit_card,True,4,68.27,343.0,1,0
CUS001984,68,month_to_month,none,bank_transfer,True,3,30.07,2025.95,0,0
CUS001985,26,one_year,fiber,bank_transfer,True,4,71.99,1748.24,1,0
CUS001986,65,two_year,fiber,electronic_check,True,5,73.29,4479.18,1,0
CUS001987,41,two_year,fiber,bank_transfer,False,2,62.93,2560.25,0,0
CUS001988,60,one_year,fiber,bank_transfer,False,0,41.0,2376.66,0,0
CUS001989,25,month_to_month,none,bank_transfer,True,1,24.4,615.54,0,0
CUS001990,36,month_to_month,fiber,electronic_check,True,4,74.37,2755.01,1,1
CUS001991,16,two_year,fiber,mailed_check,True,2,53.87,892.56,2,0
CUS001992,56,month_to_month,dsl,bank_transfer,False,6,72.28,4215.12,1,0
CUS001993,65,month_to_month,none,electronic_check,False,1,20.09,1333.82,3,0
CUS001994,65,one_year,dsl,electronic_check,True,6,57.43,3845.63,1,0
CUS001995,19,two_year,fiber,electronic_check,True,6,81.65,1601.14,0,0
CUS001996,41,month_to_month,fiber,bank_transfer,False,5,77.95,3088.67,0,0
CUS001997,4,one_year,dsl,mailed_check,True,2,34.55,144.97,1,1
CUS001998,14,month_to_month,fiber,credit_card,True,5,76.82,1080.96,0,1
CUS001999,14,month_to_month,dsl,credit_card,True,0,33.55,454.41,1,0
CUS002000,60,month_to_month,dsl,electronic_check,True,3,57.43,3522.16,0,0
CUS002001,30,month_to_month,dsl,bank_transfer,True,5,48.87,1474.71,0,0
CUS002002,13,month_to_month,fiber,credit_card,True,1,53.05,721.13,2,0
CUS002003,36,month_to_month,fiber,mailed_check,True,2,55.49,1880.86,2,0
CUS002004,10,month_to_month,dsl,credit_card,True,1,38.84,369.55,1,0
CUS002005,23,month_to_month,dsl,electronic_check,False,2,36.48,818.91,1,0
CUS002006,48,two_year,fiber,electronic_check,False,4,64.01,3075.46,0,0
CUS002007,36,one_year,fiber,electronic_check,True,2,48.41,1744.05,1,0
CUS002008,68,one_year,fiber,bank_transfer,False,1,41.52,2750.16,0,0
CUS002009,49,month_to_month,dsl,electronic_check,False,1,39.33,1867.77,2,0
CUS002010,70,two_year,fiber,electronic_check,False,3,68.0,4941.99,2,0
CUS002011,68,month_to_month,fiber,bank_transfer,True,3,56.44,3736.13,0,0
CUS002012,51,two_year,dsl,credit_card,True,6,60.58,2897.28,0,0
CUS002013,13,one_year,dsl,electronic_check,True,6,70.35,898.72,1,0
CUS002014,40,month_to_month,none,bank_transfer,True,0,14.1,570.0,0,0
CUS002015,3,month_to_month,fiber,electronic_check,False,3,60.46,180.04,1,0
CUS002016,45,month_to_month,fiber,credit_card,False,4,66.1,2948.53,0,0
CUS002017,10,month_to_month,dsl,credit_card,False,1,43.3,428.35,0,0
CUS002018,23,month_to_month,none,mailed_check,True,0,23.68,550.67,1,0
CUS002019,60,month_to_month,fiber,electronic_check,True,4,66.23,4030.25,1,0
CUS002020,20,month_to_month,none,electronic_check,False,1,26.89,505.24,0,1
CUS002021,27,month_to_month,none,credit_card,False,1,30.05,841.2,0,1
CUS002022,54,two_year,dsl,bank_transfer,True,4,44.81,2281.51,0,0
CUS002023,55,month_to_month,fiber,mailed_check,False,2,51.92,2896.87,1,0
CUS002024,12,month_to_month,none,bank_transfer,False,0,19.74,243.27,0,0
CUS002025,64,month_to_month,fiber,bank_transfer,False,3,62.02,3854.55,0,0
CUS002026,18,one_year,dsl,credit_card,False,5,51.41,963.73,0,0
CUS002027,4,month_to_month,none,electronic_check,False,5,38.84,150.05,0,0
CUS002028,8,month_to_month,dsl,credit_card,True,4,53.43,422.14,0,0
CUS002029,62,two_year,fiber,electronic_check,True,4,70.55,4289.07,0,0
CUS002030,62,two_year,fiber,credit_card,True,2,52.52,3082.58,0,0
CUS002031,41,month_to_month,dsl,credit_card,True,4,52.97,2092.56,1,0
CUS002032,27,one_year,dsl,credit_card,True,5,60.04,1585.0,0,1
CUS002033,32,two_year,dsl,credit_card,True,1,40.14,1295.65,1,0
CUS002034,72,month_to_month,dsl,credit_card,False,2,45.67,3365.93,2,0
CUS002035,71,one_year,dsl,mailed_check,True,3,52.35,3792.37,0,0
CUS002036,20,month_to_month,dsl,bank_transfer,True,1,37.19,753.26,1,0
CUS002037,12,one_year,dsl,bank_transfer,False,1,40.45,484.74,0,0
CUS002038,6,two_year,fiber,electronic_check,False,1,47.93,283.88,1,0
CUS002039,35,two_year,none,electronic_check,True,3,44.07,1590.86,1,0
CUS002040,17,two_year,dsl,bank_transfer,True,6,63.52,1114.8,0,0
CUS002041,64,month_to_month,fiber,mailed_check,True,5,78.15,5015.06,0,0
CUS002042,46,one_year,none,bank_transfer,False,3,41.02,1768.6,0,0
CUS002043,30,month_to_month,none,electronic_check,False,2,23.96,714.27,0,1
CUS002044,13,two_year,fiber,mailed_check,True,5,79.56,1082.88,2,0
CUS002045,18,month_to_month,dsl,credit_card,True,6,72.85,1268.14,1,0
CUS002046,55,month_to_month,dsl,electronic_check,False,2,50.1,2588.27,2,0
CUS002047,40,two_year,fiber,credit_card,False,2,53.69,2082.75,0,0
CUS002048,18,one_year,none,credit_card,False,4,44.99,789.9,0,0
CUS002049,35,month_to_month,fiber,bank_transfer,True,6,74.76,2657.78,1,0
CUS002050,58,one_year,dsl,electronic_check,False,6,67.35,3803.81,0,0
CUS002051,48,two_year,dsl,electronic_check,True,6,59.59,2922.56,0,0
CUS002052,13,one_year,fiber,credit_card,False,1,44.35,574.02,2,0
CUS002053,27,month_to_month,fiber,bank_transfer,True,1,53.9,1402.13,2,0
CUS002054,16,two_year,dsl,bank_transfer,True,6,64.1,1043.94,1,0
CUS002055,42,one_year,fiber,electronic_check,False,3,66.73,2747.92,0,0
CUS002056,29,one_year,none,electronic_check,False,3,31.63,879.22,0,0
CUS002057,46,month_to_month,fiber,credit_card,True,6,61.71,2937.33,0,0
CUS002058,4,one_year,dsl,electronic_check,True,2,35.16,142.78,0,0
CUS002059,7,one_year,fiber,bank_transfer,False,5,66.21,474.52,0,1
CUS002060,23,month_to_month,none,electronic_check,False,5,44.12,992.58,1,0
CUS002061,47,month_to_month,fiber,credit_card,False,1,63.3,2829.04,0,0
CUS002062,48,month_to_month,dsl,mailed_check,False,0,34.18,1679.04,0,0
CUS002063,8,month_to_month,none,bank_transfer,True,6,51.6,405.54,0,0
CUS002064,41,two_year,fiber,electronic_check,False,3,59.96,2446.79,1,0
CUS002065,16,month_to_month,fiber,electronic_check,True,1,52.77,823.78,1,0
CUS002066,18,month_to_month,dsl,electronic_check,True,6,66.25,1170.75,1,0
CUS002067,43,two_year,fiber,electronic_check,False,3,64.55,2804.76,0,0
CUS002068,25,month_to_month,fiber,electronic_check,True,1,50.5,1278.33,0,0
CUS002069,62,month_to_month,fiber,mailed_check,False,1,58.04,3372.06,2,0
CUS002070,72,one_year,fiber,mailed_check,False,2,60.25,4178.94,0,0
CUS002071,58,month_to_month,fiber,electronic_check,True,0,42.4,2304.99,0,0
CUS002072,35,month_to_month,fiber,mailed_check,True,6,84.74,2967.08,0,0
CUS002073,62,one_year,dsl,electronic_check,True,4,53.33,3105.84,0,0
CUS002074,62,month_to_month,fiber,credit_card,True,0,46.29,2964.57,0,0
CUS002075,12,one_year,fiber,electronic_check,False,6,70.82,854.86,1,1
CUS002076,30,one_year,dsl,electronic_check,False,1,37.26,1143.08,1,0
CUS002077,44,one_year,fiber,credit_card,False,3,65.25,2863.21,1,0
CUS002078,54,month_to_month,fiber,mailed_check,True,0,47.53,2487.52,0,1
CUS002079,56,month_to_month,fiber,bank_transfer,False,3,61.23,3404.08,1,0
CUS002080,16,month_to_month,dsl,mailed_check,True,3,54.1,812.6,0,1
CUS002081,60,two_year,fiber,bank_transfer,True,3,58.21,3343.18,1,0
CUS002082,49,two_year,fiber,electronic_check,False,3,66.1,3253.12,0,0
CUS002083,48,two_year,fiber,bank_transfer,True,1,45.94,2129.74,1,0
CUS002084,36,month_to_month,none,bank_transfer,True,2,27.7,978.53,2,1
CUS002085,29,two_year,dsl,bank_transfer,False,2,46.24,1267.66,2,0
CUS002086,10,one_year,dsl,electronic_check,False,5,62.4,626.25,1,1
CUS002087,42,two_year,dsl,electronic_check,True,2,41.59,1689.67,0,0
CUS002088,9,month_to_month,none,bank_transfer,True,0,18.3,157.11,1,0
CUS002089,20,two_year,fiber,bank_transfer,True,2,56.16,1124.93,0,0
CUS002090,56,month_to_month,dsl,credit_card,True,0,34.63,1912.13,2,0
CUS002091,4,one_year,dsl,electronic_check,True,6,59.48,247.42,0,0
CUS002092,65,month_to_month,none,credit_card,True,1,27.46,1778.53,0,0
CUS002093,7,one_year,fiber,electronic_check,False,5,62.77,437.68,0,0
CUS002094,19,one_year,dsl,credit_card,False,1,29.54,577.71,1,0
CUS002095,33,one_year,fiber,credit_card,True,4,75.3,2332.05,0,0
CUS002096,26,one_year,fiber,electronic_check,True,6,72.0,1924.25,0,0
CUS002097,42,two_year,fiber,mailed_check,True,1,47.17,2036.26,1,0
CUS002098,70,month_to_month,fiber,credit_card,True,2,51.61,3634.58,1,0
CUS002099,51,month_to_month,dsl,credit_card,True,4,50.21,2420.74,0,0
CUS002100,23,two_year,dsl,mailed_check,True,2,42.39,936.4,1,0
CUS002101,22,month_to_month,fiber,bank_transfer,False,5,72.51,1537.08,0,0
CUS002102,4,two_year,none,bank_transfer,True,1,22.42,85.75,1,0
CUS002103,6,two_year,dsl,electronic_check,False,1,38.48,222.24,2,1
CUS002104,47,month_to_month,fiber,mailed_check,False,1,44.01,2056.49,1,0
CUS002105,52,two_year,fiber,mailed_check,True,5,72.93,3623.29,1,0
CUS002106,52,two_year,none,credit_card,False,1,24.72,1223.06,2,0
CUS002107,42,month_to_month,fiber,bank_transfer,True,6,78.53,3136.08,0,0
CUS002108,4,one_year,none,bank_transfer,True,4,37.58,155.7,1,0
CUS002109,28,two_year,fiber,electronic_check,False,2,53.63,1557.18,0,0
CUS002110,37,one_year,fiber,electronic_check,False,0,40.95,1541.09,0,0
CUS002111,30,one_year,none,electronic_check,False,0,21.23,598.28,0,0
CUS002112,37,two_year,dsl,bank_transfer,True,6,57.04,2199.46,2,0
CUS002113,35,month_to_month,dsl,credit_card,True,1,28.93,953.07,0,0
CUS002114,57,month_to_month,fiber,mailed_check,True,1,50.86,2734.63,0,0
CUS002115,62,month_to_month,fiber,mailed_check,True,2,54.81,3240.76,2,0
CUS002116,60,two_year,dsl,electronic_check,False,3,48.48,3051.45,1,0
CUS002117,55,two_year,fiber,credit_card,True,0,45.35,2336.75,0,0
CUS002118,49,one_year,none,credit_card,True,0,25.37,1260.96,0,0
CUS002119,66,month_to_month,none,bank_transfer,False,4,38.88,2569.76,0,0
CUS002120,19,two_year,fiber,credit_card,True,0,40.38,722.23,2,0
CUS002121,12,month_to_month,fiber,electronic_check,False,2,56.51,643.5,1,1
CUS002122,69,month_to_month,fiber,electronic_check,False,6,79.56,5535.92,1,0
CUS002123,60,month_to_month,dsl,bank_transfer,False,2,45.85,2684.47,0,0
CUS002124,42,one_year,dsl,bank_transfer,True,5,58.41,2435.1,2,0
CUS002125,29,month_to_month,dsl,electronic_check,False,3,52.13,1438.86,2,0
CUS002126,17,one_year,fiber,credit_card,True,3,67.95,1190.9,0,0
CUS002127,71,month_to_month,dsl,credit_card,False,3,50.56,3508.29,0,0
CUS002128,14,one_year,dsl,credit_card,True,6,62.81,829.31,2,0
CUS002129,35,month_to_month,dsl,electronic_check,True,4,44.08,1534.8,0,0
CUS002130,45,month_to_month,fiber,electronic_check,True,2,65.09,2811.14,0,0
CUS002131,60,month_to_month,fiber,electronic_check,True,6,72.2,4196.08,1,0
CUS002132,43,one_year,dsl,credit_card,True,3,54.65,2231.1,1,0
CUS002133,37,month_to_month,none,credit_card,True,0,22.03,780.36,0,0
CUS002134,7,month_to_month,dsl,electronic_check,True,4,41.95,293.98,0,0
CUS002135,68,month_to_month,dsl,credit_card,True,0,30.0,2031.97,1,0
CUS002136,48,month_to_month,dsl,electronic_check,False,0,42.26,1938.41,2,0
CUS002137,38,month_to_month,none,bank_transfer,False,0,31.7,1194.77,0,0
CUS002138,16,two_year,fiber,electronic_check,True,3,63.72,1007.71,0,1
CUS002139,23,two_year,fiber,credit_card,False,0,47.88,1034.53,0,0
CUS002140,47,one_year,fiber,electronic_check,True,2,58.94,2838.53,0,0
CUS002141,45,month_to_month,none,credit_card,False,5,52.2,2188.2,0,0
CUS002142,36,one_year,dsl,electronic_check,False,3,47.37,1668.67,1,0
CUS002143,15,one_year,fiber,electronic_check,True,4,63.19,967.61,0,0
CUS002144,8,one_year,fiber,electronic_check,False,5,73.65,585.79,1,1
CUS002145,46,one_year,dsl,electronic_check,True,1,41.89,1989.09,0,0
CUS002146,21,month_to_month,fiber,credit_card,True,5,75.04,1559.4,1,0
CUS002147,29,month_to_month,fiber,bank_transfer,False,1,47.94,1318.19,2,1
CUS002148,58,two_year,fiber,mailed_check,False,5,69.48,4159.52,2,0
CUS002149,45,two_year,fiber,electronic_check,False,5,77.25,3551.45,0,0
CUS002150,57,month_to_month,none,electronic_check,True,5,45.86,2666.22,1,0
CUS002151,53,one_year,dsl,electronic_check,False,2,47.36,2387.37,0,0
CUS002152,32,month_to_month,fiber,electronic_check,True,6,75.92,2312.58,0,0
CUS002153,2,month_to_month,dsl,electronic_check,True,3,54.41,102.17,0,1
CUS002154,34,one_year,none,mailed_check,True,6,55.45,1914.36,0,0
CUS002155,36,month_to_month,fiber,electronic_check,True,5,63.91,2282.5,0,0
CUS002156,16,month_to_month,fiber,bank_transfer,True,0,46.02,761.2,0,1
CUS002157,58,month_to_month,dsl,electronic_check,True,6,52.84,2942.75,0,0
CUS002158,27,one_year,fiber,electronic_check,True,1,44.74,1248.52,2,0
CUS002159,66,month_to_month,fiber,mailed_check,False,1,50.28,3218.62,0,0
CUS002160,18,month_to_month,none,electronic_check,True,1,23.88,423.57,1,0
CUS002161,65,month_to_month,dsl,bank_transfer,False,5,54.67,3620.59,2,0
CUS002162,22,month_to_month,fiber,credit_card,False,2,52.21,1202.71,0,0
CUS002163,41,month_to_month,fiber,credit_card,False,6,74.0,2953.88,3,1
CUS002164,6,month_to_month,fiber,bank_transfer,True,4,70.01,423.37,0,0
CUS002165,28,two_year,dsl,electronic_check,True,0,35.34,930.4,1,0
CUS002166,33,one_year,fiber,electronic_check,True,2,57.1,1831.12,0,0
CUS002167,28,month_to_month,fiber,electronic_check,True,1,52.53,1382.47,1,1
CUS002168,22,month_to_month,fiber,bank_transfer,True,0,47.5,1071.52,0,0
CUS002169,61,month_to_month,none,mailed_check,True,4,35.07,2227.75,2,0
CUS002170,28,two_year,fiber,credit_card,True,4,73.42,2072.38,1,0
CUS002171,38,month_to_month,dsl,electronic_check,False,0,27.79,998.76,0,0
CUS002172,50,month_to_month,dsl,mailed_check,True,1,36.53,1806.57,1,0
CUS002173,6,two_year,dsl,mailed_check,False,0,33.57,194.79,1,0
CUS002174,7,month_to_month,fiber,electronic_check,False,6,82.86,570.22,1,1
CUS002175,16,month_to_month,dsl,electronic_check,True,5,57.58,888.75,1,0
CUS002176,72,month_to_month,dsl,mailed_check,True,1,39.81,2896.49,0,0
CUS002177,46,month_to_month,dsl,bank_transfer,True,1,36.45,1748.57,0,0
CUS002178,45,month_to_month,none,credit_card,False,0,26.66,1196.74,0,0
CUS002179,12,month_to_month,fiber,bank_transfer,True,6,77.0,900.69,1,0
CUS002180,53,month_to_month,dsl,credit_card,False,1,37.78,1908.87,0,0
CUS002181,32,two_year,dsl,electronic_check,False,4,52.6,1680.73,2,0
CUS002182,35,month_to_month,fiber,mailed_check,False,5,74.45,2558.63,0,1
CUS002183,38,two_year,dsl,electronic_check,True,0,26.12,998.8,0,0
CUS002184,15,month_to_month,fiber,electronic_check,True,5,70.55,1003.39,0,0
CUS002185,23,two_year,dsl,electronic_check,True,0,30.05,699.26,1,0
CUS002186,24,month_to_month,none,credit_card,True,4,36.57,829.29,1,1
CUS002187,65,one_year,fiber,bank_transfer,True,1,47.16,2928.85,0,0
CUS002188,29,month_to_month,fiber,electronic_check,True,4,65.98,1975.4,0,0
CUS002189,70,month_to_month,fiber,bank_transfer,False,4,66.01,4688.69,1,0
CUS002190,48,two_year,none,mailed_check,True,4,37.76,1695.14,3,0
CUS002191,62,two_year,fiber,electronic_check,True,3,64.41,4154.19,0,0
CUS002192,12,two_year,fiber,credit_card,True,6,81.26,980.47,0,0
CUS002193,19,month_to_month,dsl,credit_card,False,1,40.76,761.66,0,0
CUS002194,49,one_year,none,bank_transfer,False,4,46.22,2234.17,1,0
CUS002195,9,month_to_month,dsl,credit_card,False,2,40.95,367.13,1,0
CUS002196,25,two_year,fiber,mailed_check,True,6,70.93,1738.62,0,0
CUS002197,68,month_to_month,none,mailed_check,True,6,52.14,3385.72,0,0
CUS002198,34,one_year,dsl,credit_card,True,5,58.85,1988.12,1,0
CUS002199,30,one_year,dsl,bank_transfer,True,3,44.25,1275.21,2,0
CUS002200,52,month_to_month,none,bank_transfer,True,5,44.12,2334.51,1,0
CUS002201,65,two_year,none,electronic_check,True,3,40.54,2766.54,0,0
CUS002202,19,one_year,fiber,credit_card,False,3,55.78,1031.25,0,0
CUS002203,57,month_to_month,fiber,bank_transfer,True,4,67.52,3661.56,0,0
CUS002204,24,one_year,none,credit_card,False,5,44.45,1024.04,3,0
CUS002205,2,month_to_month,none,mailed_check,True,5,48.26,98.34,0,1
CUS002206,56,one_year,dsl,mailed_check,True,0,30.2,1575.68,0,0
CUS002207,2,two_year,dsl,electronic_check,False,2,48.28,91.74,2,0
CUS002208,12,month_to_month,dsl,bank_transfer,False,2,46.04,527.64,0,0
CUS002209,26,one_year,fiber,mailed_check,False,3,62.71,1575.75,1,0
CUS002210,25,two_year,none,electronic_check,True,2,33.64,823.58,0,0
CUS002211,59,two_year,dsl,mailed_check,True,0,34.89,2039.86,0,0
CUS002212,59,two_year,dsl,mailed_check,False,6,59.07,3603.72,1,0
CUS002213,48,month_to_month,dsl,mailed_check,False,2,48.44,2249.69,0,0
CUS002214,26,month_to_month,fiber,bank_transfer,True,2,55.33,1351.22,0,0
CUS002215,22,two_year,dsl,credit_card,False,6,68.45,1401.41,0,1
CUS002216,36,month_to_month,dsl,credit_card,True,1,37.59,1348.58,0,0
CUS002217,25,month_to_month,none,electronic_check,True,5,44.78,1076.48,0,1
CUS002218,47,month_to_month,fiber,electronic_check,False,6,73.42,3371.27,1,1
CUS002219,5,two_year,fiber,electronic_check,False,3,52.99,267.81,1,0
CUS002220,39,month_to_month,dsl,bank_transfer,True,3,46.02,1869.59,0,0
CUS002221,20,two_year,dsl,mailed_check,True,5,53.14,1064.28,1,0
CUS002222,52,month_to_month,dsl,electronic_check,False,2,46.98,2442.92,0,0
CUS002223,35,two_year,fiber,electronic_check,True,5,76.22,2516.55,2,0
CUS002224,52,month_to_month,fiber,credit_card,True,3,62.1,3180.12,1,0
CUS002225,24,month_to_month,none,electronic_check,False,5,55.89,1286.36,1,0
CUS002226,50,one_year,fiber,credit_card,True,2,53.64,2571.59,0,0
CUS002227,62,month_to_month,fiber,electronic_check,True,2,56.08,3538.23,1,0
CUS002228,49,one_year,fiber,electronic_check,True,3,61.6,3049.65,0,0
CUS002229,56,month_to_month,none,bank_transfer,True,3,39.03,2187.31,0,0
CUS002230,32,month_to_month,dsl,electronic_check,False,0,32.32,1008.12,0,0
CUS002231,34,month_to_month,fiber,electronic_check,True,3,58.93,1952.23,1,0
CUS002232,56,two_year,fiber,mailed_check,True,1,49.32,2589.07,1,0
CUS002233,1,month_to_month,fiber,bank_transfer,False,5,78.17,,0,0
CUS002234,27,one_year,fiber,bank_transfer,False,5,63.32,1680.82,0,0
CUS002235,22,month_to_month,none,electronic_check,True,5,50.29,1051.4,1,0
CUS002236,25,month_to_month,fiber,electronic_check,False,0,42.97,1045.5,0,0
CUS002237,12,month_to_month,none,electronic_check,False,4,43.7,538.25,0,1
CUS002238,28,two_year,fiber,credit_card,True,4,62.2,1748.25,1,0
CUS002239,24,month_to_month,dsl,electronic_check,True,1,32.72,766.37,0,0
CUS002240,16,two_year,dsl,electronic_check,True,2,40.21,663.01,0,0
CUS002241,50,month_to_month,fiber,mailed_check,False,1,53.97,2738.16,1,0
CUS002242,37,month_to_month,dsl,bank_transfer,True,1,41.84,1595.29,1,0
CUS002243,65,month_to_month,fiber,bank_transfer,True,3,61.9,4068.18,1,0
CUS002244,31,month_to_month,fiber,electronic_check,False,3,66.29,2104.42,1,1
CUS002245,39,month_to_month,none,electronic_check,True,3,34.54,1254.01,1,1
CUS002246,27,month_to_month,fiber,credit_card,True,5,72.82,1854.09,0,1
CUS002247,67,month_to_month,none,electronic_check,False,1,23.43,1589.12,3,0
CUS002248,5,month_to_month,dsl,bank_transfer,False,3,45.72,227.57,0,0
CUS002249,5,month_to_month,fiber,mailed_check,False,6,75.53,376.1,0,1
CUS002250,45,month_to_month,none,bank_transfer,False,1,22.43,1056.48,0,0
CUS002251,22,month_to_month,none,mailed_check,True,3,33.92,717.74,1,0
CUS002252,38,one_year,fiber,bank_transfer,False,2,51.85,1838.03,0,0
CUS002253,6,one_year,fiber,electronic_check,False,5,72.42,450.77,1,0
CUS002254,29,one_year,dsl,electronic_check,True,2,49.57,1355.25,1,0
CUS002255,16,month_to_month,none,electronic_check,False,0,17.5,277.38,1,0
CUS002256,42,one_year,fiber,electronic_check,True,1,45.6,2000.21,0,0
CUS002257,19,month_to_month,fiber,electronic_check,True,4,67.51,1254.78,0,0
CUS002258,1,month_to_month,none,bank_transfer,False,6,55.39,,0,0
CUS002259,44,one_year,fiber,bank_transfer,True,3,64.13,2688.54,1,0
CUS002260,43,month_to_month,fiber,electronic_check,True,6,74.96,3030.39,2,0
CUS002261,11,month_to_month,fiber,credit_card,False,5,72.18,790.62,0,1
CUS002262,39,month_to_month,fiber,bank_transfer,True,5,66.57,2510.67,0,0
CUS002263,13,month_to_month,none,bank_transfer,True,1,32.53,406.12,2,0
CUS002264,41,two_year,fiber,credit_card,False,5,74.38,2942.32,0,0
CUS002265,17,two_year,none,electronic_check,True,3,33.81,547.99,1,0
CUS002266,15,month_to_month,fiber,mailed_check,False,1,52.41,814.43,3,1
CUS002267,41,month_to_month,none,electronic_check,False,4,41.92,1697.73,2,0
CUS002268,17,month_to_month,fiber,bank_transfer,True,6,81.01,1378.63,1,1
CUS002269,41,month_to_month,none,credit_card,True,6,37.8,1608.4,1,0
CUS002270,51,two_year,none,bank_transfer,False,4,38.61,2044.79,1,0
CUS002271,39,one_year,fiber,mailed_check,False,1,58.02,2226.29,3,0
CUS002272,49,month_to_month,fiber,mailed_check,True,6,78.41,3945.24,0,1
CUS002273,45,one_year,none,credit_card,False,4,43.86,2001.24,2,0
CUS002274,65,month_to_month,fiber,credit_card,True,3,65.03,4027.32,0,0
CUS002275,24,month_to_month,fiber,electronic_check,False,4,67.18,1640.31,0,1
CUS002276,44,one_year,fiber,mailed_check,True,4,62.57,2760.21,1,0
CUS002277,19,month_to_month,fiber,electronic_check,False,5,78.63,1485.83,3,0
CUS002278,56,month_to_month,dsl,mailed_check,False,4,53.91,3144.68,0,0
CUS002279,11,month_to_month,fiber,mailed_check,False,1,45.18,478.46,2,1
CUS002280,68,month_to_month,dsl,electronic_check,True,6,64.5,4334.87,0,0
CUS002281,54,one_year,fiber,electronic_check,False,1,53.9,2784.29,2,0
CUS002282,54,month_to_month,dsl,electronic_check,True,1,40.24,2031.28,0,0
CUS002283,2,month_to_month,none,mailed_check,False,1,35.94,74.59,3,0
CUS002284,2,one_year,none,bank_transfer,False,0,13.16,26.82,0,0
CUS002285,70,month_to_month,none,bank_transfer,True,4,41.91,2948.95,0,0
CUS002286,35,month_to_month,none,mailed_check,True,4,43.72,1545.6,0,0
CUS002287,51,month_to_month,fiber,electronic_check,False,6,83.26,4418.92,1,0
CUS002288,19,month_to_month,fiber,bank_transfer,True,4,62.44,1135.95,0,1
CUS002289,45,one_year,fiber,mailed_check,True,5,69.15,3186.28,1,0
CUS002290,32,month_to_month,fiber,credit_card,False,5,65.18,2034.74,0,1
CUS002291,25,two_year,none,electronic_check,False,6,57.06,1414.68,1,0
CUS002292,22,month_to_month,dsl,electronic_check,True,2,49.76,1113.71,1,0
CUS002293,60,month_to_month,dsl,bank_transfer,True,0,38.17,2255.44,2,0
CUS002294,55,two_year,dsl,electronic_check,True,4,49.31,2658.15,1,0
CUS002295,15,one_year,fiber,bank_transfer,True,1,55.08,798.39,2,0
CUS002296,14,month_to_month,fiber,credit_card,True,5,75.67,1108.7,1,0
CUS002297,26,month_to_month,none,credit_card,False,0,25.19,612.01,0,0
CUS002298,70,month_to_month,dsl,mailed_check,True,2,35.81,2342.53,0,0
CUS002299,47,month_to_month,dsl,electronic_check,True,1,32.46,1437.22,0,0
CUS002300,45,month_to_month,fiber,electronic_check,False,2,56.11,2487.99,0,0
CUS002301,22,month_to_month,fiber,bank_transfer,True,2,54.47,1136.04,0,0
CUS002302,33,month_to_month,none,electronic_check,True,4,35.97,1212.92,1,1
CUS002303,53,one_year,fiber,electronic_check,True,2,55.69,3050.75,0,0
CUS002304,44,two_year,none,bank_transfer,False,6,57.4,2550.42,0,0
CUS002305,17,month_to_month,dsl,bank_transfer,True,5,61.59,1056.98,2,0
CUS002306,47,two_year,fiber,bank_transfer,False,0,43.46,2063.38,0,0
CUS002307,49,two_year,fiber,credit_card,True,6,76.97,3603.19,1,0
CUS002308,37,one_year,fiber,electronic_check,True,1,54.94,2058.39,0,0
CUS002309,5,two_year,none,credit_card,False,1,24.42,121.37,2,0
CUS002310,25,two_year,dsl,bank_transfer,False,4,52.14,1334.21,2,0
CUS002311,39,one_year,fiber,credit_card,False,4,63.51,2394.93,0,0
CUS002312,19,month_to_month,fiber,credit_card,True,5,77.48,1392.69,0,0
CUS002313,5,month_to_month,none,electronic_check,True,3,36.95,193.82,1,1
CUS002314,7,two_year,none,bank_transfer,False,0,9.47,64.66,2,0
CUS002315,21,month_to_month,dsl,electronic_check,True,5,62.89,1359.54,0,1
CUS002316,21,one_year,fiber,mailed_check,False,3,62.02,1269.59,0,0
CUS002317,51,one_year,fiber,mailed_check,True,3,63.78,3309.56,0,0
CUS002318,33,month_to_month,fiber,mailed_check,True,2,63.32,2090.39,1,0
CUS002319,62,two_year,fiber,electronic_check,True,1,48.79,3084.65,0,0
CUS002320,5,month_to_month,fiber,credit_card,True,4,61.77,296.77,3,1
CUS002321,42,month_to_month,dsl,electronic_check,True,3,52.73,2105.87,3,0
CUS002322,6,one_year,dsl,electronic_check,True,2,44.7,249.5,0,1
CUS002323,57,one_year,fiber,electronic_check,True,2,52.04,2782.5,1,1
CUS002324,50,two_year,dsl,credit_card,True,6,66.25,3132.39,0,0
CUS002325,40,month_to_month,fiber,electronic_check,False,0,45.64,1705.02,1,0
CUS002326,13,one_year,dsl,bank_transfer,True,4,53.01,664.19,0,0
CUS002327,22,two_year,fiber,electronic_check,False,3,61.71,1361.62,2,0
CUS002328,7,month_to_month,fiber,bank_transfer,False,6,78.45,540.35,0,1
CUS002329,38,one_year,fiber,credit_card,False,4,69.63,2775.48,1,0
CUS002330,4,two_year,dsl,credit_card,False,1,36.93,149.34,1,0
CUS002331,19,month_to_month,fiber,electronic_check,True,4,70.01,1264.93,0,0
CUS002332,7,month_to_month,none,electronic_check,True,5,48.38,347.51,1,1
CUS002333,1,one_year,dsl,electronic_check,True,6,62.93,,0,0
CUS002334,3,month_to_month,fiber,electronic_check,True,2,56.85,177.89,1,1
CUS002335,2,one_year,fiber,bank_transfer,False,0,52.12,103.26,0,1
CUS002336,7,month_to_month,fiber,electronic_check,True,2,59.49,389.28,1,1
CUS002337,37,one_year,dsl,electronic_check,False,0,31.8,1212.5,2,0
CUS002338,56,month_to_month,dsl,mailed_check,False,3,43.24,2385.92,0,0
CUS002339,67,month_to_month,dsl,electronic_check,True,4,53.5,3489.04,0,0
CUS002340,43,one_year,fiber,credit_card,False,1,50.14,2259.01,3,0
CUS002341,52,two_year,fiber,mailed_check,False,2,60.17,2933.19,1,0
CUS002342,28,month_to_month,fiber,credit_card,True,1,41.97,1223.09,0,1
CUS002343,61,month_to_month,dsl,electronic_check,False,5,62.19,3677.31,0,0
CUS002344,13,month_to_month,none,credit_card,True,0,15.07,184.49,1,0
CUS002345,52,month_to_month,fiber,credit_card,True,3,61.56,3107.98,1,0
CUS002346,39,month_to_month,dsl,bank_transfer,True,0,26.68,1058.52,0,0
CUS002347,29,two_year,dsl,credit_card,True,2,37.45,1082.98,0,0
CUS002348,25,two_year,dsl,bank_transfer,True,2,39.63,1028.4,3,0
CUS002349,5,month_to_month,fiber,mailed_check,True,0,57.08,275.72,0,1
CUS002350,56,month_to_month,fiber,bank_transfer,False,3,60.49,3325.62,0,0
CUS002351,14,month_to_month,dsl,electronic_check,False,6,64.08,836.36,0,1
CUS002352,1,two_year,dsl,credit_card,True,6,58.56,,3,0
CUS002353,70,two_year,dsl,bank_transfer,False,4,52.07,3456.26,0,0
CUS002354,14,month_to_month,fiber,credit_card,True,1,45.22,635.06,0,0
CUS002355,18,month_to_month,fiber,bank_transfer,True,4,67.78,1219.32,2,1
CUS002356,51,one_year,fiber,electronic_check,True,3,59.67,2918.12,2,0
CUS002357,4,month_to_month,dsl,electronic_check,True,4,46.71,191.72,0,0
CUS002358,65,month_to_month,dsl,credit_card,True,4,53.13,3356.99,2,0
CUS002359,22,one_year,fiber,bank_transfer,False,4,65.18,1392.17,0,0
CUS002360,16,month_to_month,dsl,credit_card,True,1,35.57,567.24,1,0
CUS002361,62,month_to_month,dsl,mailed_check,True,0,30.71,1833.32,0,0
CUS002362,69,two_year,none,bank_transfer,True,0,23.94,1591.89,1,0
CUS002363,49,month_to_month,fiber,electronic_check,True,0,47.25,2317.24,0,0
CUS002364,65,month_to_month,fiber,electronic_check,True,5,57.59,3701.6,1,0
CUS002365,64,month_to_month,fiber,electronic_check,False,4,69.92,4253.73,1,0
CUS002366,50,two_year,fiber,bank_transfer,True,4,61.38,3090.64,0,0
CUS002367,12,one_year,fiber,mailed_check,False,2,56.4,638.1,0,0
CUS002368,14,month_to_month,none,credit_card,False,0,23.39,340.9,1,1
CUS002369,38,month_to_month,fiber,mailed_check,False,1,45.27,1752.09,1,0
CUS002370,58,month_to_month,dsl,electronic_check,False,3,44.13,2650.13,0,0
CUS002371,14,two_year,fiber,credit_card,False,3,65.53,863.16,0,0
CUS002372,65,month_to_month,fiber,credit_card,True,3,57.41,3714.17,0,0
CUS002373,53,two_year,dsl,electronic_check,True,5,63.15,3463.4,0,0
CUS002374,62,two_year,fiber,bank_transfer,True,1,53.56,3207.01,2,0
CUS002375,56,one_year,fiber,credit_card,True,5,76.89,4188.68,1,0
CUS002376,37,month_to_month,dsl,mailed_check,True,4,62.19,2224.95,0,0
CUS002377,22,month_to_month,fiber,bank_transfer,False,2,62.02,1377.82,0,0
CUS002378,37,one_year,fiber,electronic_check,False,1,55.51,2112.67,0,0
CUS002379,5,month_to_month,fiber,electronic_check,False,6,85.86,407.11,0,1
CUS002380,38,one_year,none,mailed_check,False,3,36.2,1364.49,1,1
CUS002381,35,month_to_month,none,credit_card,False,4,41.76,1455.99,0,0
CUS002382,66,month_to_month,dsl,electronic_check,True,6,70.42,4686.97,0,0
CUS002383,12,one_year,fiber,electronic_check,False,4,75.25,928.97,0,0
CUS002384,46,month_to_month,dsl,credit_card,True,4,47.73,2247.82,1,0
CUS002385,65,two_year,dsl,electronic_check,False,0,34.73,2326.85,1,0
CUS002386,14,two_year,fiber,credit_card,True,6,73.5,998.03,2,1
CUS002387,51,month_to_month,dsl,credit_card,False,0,35.94,1906.52,1,0
CUS002388,65,month_to_month,fiber,electronic_check,True,0,51.79,3209.68,0,0
CUS002389,10,month_to_month,fiber,electronic_check,True,1,51.27,524.72,2,1
CUS002390,6,one_year,dsl,electronic_check,False,2,43.51,273.82,0,0
CUS002391,11,month_to_month,dsl,electronic_check,False,5,52.25,540.13,0,1
CUS002392,20,one_year,fiber,credit_card,True,5,72.06,1378.4,1,0
CUS002393,38,month_to_month,fiber,bank_transfer,False,5,74.08,2619.3,0,1
CUS002394,35,month_to_month,none,credit_card,False,3,39.67,1448.3,1,0
CUS002395,13,month_to_month,dsl,bank_transfer,True,6,60.48,823.08,1,0
CUS002396,70,month_to_month,fiber,bank_transfer,False,5,75.38,5444.82,1,1
CUS002397,38,month_to_month,none,credit_card,False,3,27.39,1058.68,1,0
CUS002398,67,month_to_month,fiber,mailed_check,True,2,58.58,3830.04,1,0
CUS002399,28,month_to_month,none,electronic_check,False,0,11.08,313.72,0,0
CUS002400,20,one_year,dsl,mailed_check,True,6,61.9,1186.11,1,1
CUS002401,4,month_to_month,dsl,credit_card,True,4,59.37,229.62,3,1
CUS002402,17,two_year,fiber,bank_transfer,True,0,52.29,885.48,0,0
CUS002403,24,two_year,dsl,electronic_check,True,5,57.13,1389.97,1,0
CUS002404,44,month_to_month,fiber,mailed_check,False,3,63.81,2710.43,2,0
CUS002405,40,month_to_month,fiber,credit_card,False,6,79.07,3048.42,1,0
CUS002406,30,month_to_month,dsl,electronic_check,True,3,45.31,1321.6,0,0
CUS002407,43,month_to_month,dsl,credit_card,True,0,30.93,1382.7,1,0
CUS002408,62,month_to_month,fiber,electronic_check,False,1,44.93,2799.56,2,0
CUS002409,23,month_to_month,dsl,mailed_check,False,1,41.31,953.22,0,0
CUS002410,29,month_to_month,fiber,mailed_check,False,0,45.54,1323.78,0,0
CUS002411,62,month_to_month,fiber,mailed_check,False,6,67.98,4251.1,1,0
CUS002412,9,one_year,none,electronic_check,True,6,52.97,486.95,1,0
CUS002413,9,month_to_month,dsl,electronic_check,True,6,57.93,528.79,1,1
CUS002414,59,one_year,fiber,bank_transfer,True,3,65.29,3744.76,2,0
CUS002415,9,one_year,dsl,electronic_check,True,1,34.57,318.84,0,1
CUS002416,35,month_to_month,dsl,credit_card,True,2,46.05,1629.2,1,0
CUS002417,8,month_to_month,dsl,credit_card,False,0,31.39,244.03,0,0
CUS002418,13,month_to_month,dsl,credit_card,True,6,61.98,805.55,0,0
CUS002419,19,month_to_month,fiber,bank_transfer,True,4,64.84,1147.73,0,0
CUS002420,46,month_to_month,dsl,electronic_check,True,6,59.36,2731.58,1,0
CUS002421,11,one_year,none,electronic_check,False,1,19.67,215.93,1,0
CUS002422,66,one_year,dsl,electronic_check,False,1,28.37,1762.89,2,0
CUS002423,72,month_to_month,fiber,mailed_check,True,3,64.09,4500.36,0,0
CUS002424,23,month_to_month,fiber,mailed_check,True,4,67.34,1622.02,1,1
CUS002425,56,month_to_month,fiber,mailed_check,True,3,60.32,3543.35,0,0
CUS002426,55,month_to_month,none,mailed_check,False,0,13.19,729.16,0,0
CUS002427,29,month_to_month,fiber,electronic_check,True,4,67.71,1992.09,0,0
CUS002428,20,two_year,none,electronic_check,False,4,38.82,809.21,1,0
CUS002429,60,one_year,dsl,bank_transfer,True,6,64.68,3671.24,0,0
CUS002430,60,one_year,fiber,credit_card,True,1,44.6,2735.34,0,0
CUS002431,21,month_to_month,none,electronic_check,True,2,26.98,572.06,1,0
CUS002432,47,two_year,none,bank_transfer,False,3,38.4,1843.37,0,0
CUS002433,11,month_to_month,none,electronic_check,True,0,15.2,157.39,1,1
CUS002434,60,month_to_month,dsl,electronic_check,True,5,54.28,3119.92,4,1
CUS002435,42,month_to_month,dsl,credit_card,True,1,41.79,1784.18,0,0
CUS002436,25,one_year,dsl,bank_transfer,True,2,42.12,1084.08,0,0
CUS002437,20,one_year,fiber,mailed_check,False,3,70.38,1393.71,0,0
CUS002438,4,month_to_month,fiber,electronic_check,True,0,48.73,201.89,0,1
CUS002439,20,two_year,fiber,credit_card,False,3,66.99,1385.86,0,0
CUS002440,19,month_to_month,dsl,electronic_check,True,6,58.56,1115.3,1,0
CUS002441,40,month_to_month,fiber,bank_transfer,True,4,74.92,3113.46,1,0
CUS002442,33,month_to_month,dsl,mailed_check,False,5,54.05,1737.23,1,0
CUS002443,12,one_year,fiber,credit_card,False,6,81.44,959.34,0,0
CUS002444,25,month_to_month,dsl,electronic_check,False,6,61.37,1486.31,2,1
CUS002445,43,two_year,fiber,credit_card,True,6,76.84,3393.71,2,0
CUS002446,9,one_year,fiber,mailed_check,False,5,81.54,701.1,0,1
CUS002447,8,one_year,fiber,mailed_check,True,4,75.14,582.94,1,0
CUS002448,19,one_year,dsl,mailed_check,True,6,59.89,1163.11,0,0
CUS002449,26,month_to_month,none,electronic_check,True,0,24.72,633.82,0,1
CUS002450,25,month_to_month,fiber,credit_card,True,0,49.04,1207.53,0,1
CUS002451,63,month_to_month,dsl,electronic_check,True,1,38.14,2425.1,0,0
CUS002452,67,one_year,none,electronic_check,False,4,38.52,2695.77,0,0
CUS002453,17,one_year,fiber,credit_card,True,2,60.18,1015.06,0,0
CUS002454,9,month_to_month,dsl,electronic_check,False,0,39.22,358.06,4,1
CUS002455,61,month_to_month,fiber,credit_card,True,6,78.58,4886.45,1,0
CUS002456,53,month_to_month,dsl,mailed_check,False,6,56.16,3011.28,2,0
CUS002457,63,two_year,fiber,mailed_check,False,4,60.97,3665.02,1,0
CUS002458,42,month_to_month,dsl,credit_card,True,1,38.34,1498.19,1,0
CUS002459,42,month_to_month,dsl,electronic_check,False,4,47.79,2067.06,1,0
CUS002460,7,month_to_month,none,mailed_check,False,0,21.7,147.55,0,0
CUS002461,71,month_to_month,dsl,mailed_check,False,0,31.68,2141.56,1,0
CUS002462,61,one_year,fiber,bank_transfer,False,0,50.08,2995.96,0,0
CUS002463,63,month_to_month,fiber,bank_transfer,False,5,63.89,3788.16,0,0
CUS002464,55,month_to_month,dsl,electronic_check,True,3,47.4,2618.8,1,0
CUS002465,5,month_to_month,none,bank_transfer,True,0,20.26,96.6,1,0
CUS002466,39,month_to_month,fiber,electronic_check,True,6,76.78,3083.67,0,0
CUS002467,20,two_year,dsl,bank_transfer,False,0,32.55,670.18,0,0
CUS002468,23,two_year,dsl,credit_card,True,6,58.44,1282.63,1,0
CUS002469,29,month_to_month,none,bank_transfer,False,5,45.19,1258.97,2,0
CUS002470,37,month_to_month,fiber,credit_card,False,4,63.59,2225.01,1,0
CUS002471,19,month_to_month,fiber,bank_transfer,False,6,78.78,1438.45,0,0
CUS002472,29,month_to_month,dsl,electronic_check,False,0,36.67,1021.0,2,1
CUS002473,2,month_to_month,dsl,mailed_check,True,0,36.46,69.37,1,1
CUS002474,53,one_year,none,mailed_check,False,1,24.76,1288.14,1,0
CUS002475,19,month_to_month,dsl,credit_card,False,3,52.87,969.82,0,0
CUS002476,17,month_to_month,fiber,bank_transfer,True,2,57.32,1013.11,2,1
CUS002477,17,month_to_month,fiber,bank_transfer,True,0,45.44,800.98,1,0
CUS002478,26,one_year,fiber,mailed_check,True,4,59.06,1606.21,0,0
CUS002479,67,month_to_month,dsl,credit_card,True,0,34.95,2224.27,0,0
CUS002480,36,two_year,fiber,electronic_check,True,6,78.28,2954.6,2,0
CUS002481,35,two_year,fiber,electronic_check,False,3,58.49,2111.15,1,0
CUS002482,45,month_to_month,dsl,bank_transfer,False,0,33.68,1513.81,0,0
CUS002483,4,one_year,dsl,mailed_check,False,2,39.72,166.02,1,0
CUS002484,36,month_to_month,fiber,credit_card,True,5,64.26,2208.29,0,0
CUS002485,17,month_to_month,dsl,electronic_check,True,0,27.63,456.28,1,0
CUS002486,69,month_to_month,fiber,electronic_check,False,0,45.02,3227.16,4,1
CUS002487,8,month_to_month,dsl,credit_card,True,0,35.86,295.88,2,0
CUS002488,2,two_year,fiber,electronic_check,True,5,75.87,142.43,0,0
CUS002489,28,month_to_month,fiber,electronic_check,True,2,57.84,1507.2,0,1
CUS002490,37,month_to_month,fiber,bank_transfer,True,0,40.21,1467.74,0,1
CUS002491,18,one_year,fiber,electronic_check,False,6,74.88,1376.72,0,0
CUS002492,68,one_year,fiber,credit_card,True,1,48.7,3431.48,1,0
CUS002493,56,two_year,none,credit_card,False,6,45.61,2533.03,0,0
CUS002494,57,two_year,fiber,mailed_check,True,6,80.76,4657.52,2,1
CUS002495,32,month_to_month,fiber,credit_card,True,3,66.04,2214.12,2,1
CUS002496,69,month_to_month,fiber,electronic_check,True,6,81.19,5714.29,1,1
CUS002497,21,one_year,dsl,mailed_check,False,6,53.43,1121.21,1,0
CUS002498,37,two_year,fiber,credit_card,True,1,53.13,1984.77,0,0
CUS002499,56,month_to_month,fiber,credit_card,False,1,46.74,2574.97,3,1
CUS002500,72,month_to_month,none,electronic_check,True,1,22.87,1662.77,2,0
CUS002501,43,month_to_month,dsl,bank_transfer,False,5,61.39,2465.64,0,0
CUS002502,21,one_year,none,bank_transfer,True,0,21.85,440.45,1,0
CUS002503,20,two_year,fiber,electronic_check,False,5,77.58,1469.44,0,0
CUS002504,14,one_year,dsl,credit_card,True,4,51.11,674.0,1,0
CUS002505,58,one_year,fiber,mailed_check,False,4,67.94,3840.62,1,0
CUS002506,35,one_year,none,electronic_check,False,1,22.78,773.26,0,0
CUS002507,51,one_year,fiber,electronic_check,True,2,56.65,2818.12,0,0
CUS002508,5,month_to_month,fiber,bank_transfer,True,0,49.83,240.77,2,1
CUS002509,35,month_to_month,none,bank_transfer,True,4,38.68,1322.37,1,0
CUS002510,20,month_to_month,dsl,bank_transfer,True,6,62.41,1295.43,1,0
CUS002511,14,month_to_month,dsl,electronic_check,True,0,29.85,405.71,0,1
CUS002512,47,two_year,dsl,electronic_check,False,0,34.4,1565.73,1,0
CUS002513,11,month_to_month,dsl,electronic_check,True,2,43.82,503.66,0,1
CUS002514,17,month_to_month,fiber,mailed_check,False,0,50.7,824.76,3,1
CUS002515,59,two_year,dsl,mailed_check,True,0,26.83,1554.71,1,0
CUS002516,31,two_year,dsl,credit_card,True,6,62.01,1833.11,0,0
CUS002517,72,month_to_month,none,electronic_check,False,6,50.78,3446.43,0,0
CUS002518,19,month_to_month,fiber,bank_transfer,False,5,75.83,1500.67,0,0
CUS002519,65,two_year,fiber,credit_card,True,3,53.76,3391.54,0,0
CUS002520,12,month_to_month,fiber,electronic_check,True,3,71.17,837.04,2,1
CUS002521,32,month_to_month,dsl,electronic_check,True,1,39.52,1294.74,0,1
CUS002522,24,month_to_month,dsl,electronic_check,False,3,42.64,1019.29,0,1
CUS002523,62,two_year,dsl,bank_transfer,True,3,53.54,3315.46,1,0
CUS002524,71,month_to_month,dsl,credit_card,True,1,41.9,3045.01,0,0
CUS002525,69,one_year,fiber,credit_card,False,5,69.24,4843.7,0,0
CUS002526,12,month_to_month,fiber,electronic_check,False,4,67.52,799.78,0,0
CUS002527,58,month_to_month,fiber,electronic_check,True,1,50.56,2736.21,1,1
CUS002528,41,month_to_month,dsl,electronic_check,True,3,53.28,2218.28,1,0
CUS002529,53,month_to_month,none,credit_card,False,0,23.17,1197.48,1,0
CUS002530,17,month_to_month,none,mailed_check,True,6,51.08,832.55,1,1
CUS002531,23,month_to_month,dsl,mailed_check,True,0,33.4,802.5,2,1
CUS002532,64,two_year,dsl,electronic_check,False,4,51.51,3377.97,0,0
CUS002533,47,one_year,dsl,mailed_check,False,6,61.81,3011.31,0,0
CUS002534,50,month_to_month,fiber,credit_card,True,0,52.57,2599.52,0,0
CUS002535,21,month_to_month,fiber,credit_card,True,1,60.17,1225.29,0,1
CUS002536,33,one_year,none,mailed_check,True,0,17.46,585.65,2,0
CUS002537,20,month_to_month,fiber,electronic_check,True,0,47.12,959.88,1,1
CUS002538,50,month_to_month,dsl,electronic_check,False,0,27.76,1313.16,2,0
CUS002539,59,one_year,none,bank_transfer,True,4,33.81,1948.55,1,0
CUS002540,1,month_to_month,dsl,bank_transfer,False,1,41.03,,0,0
CUS002541,57,month_to_month,none,electronic_check,False,4,40.2,2222.28,1,0
CUS002542,28,month_to_month,none,electronic_check,True,3,36.01,1014.38,2,0
CUS002543,34,one_year,fiber,electronic_check,True,6,80.5,2803.57,1,0
CUS002544,50,one_year,fiber,electronic_check,False,6,79.68,4003.15,1,0
CUS002545,34,month_to_month,none,credit_card,False,1,25.2,835.97,1,1
CUS002546,48,two_year,fiber,electronic_check,True,1,54.84,2548.87,0,0
CUS002547,48,one_year,fiber,mailed_check,True,6,76.23,3756.44,0,0
CUS002548,51,month_to_month,dsl,bank_transfer,False,2,39.83,1922.05,0,1
CUS002549,3,one_year,dsl,bank_transfer,True,1,39.17,113.78,0,1
CUS002550,29,month_to_month,fiber,mailed_check,False,2,53.45,1443.3,0,0
CUS002551,52,month_to_month,dsl,credit_card,True,0,33.28,1779.0,0,1
CUS002552,33,month_to_month,fiber,electronic_check,False,0,42.72,1314.3,0,1
CUS002553,70,two_year,fiber,bank_transfer,False,3,63.45,4141.91,1,0
CUS002554,16,one_year,fiber,electronic_check,False,0,50.23,803.5,1,0
CUS002555,67,month_to_month,fiber,electronic_check,True,4,69.31,4467.83,1,0
CUS002556,55,two_year,none,electronic_check,True,5,53.3,3010.3,4,0
CUS002557,9,month_to_month,fiber,electronic_check,False,1,50.6,457.8,1,1
CUS002558,8,month_to_month,dsl,mailed_check,True,0,31.8,250.17,0,0
CUS002559,72,two_year,dsl,mailed_check,False,4,49.17,3630.87,0,0
CUS002560,71,one_year,none,credit_card,True,2,24.62,1725.84,0,0
CUS002561,14,month_to_month,fiber,mailed_check,True,2,57.42,828.96,1,0
CUS002562,44,one_year,fiber,bank_transfer,False,4,66.97,3003.33,2,1
CUS002563,37,month_to_month,fiber,bank_transfer,True,3,64.75,2366.82,1,0
CUS002564,38,one_year,fiber,bank_transfer,True,4,62.22,2389.3,0,0
CUS002565,58,two_year,fiber,mailed_check,True,4,65.0,3689.17,0,0
CUS002566,47,two_year,none,electronic_check,False,4,45.3,2136.34,0,0
CUS002567,4,one_year,fiber,electronic_check,True,3,57.14,213.75,1,1
CUS002568,64,month_to_month,fiber,credit_card,True,2,69.55,4531.79,1,0
CUS002569,42,month_to_month,fiber,bank_transfer,False,4,67.34,2844.91,1,0
CUS002570,52,two_year,none,electronic_check,True,0,27.94,1389.78,0,0
CUS002571,53,month_to_month,fiber,credit_card,True,0,44.56,2428.93,0,0
CUS002572,42,month_to_month,fiber,bank_transfer,True,4,63.92,2659.83,0,0
CUS002573,14,month_to_month,none,electronic_check,True,6,46.81,660.11,0,0
CUS002574,3,month_to_month,none,bank_transfer,True,4,34.88,109.13,0,0
CUS002575,25,two_year,fiber,electronic_check,True,4,73.56,1828.53,0,0
CUS002576,15,one_year,fiber,credit_card,True,4,72.78,1139.78,1,0
CUS002577,8,two_year,fiber,credit_card,True,6,69.07,518.53,0,0
CUS002578,62,month_to_month,fiber,mailed_check,True,6,81.74,5142.4,0,0
CUS002579,48,two_year,fiber,credit_card,True,5,66.74,3262.45,2,0
CUS002580,27,two_year,fiber,credit_card,True,2,54.49,1370.43,0,0
CUS002581,46,two_year,none,credit_card,True,5,46.61,2029.51,1,0
CUS002582,37,month_to_month,fiber,credit_card,True,5,71.82,2554.38,0,0
CUS002583,44,one_year,dsl,credit_card,True,2,36.47,1674.42,0,0
CUS002584,27,one_year,fiber,electronic_check,False,4,66.62,1767.95,1,0
CUS002585,17,one_year,fiber,mailed_check,False,5,69.18,1180.52,0,0
CUS002586,17,month_to_month,fiber,electronic_check,True,3,62.14,1106.59,0,0
CUS002587,19,month_to_month,dsl,electronic_check,True,1,36.84,701.75,4,1
CUS002588,5,two_year,fiber,electronic_check,False,3,61.14,315.87,1,0
CUS002589,53,month_to_month,fiber,electronic_check,True,5,68.0,3679.08,0,0
CUS002590,64,one_year,fiber,mailed_check,True,0,46.52,2901.43,0,0
CUS002591,47,two_year,dsl,bank_transfer,False,4,48.18,2114.65,2,0
CUS002592,69,month_to_month,dsl,credit_card,True,2,48.75,3388.46,0,0
CUS002593,68,month_to_month,dsl,mailed_check,True,4,58.57,3765.41,0,0
CUS002594,10,two_year,dsl,bank_transfer,True,3,42.04,431.01,1,0
CUS002595,46,month_to_month,fiber,electronic_check,False,6,84.35,3965.15,0,1
CUS002596,15,one_year,fiber,credit_card,True,5,73.91,1141.33,1,0
CUS002597,60,two_year,none,credit_card,False,0,16.17,962.9,1,0
CUS002598,18,one_year,fiber,credit_card,True,4,67.52,1149.12,0,0
CUS002599,58,month_to_month,fiber,mailed_check,False,5,80.19,4593.63,1,1
CUS002600,24,two_year,fiber,credit_card,False,4,68.49,1609.31,0,0
CUS002601,49,two_year,dsl,mailed_check,True,4,47.62,2284.24,1,0
CUS002602,22,two_year,fiber,bank_transfer,False,5,69.15,1589.44,1,0
CUS002603,61,two_year,fiber,electronic_check,False,4,73.01,4262.52,3,0
CUS002604,54,month_to_month,fiber,bank_transfer,True,1,48.5,2453.86,1,0
CUS002605,9,month_to_month,dsl,bank_transfer,True,1,44.79,403.05,1,0
CUS002606,1,month_to_month,fiber,electronic_check,True,4,71.67,,0,1
CUS002607,2,month_to_month,dsl,bank_transfer,False,4,50.87,101.95,0,1
CUS002608,38,month_to_month,none,electronic_check,False,6,43.69,1648.38,1,0
CUS002609,17,month_to_month,fiber,bank_transfer,True,6,79.03,1268.8,2,1
CUS002610,57,month_to_month,fiber,bank_transfer,True,3,54.18,3029.07,0,0
CUS002611,15,month_to_month,none,credit_card,True,4,42.33,657.17,2,1
CUS002612,3,one_year,none,electronic_check,False,5,39.69,114.13,1,1
CUS002613,71,month_to_month,dsl,electronic_check,False,2,41.53,3047.18,1,0
CUS002614,32,one_year,dsl,electronic_check,True,6,61.97,2072.77,0,0
CUS002615,58,one_year,dsl,mailed_check,False,3,44.47,2577.43,0,0
CUS002616,62,month_to_month,fiber,electronic_check,True,1,51.21,3106.48,1,0
CUS002617,9,month_to_month,fiber,mailed_check,True,2,61.59,516.04,0,0
CUS002618,2,two_year,fiber,mailed_check,True,1,55.43,114.69,1,0
CUS002619,8,month_to_month,dsl,bank_transfer,True,4,54.24,415.2,0,0
CUS002620,4,one_year,fiber,electronic_check,True,0,43.96,168.69,0,0
CUS002621,65,month_to_month,fiber,electronic_check,False,2,57.92,3515.04,0,0
CUS002622,13,two_year,fiber,credit_card,False,0,48.71,654.74,0,0
CUS002623,37,one_year,none,mailed_check,False,4,38.88,1472.47,0,0
CUS002624,2,month_to_month,dsl,mailed_check,True,2,42.2,87.53,1,0
CUS002625,40,month_to_month,fiber,bank_transfer,False,2,62.55,2559.22,2,1
CUS002626,10,two_year,dsl,electronic_check,True,3,47.65,483.59,1,0
CUS002627,45,month_to_month,fiber,electronic_check,True,2,53.68,2386.39,1,1
CUS002628,44,month_to_month,fiber,electronic_check,False,3,66.91,3035.96,1,0
CUS002629,61,month_to_month,dsl,electronic_check,True,4,51.65,3156.16,2,0
CUS002630,27,month_to_month,dsl,bank_transfer,True,4,49.14,1327.12,1,0
CUS002631,64,one_year,fiber,electronic_check,True,2,55.42,3586.38,0,0
CUS002632,1,month_to_month,fiber,mailed_check,False,3,62.69,,1,1
CUS002633,57,one_year,fiber,bank_transfer,False,4,67.78,4048.94,0,0
CUS002634,18,two_year,fiber,bank_transfer,True,0,47.28,870.24,0,0
CUS002635,54,month_to_month,none,bank_transfer,True,5,45.75,2549.89,0,0
CUS002636,54,month_to_month,fiber,electronic_check,True,1,48.73,2619.46,2,0
CUS002637,44,month_to_month,dsl,mailed_check,True,0,31.73,1395.08,0,0
CUS002638,44,two_year,none,mailed_check,True,4,44.27,1818.8,3,0
CUS002639,58,month_to_month,dsl,bank_transfer,False,1,36.54,1993.13,2,0
CUS002640,47,month_to_month,fiber,credit_card,True,6,78.52,3611.26,0,0
CUS002641,46,month_to_month,fiber,electronic_check,False,5,74.1,3304.63,2,0
CUS002642,41,two_year,dsl,bank_transfer,True,2,39.33,1512.19,1,0
CUS002643,47,month_to_month,fiber,mailed_check,True,2,48.34,2142.28,2,0
CUS002644,27,one_year,fiber,mailed_check,True,6,73.41,2067.0,0,0
CUS002645,6,two_year,dsl,bank_transfer,True,4,51.44,309.43,0,0
CUS002646,55,month_to_month,fiber,electronic_check,False,1,53.3,3016.07,1,1
CUS002647,2,month_to_month,fiber,mailed_check,True,5,74.39,146.81,3,1
CUS002648,19,one_year,none,credit_card,True,2,29.42,554.96,0,0
CUS002649,71,one_year,dsl,electronic_check,True,4,55.04,4023.2,0,0
CUS002650,4,two_year,dsl,electronic_check,False,0,35.17,132.07,1,0
CUS002651,55,two_year,dsl,credit_card,True,3,52.21,2878.54,0,0
CUS002652,41,two_year,fiber,bank_transfer,True,6,81.01,3254.39,1,0
CUS002653,35,month_to_month,none,electronic_check,True,2,34.45,1156.93,0,0
CUS002654,50,month_to_month,dsl,credit_card,False,4,48.76,2279.89,0,0
CUS002655,3,one_year,dsl,mailed_check,False,2,50.07,155.75,0,0
CUS002656,44,month_to_month,fiber,electronic_check,True,0,39.45,1803.76,1,1
CUS002657,48,month_to_month,dsl,electronic_check,False,5,56.69,2618.7,1,0
CUS002658,19,two_year,dsl,mailed_check,True,6,60.32,1101.41,0,0
CUS002659,39,two_year,fiber,electronic_check,False,1,48.05,1743.63,0,0
CUS002660,68,month_to_month,dsl,bank_transfer,True,1,35.05,2453.59,0,0
CUS002661,27,month_to_month,fiber,bank_transfer,False,3,60.98,1531.62,0,0
CUS002662,64,one_year,dsl,mailed_check,True,5,44.77,2927.88,3,0
CUS002663,62,month_to_month,fiber,electronic_check,True,2,64.16,4000.54,0,0
CUS002664,35,month_to_month,fiber,electronic_check,False,6,80.85,2948.23,0,0
CUS002665,34,two_year,fiber,bank_transfer,False,2,59.57,1902.46,1,0
CUS002666,71,two_year,none,mailed_check,False,0,17.68,1175.35,0,0
CUS002667,53,two_year,fiber,electronic_check,True,2,60.14,2994.56,0,0
CUS002668,11,month_to_month,none,bank_transfer,False,3,42.63,460.51,2,0
CUS002669,14,month_to_month,fiber,electronic_check,True,3,63.57,932.12,0,0
CUS002670,16,month_to_month,dsl,credit_card,False,0,28.11,468.32,1,0
CUS002671,46,one_year,none,credit_card,True,5,39.84,1767.32,0,0
CUS002672,10,month_to_month,fiber,electronic_check,True,3,62.75,634.02,1,1
CUS002673,42,one_year,fiber,electronic_check,False,6,77.44,3384.0,0,0
CUS002674,58,month_to_month,fiber,electronic_check,True,2,56.08,3096.41,0,1
CUS002675,4,month_to_month,dsl,electronic_check,True,5,59.43,227.9,0,1
CUS002676,59,month_to_month,none,electronic_check,True,0,25.52,1408.86,1,0
CUS002677,52,month_to_month,dsl,electronic_check,False,0,27.88,1391.97,1,0
CUS002678,37,month_to_month,fiber,mailed_check,False,2,57.01,2090.33,0,1
CUS002679,61,two_year,none,credit_card,True,4,38.02,2426.92,1,0
CUS002680,3,month_to_month,fiber,credit_card,False,2,48.71,143.33,1,1
CUS002681,72,month_to_month,none,credit_card,True,2,29.02,2089.05,1,0
CUS002682,47,two_year,fiber,bank_transfer,True,5,61.78,2763.07,0,0
CUS002683,14,month_to_month,none,credit_card,True,3,33.18,454.63,0,1
CUS002684,7,month_to_month,fiber,electronic_check,False,0,39.43,267.3,0,1
CUS002685,72,one_year,none,bank_transfer,True,6,56.5,4021.41,1,0
CUS002686,69,month_to_month,dsl,electronic_check,True,1,31.27,2241.7,1,1
CUS002687,49,month_to_month,fiber,electronic_check,False,0,48.93,2430.44,0,0
CUS002688,11,one_year,fiber,mailed_check,True,2,49.39,548.28,0,0
CUS002689,25,month_to_month,dsl,electronic_check,True,2,40.32,1041.6,1,0
CUS002690,24,month_to_month,dsl,mailed_check,False,3,46.41,1166.08,3,1
CUS002691,27,month_to_month,fiber,electronic_check,True,1,44.45,1223.13,1,0
CUS002692,18,month_to_month,dsl,credit_card,True,1,31.49,529.89,0,0
CUS002693,39,month_to_month,fiber,mailed_check,False,3,64.97,2407.83,0,0
CUS002694,62,one_year,dsl,electronic_check,True,6,54.52,3504.74,0,0
CUS002695,54,month_to_month,fiber,bank_transfer,True,5,71.5,3865.5,0,0
CUS002696,58,month_to_month,fiber,credit_card,False,3,56.94,3427.04,1,0
CUS002697,11,one_year,fiber,electronic_check,True,6,78.11,878.23,3,1
CUS002698,11,two_year,fiber,bank_transfer,False,1,42.07,436.82,0,0
CUS002699,52,month_to_month,dsl,electronic_check,False,4,55.76,2983.98,1,1
CUS002700,35,two_year,dsl,electronic_check,False,4,43.92,1573.43,0,0
CUS002701,14,month_to_month,none,electronic_check,True,0,20.09,268.65,1,0
CUS002702,66,month_to_month,dsl,mailed_check,True,5,55.95,3813.0,0,0
CUS002703,6,month_to_month,dsl,electronic_check,True,6,61.56,349.31,0,0
CUS002704,16,two_year,dsl,mailed_check,True,2,39.02,593.64,1,0
CUS002705,54,two_year,dsl,electronic_check,False,0,29.93,1593.46,1,0
CUS002706,54,two_year,fiber,bank_transfer,True,4,63.65,3595.15,0,0
CUS002707,64,month_to_month,fiber,credit_card,True,2,56.72,3441.23,1,0
CUS002708,71,month_to_month,none,credit_card,True,2,34.46,2494.53,0,0
CUS002709,37,one_year,none,credit_card,False,4,36.35,1409.84,0,0
CUS002710,39,one_year,fiber,electronic_check,False,1,47.41,1884.39,1,0
CUS002711,59,month_to_month,fiber,credit_card,True,2,58.93,3605.97,0,0
CUS002712,56,month_to_month,fiber,electronic_check,True,5,71.03,3778.69,2,0
CUS002713,23,month_to_month,fiber,bank_transfer,False,3,59.93,1320.43,0,1
CUS002714,52,month_to_month,dsl,credit_card,True,5,58.95,2904.08,1,0
CUS002715,45,one_year,dsl,electronic_check,False,6,67.65,3049.97,0,0
CUS002716,29,month_to_month,dsl,mailed_check,True,5,61.66,1849.45,1,0
CUS002717,34,month_to_month,fiber,electronic_check,False,2,57.05,1927.56,0,1
CUS002718,32,month_to_month,none,bank_transfer,True,0,21.45,715.4,0,0
CUS002719,46,month_to_month,none,electronic_check,True,1,28.64,1313.15,2,0
CUS002720,25,month_to_month,fiber,mailed_check,True,1,44.15,1064.29,1,1
CUS002721,35,one_year,fiber,electronic_check,False,6,70.91,2510.01,1,0
CUS002722,54,two_year,dsl,bank_transfer,True,4,50.14,2648.31,1,0
CUS002723,8,month_to_month,fiber,credit_card,False,1,52.19,407.08,2,1
CUS002724,11,month_to_month,fiber,mailed_check,True,1,53.8,565.41,0,0
CUS002725,7,month_to_month,none,electronic_check,True,2,28.75,209.71,1,1
CUS002726,59,one_year,dsl,bank_transfer,False,4,58.61,3574.0,1,0
CUS002727,57,month_to_month,dsl,electronic_check,True,6,67.99,3894.21,0,0
CUS002728,54,two_year,dsl,mailed_check,True,0,39.44,2177.09,0,0
CUS002729,66,two_year,dsl,bank_transfer,True,4,51.69,3388.5,1,0
CUS002730,39,two_year,none,electronic_check,False,2,31.3,1274.37,0,0
CUS002731,36,month_to_month,fiber,mailed_check,False,3,65.01,2332.59,2,0
CUS002732,14,one_year,dsl,mailed_check,True,5,55.96,820.62,1,0
CUS002733,54,two_year,none,mailed_check,True,2,33.66,1886.98,2,0
CUS002734,57,one_year,dsl,electronic_check,False,0,30.97,1655.55,0,0
CUS002735,9,two_year,none,mailed_check,False,1,26.87,241.01,2,0
CUS002736,15,one_year,fiber,credit_card,True,2,61.42,931.24,0,0
CUS002737,36,month_to_month,fiber,electronic_check,False,6,78.5,2920.72,2,0
CUS002738,56,month_to_month,fiber,electronic_check,True,3,58.49,3393.4,1,0
CUS002739,27,month_to_month,fiber,mailed_check,True,6,71.68,1861.84,1,0
CUS002740,69,two_year,fiber,bank_transfer,False,5,66.86,4841.06,2,0
CUS002741,58,month_to_month,fiber,credit_card,True,3,58.82,3305.45,1,0
CUS002742,5,one_year,fiber,bank_transfer,True,2,56.32,292.27,2,0
CUS002743,24,month_to_month,fiber,electronic_check,False,3,71.31,1715.74,1,1
CUS002744,49,month_to_month,dsl,bank_transfer,True,1,37.61,1916.36,2,1
CUS002745,61,month_to_month,dsl,electronic_check,True,6,58.83,3492.31,1,0
CUS002746,12,two_year,none,mailed_check,True,3,38.87,475.61,1,0
CUS002747,56,two_year,fiber,bank_transfer,True,5,73.57,4012.16,2,0
CUS002748,18,two_year,none,mailed_check,True,1,31.69,563.71,2,0
CUS002749,13,month_to_month,none,mailed_check,True,2,37.58,458.72,1,0
CUS002750,13,two_year,fiber,mailed_check,True,2,55.27,690.16,1,0
CUS002751,62,month_to_month,none,mailed_check,True,5,42.13,2581.63,1,0
CUS002752,19,two_year,dsl,bank_transfer,True,4,48.12,951.27,2,0
CUS002753,34,one_year,fiber,bank_transfer,False,6,68.43,2438.33,2,0
CUS002754,27,one_year,fiber,electronic_check,True,4,64.01,1725.13,0,0
CUS002755,2,month_to_month,dsl,bank_transfer,True,4,55.83,111.97,2,1
CUS002756,54,month_to_month,dsl,mailed_check,False,4,45.05,2316.16,0,0
CUS002757,22,month_to_month,dsl,credit_card,False,2,48.76,1111.15,0,0
CUS002758,11,month_to_month,fiber,mailed_check,False,4,72.45,742.75,1,1
CUS002759,51,two_year,none,bank_transfer,True,6,51.08,2660.71,0,0
CUS002760,39,month_to_month,fiber,electronic_check,True,4,66.78,2478.32,0,0
CUS002761,49,month_to_month,fiber,bank_transfer,True,3,63.98,3244.94,1,0
CUS002762,8,month_to_month,dsl,bank_transfer,True,6,65.18,497.37,1,1
CUS002763,13,month_to_month,none,electronic_check,False,3,36.04,480.08,0,0
CUS002764,16,two_year,fiber,electronic_check,True,1,51.0,850.99,1,0
CUS002765,60,month_to_month,none,electronic_check,True,6,50.43,2932.09,2,0
CUS002766,68,month_to_month,none,electronic_check,False,2,29.42,2022.86,0,0
CUS002767,59,month_to_month,fiber,credit_card,False,5,76.72,4456.09,0,0
CUS002768,48,month_to_month,fiber,bank_transfer,True,4,82.16,3780.88,0,1
CUS002769,19,month_to_month,fiber,electronic_check,False,5,68.99,1356.26,0,1
CUS002770,40,one_year,none,electronic_check,False,0,26.21,1003.99,0,0
CUS002771,45,month_to_month,fiber,mailed_check,True,2,49.43,2321.35,1,1
CUS002772,26,month_to_month,dsl,bank_transfer,False,2,39.88,1072.67,1,0
CUS002773,34,month_to_month,fiber,electronic_check,True,0,45.99,1595.12,0,0
CUS002774,43,month_to_month,fiber,credit_card,True,0,49.71,2129.84,2,0
CUS002775,53,month_to_month,none,electronic_check,True,1,34.74,1720.14,0,0
CUS002776,45,month_to_month,dsl,electronic_check,True,4,48.84,2113.71,1,0
CUS002777,28,month_to_month,dsl,electronic_check,True,5,58.38,1604.65,0,1
CUS002778,55,month_to_month,dsl,mailed_check,False,1,37.38,1954.7,2,0
CUS002779,16,month_to_month,dsl,bank_transfer,True,0,26.57,407.47,0,0
CUS002780,10,one_year,dsl,bank_transfer,True,0,34.9,339.44,0,0
CUS002781,32,one_year,fiber,electronic_check,False,0,47.61,1522.37,0,0
CUS002782,64,month_to_month,fiber,bank_transfer,False,2,60.22,3836.65,1,0
CUS002783,33,month_to_month,none,credit_card,True,0,23.89,806.26,0,0
CUS002784,55,month_to_month,fiber,electronic_check,True,4,68.18,3596.49,0,0
CUS002785,50,month_to_month,dsl,bank_transfer,False,4,46.85,2355.66,0,0
CUS002786,42,one_year,fiber,credit_card,False,0,33.68,1406.47,1,0
CUS002787,39,two_year,fiber,electronic_check,False,2,54.45,2092.46,0,0
CUS002788,42,one_year,dsl,electronic_check,True,5,54.98,2183.56,1,0
CUS002789,50,two_year,dsl,bank_transfer,True,5,61.16,2884.35,0,0
CUS002790,52,one_year,none,bank_transfer,True,0,16.44,842.36,1,0
CUS002791,26,month_to_month,none,bank_transfer,False,0,21.17,570.04,0,0
CUS002792,41,month_to_month,dsl,credit_card,False,4,50.9,2185.46,1,0
CUS002793,71,one_year,fiber,credit_card,False,2,55.48,3709.24,2,0
CUS002794,70,month_to_month,none,bank_transfer,True,4,40.59,2655.25,2,0
CUS002795,68,month_to_month,dsl,mailed_check,False,2,40.78,2774.2,1,0
CUS002796,7,month_to_month,dsl,credit_card,True,5,57.78,401.76,0,1
CUS002797,10,two_year,fiber,electronic_check,False,2,56.52,544.92,1,0
CUS002798,32,two_year,fiber,mailed_check,True,6,74.6,2355.63,2,0
CUS002799,72,month_to_month,fiber,bank_transfer,True,4,59.38,4344.47,1,0
CUS002800,68,one_year,dsl,credit_card,False,4,54.2,3778.84,0,0
CUS002801,64,month_to_month,fiber,mailed_check,True,1,56.58,3461.18,2,0
CUS002802,45,month_to_month,dsl,electronic_check,True,3,47.54,2047.63,3,0
CUS002803,36,month_to_month,none,electronic_check,True,3,35.19,1290.52,2,1
CUS002804,40,month_to_month,none,mailed_check,True,2,32.08,1315.69,2,0
CUS002805,39,two_year,fiber,credit_card,True,5,72.1,2790.83,0,0
CUS002806,1,one_year,dsl,credit_card,True,3,45.66,,1,0
CUS002807,48,one_year,fiber,electronic_check,False,5,75.3,3463.52,0,0
CUS002808,25,month_to_month,fiber,electronic_check,False,3,59.91,1438.38,1,1
CUS002809,63,month_to_month,fiber,mailed_check,True,2,55.0,3305.35,1,0
CUS002810,66,two_year,dsl,electronic_check,False,1,36.02,2484.84,2,0
CUS002811,43,one_year,fiber,electronic_check,True,2,62.47,2535.03,3,0
CUS002812,12,two_year,dsl,electronic_check,True,4,50.58,580.33,1,0
CUS002813,7,month_to_month,none,mailed_check,True,6,49.05,341.16,0,1
CUS002814,50,month_to_month,dsl,electronic_check,True,5,58.48,2940.99,0,0
CUS002815,57,one_year,none,mailed_check,False,3,40.33,2184.02,1,0
CUS002816,48,one_year,dsl,credit_card,False,1,35.0,1641.63,0,0
CUS002817,58,two_year,fiber,electronic_check,False,2,48.49,2695.78,1,0
CUS002818,53,two_year,fiber,credit_card,False,3,65.67,3523.35,0,0
CUS002819,27,two_year,none,bank_transfer,True,1,24.52,669.97,1,0
CUS002820,51,month_to_month,fiber,electronic_check,True,5,67.87,3431.1,0,1
CUS002821,8,month_to_month,dsl,bank_transfer,True,2,40.63,331.72,1,1
CUS002822,41,month_to_month,dsl,credit_card,True,2,47.45,2021.74,1,0
CUS002823,61,month_to_month,dsl,electronic_check,True,5,54.41,3317.59,0,0
CUS002824,50,month_to_month,dsl,mailed_check,False,4,46.16,2197.94,1,0
CUS002825,29,two_year,dsl,electronic_check,True,0,27.84,820.83,1,0
CUS002826,8,two_year,dsl,electronic_check,False,4,52.88,433.91,0,0
CUS002827,24,month_to_month,none,electronic_check,False,4,41.29,970.72,0,1
CUS002828,54,month_to_month,none,electronic_check,True,3,30.68,1678.26,1,0
CUS002829,18,month_to_month,dsl,credit_card,True,5,60.38,1118.17,0,0
CUS002830,48,month_to_month,fiber,electronic_check,True,1,53.98,2438.7,1,0
CUS002831,24,month_to_month,none,electronic_check,True,5,44.24,1041.84,1,1
CUS002832,58,month_to_month,dsl,bank_transfer,False,0,41.93,2342.47,1,0
CUS002833,39,month_to_month,none,bank_transfer,True,5,43.06,1592.25,0,0
CUS002834,70,month_to_month,none,electronic_check,True,4,34.91,2527.4,0,0
CUS002835,26,two_year,none,electronic_check,True,1,36.48,900.42,1,0
CUS002836,36,month_to_month,dsl,electronic_check,False,1,45.44,1549.07,0,0
CUS002837,4,one_year,fiber,electronic_check,True,3,59.31,236.71,1,1
CUS002838,72,one_year,dsl,credit_card,False,0,32.32,2356.04,1,0
CUS002839,28,month_to_month,fiber,credit_card,False,0,52.62,1512.39,2,1
CUS002840,64,two_year,fiber,electronic_check,True,6,72.84,4809.46,1,0
CUS002841,6,two_year,dsl,bank_transfer,False,0,36.32,222.28,1,0
CUS002842,39,month_to_month,fiber,electronic_check,True,5,75.05,3046.51,0,1
CUS002843,60,two_year,dsl,bank_transfer,False,2,41.12,2518.17,0,0
CUS002844,8,one_year,none,electronic_check,True,2,22.05,182.68,1,0
CUS002845,59,one_year,fiber,bank_transfer,True,3,65.91,3952.58,1,0
CUS002846,54,month_to_month,dsl,electronic_check,False,1,38.38,2155.61,1,0
CUS002847,45,two_year,dsl,bank_transfer,True,6,66.72,3011.33,1,0
CUS002848,34,month_to_month,none,electronic_check,False,5,49.34,1713.77,1,0
CUS002849,42,month_to_month,none,mailed_check,True,1,26.13,1110.85,0,0
CUS002850,51,month_to_month,fiber,electronic_check,True,0,33.9,1665.6,1,0
CUS002851,33,one_year,fiber,electronic_check,False,5,72.97,2434.45,1,1
CUS002852,7,month_to_month,fiber,electronic_check,False,3,66.07,484.77,0,1
CUS002853,3,two_year,dsl,electronic_check,False,3,51.6,159.35,0,0
CUS002854,52,month_to_month,fiber,electronic_check,False,0,47.39,2410.27,0,0
CUS002855,61,month_to_month,none,credit_card,False,0,19.14,1187.85,1,1
CUS002856,67,one_year,fiber,credit_card,True,1,55.41,3814.82,1,0
CUS002857,50,month_to_month,dsl,credit_card,True,0,31.17,1474.98,2,0
CUS002858,48,month_to_month,dsl,credit_card,False,0,30.21,1434.93,0,0
CUS002859,33,month_to_month,fiber,bank_transfer,False,6,82.27,2804.25,1,0
CUS002860,56,month_to_month,dsl,electronic_check,False,5,58.62,3156.51,0,0
CUS002861,33,two_year,dsl,mailed_check,False,3,48.46,1582.62,0,0
CUS002862,51,month_to_month,fiber,mailed_check,False,6,74.93,3848.42,1,0
CUS002863,68,two_year,fiber,electronic_check,True,2,61.43,4044.25,1,0
CUS002864,29,month_to_month,fiber,bank_transfer,True,6,81.98,2363.19,0,0
CUS002865,51,two_year,dsl,credit_card,False,2,42.44,2143.08,1,0
CUS002866,66,one_year,fiber,bank_transfer,False,6,82.51,5378.34,0,0
CUS002867,37,month_to_month,fiber,bank_transfer,False,5,73.34,2557.3,1,0
CUS002868,31,month_to_month,dsl,electronic_check,True,1,38.47,1246.52,1,0
CUS002869,14,month_to_month,fiber,bank_transfer,False,1,46.37,649.52,0,0
CUS002870,69,month_to_month,dsl,electronic_check,False,6,69.61,4795.38,0,0
CUS002871,35,month_to_month,dsl,credit_card,False,5,64.87,2340.32,0,0
CUS002872,46,month_to_month,fiber,electronic_check,True,0,42.27,1819.31,3,1
CUS002873,12,one_year,dsl,bank_transfer,False,6,62.01,702.84,0,0
CUS002874,64,one_year,dsl,bank_transfer,False,2,41.9,2567.86,2,0
CUS002875,55,month_to_month,fiber,credit_card,True,1,51.29,2685.2,1,0
CUS002876,44,month_to_month,dsl,bank_transfer,True,5,57.57,2389.79,0,0
CUS002877,62,month_to_month,dsl,bank_transfer,True,5,55.26,3246.77,0,0
CUS002878,50,two_year,fiber,electronic_check,True,6,81.11,4185.68,1,0
CUS002879,33,month_to_month,fiber,electronic_check,True,6,79.94,2650.24,1,1
CUS002880,63,month_to_month,dsl,bank_transfer,False,4,59.93,3872.29,1,0
CUS002881,23,one_year,fiber,electronic_check,False,6,76.14,1696.33,0,0
CUS002882,33,one_year,dsl,bank_transfer,True,3,51.28,1670.86,3,0
CUS002883,58,month_to_month,dsl,mailed_check,True,2,41.58,2294.02,1,0
CUS002884,46,two_year,none,electronic_check,False,0,19.53,875.8,0,0
CUS002885,21,one_year,dsl,mailed_check,True,0,36.06,741.17,0,0
CUS002886,28,two_year,fiber,bank_transfer,True,2,60.05,1642.75,1,0
CUS002887,11,two_year,fiber,electronic_check,False,3,69.43,726.27,1,0
CUS002888,61,one_year,fiber,electronic_check,False,0,43.12,2725.04,0,1
CUS002889,37,month_to_month,fiber,mailed_check,False,2,57.21,2013.2,3,0
CUS002890,64,one_year,none,credit_card,True,2,32.83,2166.35,0,0
CUS002891,13,one_year,fiber,electronic_check,True,2,52.65,678.46,0,0
CUS002892,27,month_to_month,dsl,bank_transfer,True,1,40.47,1109.12,0,0
CUS002893,42,month_to_month,none,credit_card,False,1,24.08,1025.83,1,0
CUS002894,51,two_year,dsl,credit_card,False,5,62.17,3201.39,2,0
CUS002895,10,month_to_month,fiber,mailed_check,True,1,55.18,569.53,0,0
CUS002896,51,one_year,fiber,bank_transfer,True,2,53.73,2688.51,1,0
CUS002897,51,one_year,dsl,electronic_check,False,0,30.61,1488.13,1,0
CUS002898,3,month_to_month,dsl,electronic_check,False,6,63.1,185.18,1,1
CUS002899,8,one_year,dsl,mailed_check,True,6,67.41,535.67,1,1
CUS002900,58,month_to_month,dsl,credit_card,True,4,54.57,2963.62,0,0
CUS002901,36,month_to_month,dsl,bank_transfer,True,5,55.62,1948.83,2,0
CUS002902,70,month_to_month,none,credit_card,True,1,29.73,2169.84,0,0
CUS002903,34,month_to_month,none,bank_transfer,True,4,39.05,1391.34,0,0
CUS002904,13,two_year,fiber,electronic_check,False,2,45.28,573.09,1,0
CUS002905,3,one_year,fiber,bank_transfer,True,6,81.53,227.96,0,0
CUS002906,4,month_to_month,none,electronic_check,True,4,34.83,143.67,0,0
CUS002907,8,one_year,dsl,bank_transfer,True,5,66.97,540.99,0,0
CUS002908,58,one_year,fiber,electronic_check,True,1,53.98,3154.86,1,0
CUS002909,70,month_to_month,dsl,electronic_check,False,2,45.95,3270.81,0,0
CUS002910,23,one_year,none,mailed_check,True,5,46.41,1051.46,2,0
CUS002911,11,two_year,dsl,electronic_check,True,5,61.64,651.63,0,1
CUS002912,22,two_year,dsl,bank_transfer,False,2,39.14,820.58,2,0
CUS002913,26,two_year,dsl,mailed_check,False,3,44.38,1193.27,0,0
CUS002914,22,month_to_month,none,electronic_check,False,2,36.99,779.98,2,1
CUS002915,26,month_to_month,fiber,credit_card,False,6,73.51,1873.39,1,0
CUS002916,34,two_year,dsl,mailed_check,True,4,46.12,1539.24,2,0
CUS002917,11,one_year,fiber,electronic_check,False,6,76.94,788.02,0,0
CUS002918,31,month_to_month,fiber,mailed_check,False,4,73.37,2172.38,2,1
CUS002919,5,month_to_month,none,bank_transfer,True,0,16.8,78.65,0,0
CUS002920,51,two_year,fiber,electronic_check,True,1,50.62,2557.8,0,0
CUS002921,23,one_year,fiber,credit_card,True,2,57.18,1360.71,1,0
CUS002922,59,month_to_month,dsl,credit_card,True,5,56.18,3253.67,0,0
CUS002923,40,month_to_month,none,bank_transfer,False,0,21.15,843.16,1,0
CUS002924,24,month_to_month,dsl,bank_transfer,True,6,56.48,1397.13,0,1
CUS002925,55,month_to_month,none,credit_card,False,3,40.98,2336.03,2,0
CUS002926,61,one_year,dsl,credit_card,True,6,67.58,4030.09,1,0
CUS002927,61,month_to_month,dsl,credit_card,False,3,46.17,2894.31,1,0
CUS002928,18,month_to_month,fiber,credit_card,False,4,65.91,1123.14,1,0
CUS002929,68,two_year,none,electronic_check,True,5,48.82,3403.34,1,0
CUS002930,6,two_year,fiber,mailed_check,False,4,68.24,419.12,0,0
CUS002931,21,one_year,fiber,electronic_check,True,1,51.75,1125.13,0,0
CUS002932,1,one_year,dsl,electronic_check,True,0,26.25,,0,0
CUS002933,71,two_year,fiber,electronic_check,False,0,52.14,3555.67,0,0
CUS002934,10,month_to_month,dsl,bank_transfer,False,3,46.1,475.35,0,1
CUS002935,31,month_to_month,fiber,electronic_check,True,3,63.52,1943.57,0,1
CUS002936,56,two_year,none,bank_transfer,True,4,41.3,2365.72,0,0
CUS002937,6,one_year,dsl,mailed_check,True,1,36.63,217.2,0,0
CUS002938,68,two_year,fiber,bank_transfer,True,1,47.31,3048.41,2,0
CUS002939,36,month_to_month,fiber,credit_card,True,5,77.46,2862.22,0,1
CUS002940,17,two_year,fiber,credit_card,True,2,66.0,1082.61,1,0
CUS002941,1,month_to_month,fiber,electronic_check,True,6,74.37,,1,1
CUS002942,52,month_to_month,dsl,credit_card,False,6,58.47,3135.4,1,0
CUS002943,54,month_to_month,fiber,mailed_check,False,0,58.33,3290.73,0,0
CUS002944,1,one_year,none,credit_card,False,4,30.01,,0,0
CUS002945,57,month_to_month,dsl,electronic_check,True,4,53.38,3159.42,0,0
CUS002946,16,month_to_month,dsl,credit_card,True,0,27.51,427.88,1,0
CUS002947,9,month_to_month,fiber,bank_transfer,True,0,39.38,362.01,1,1
CUS002948,6,month_to_month,fiber,electronic_check,False,0,45.29,253.69,0,1
CUS002949,3,month_to_month,none,electronic_check,False,6,51.62,145.2,0,1
CUS002950,39,one_year,dsl,electronic_check,False,3,50.14,1982.79,1,0
CUS002951,32,two_year,none,mailed_check,True,4,42.42,1301.41,0,0
CUS002952,68,one_year,fiber,credit_card,True,1,56.05,3815.69,2,0
CUS002953,18,one_year,dsl,bank_transfer,False,3,47.21,858.41,0,0
CUS002954,55,month_to_month,none,electronic_check,True,4,42.99,2441.65,1,0
CUS002955,47,month_to_month,fiber,bank_transfer,True,1,44.44,2143.38,0,1
CUS002956,8,month_to_month,fiber,credit_card,True,3,70.57,559.62,0,1
CUS002957,17,one_year,fiber,mailed_check,True,3,57.24,946.17,1,0
CUS002958,2,month_to_month,fiber,bank_transfer,True,3,59.13,120.74,1,0
CUS002959,65,month_to_month,dsl,electronic_check,False,0,33.69,2124.21,1,0
CUS002960,55,two_year,none,electronic_check,True,4,45.64,2623.66,2,0
CUS002961,25,month_to_month,dsl,electronic_check,False,1,32.64,764.19,1,0
CUS002962,12,month_to_month,fiber,bank_transfer,True,0,42.36,474.19,0,1
CUS002963,52,month_to_month,dsl,mailed_check,True,6,67.76,3551.35,0,0
CUS002964,11,one_year,none,mailed_check,False,3,36.83,407.04,1,0
CUS002965,12,two_year,none,credit_card,False,5,40.83,468.85,1,0
CUS002966,69,month_to_month,dsl,credit_card,False,4,51.73,3674.93,1,0
CUS002967,21,two_year,none,bank_transfer,False,0,18.93,373.62,2,0
CUS002968,72,month_to_month,none,mailed_check,True,4,41.44,3074.87,2,0
CUS002969,41,two_year,none,electronic_check,True,4,42.42,1686.12,0,0
CUS002970,24,two_year,fiber,credit_card,False,1,41.27,1033.28,1,0
CUS002971,40,month_to_month,fiber,mailed_check,True,3,62.89,2610.29,0,1
CUS002972,21,month_to_month,dsl,electronic_check,False,4,56.4,1198.39,0,0
CUS002973,31,one_year,none,bank_transfer,True,1,27.42,849.26,0,0
CUS002974,53,one_year,none,electronic_check,True,1,20.77,1107.01,1,0
CUS002975,32,two_year,none,credit_card,True,2,33.16,1049.75,1,0
CUS002976,5,two_year,fiber,bank_transfer,True,1,47.2,244.91,0,0
CUS002977,67,month_to_month,fiber,bank_transfer,True,2,64.82,4550.15,0,0
CUS002978,60,month_to_month,dsl,credit_card,False,4,48.21,2929.72,0,0
CUS002979,21,month_to_month,fiber,mailed_check,True,6,78.62,1567.07,0,1
CUS002980,46,month_to_month,fiber,bank_transfer,False,3,56.84,2695.98,0,0
CUS002981,35,month_to_month,none,bank_transfer,True,1,24.59,871.35,0,0
CUS002982,59,two_year,fiber,mailed_check,False,4,65.43,4005.44,2,0
CUS002983,13,month_to_month,dsl,bank_transfer,True,2,34.39,417.22,0,0
CUS002984,61,month_to_month,none,mailed_check,True,1,18.72,1100.3,2,0
CUS002985,7,two_year,dsl,bank_transfer,False,1,37.56,249.34,0,0
CUS002986,54,one_year,fiber,electronic_check,True,1,46.58,2492.67,2,0
CUS002987,16,two_year,fiber,bank_transfer,True,4,77.43,1172.57,1,0
CUS002988,60,one_year,dsl,bank_transfer,True,5,53.46,3120.2,3,0
CUS002989,10,one_year,fiber,credit_card,True,4,66.96,633.94,0,1
CUS002990,14,one_year,fiber,bank_transfer,True,5,65.23,930.46,0,0
CUS002991,44,one_year,dsl,mailed_check,True,3,48.96,2246.74,1,0
CUS002992,65,month_to_month,dsl,electronic_check,True,4,55.86,3431.64,1,0
CUS002993,41,one_year,fiber,electronic_check,False,0,42.94,1654.82,0,0
CUS002994,7,month_to_month,none,electronic_check,True,6,47.72,342.06,1,1
CUS002995,33,month_to_month,none,credit_card,True,2,34.41,1076.2,0,0
CUS002996,54,month_to_month,fiber,bank_transfer,True,2,53.65,2953.38,1,0
CUS002997,29,month_to_month,none,electronic_check,True,2,20.1,551.39,1,0
CUS002998,57,month_to_month,dsl,bank_transfer,False,4,54.4,3011.73,0,0
CUS002999,41,month_to_month,none,bank_transfer,True,6,43.13,1784.95,0,0
CUS003000,16,month_to_month,fiber,credit_card,False,6,78.51,1198.27,2,1
CUS003001,11,month_to_month,fiber,mailed_check,False,1,48.3,546.35,0,1
CUS003002,72,month_to_month,fiber,electronic_check,True,1,57.79,4103.03,0,0
CUS003003,22,month_to_month,dsl,bank_transfer,True,4,49.11,1025.28,0,0
CUS003004,47,two_year,fiber,bank_transfer,False,1,42.68,2034.54,0,0
CUS003005,65,two_year,fiber,bank_transfer,False,4,69.36,4265.7,1,0
CUS003006,35,month_to_month,dsl,electronic_check,True,6,72.86,2665.19,0,0
CUS003007,65,month_to_month,dsl,mailed_check,True,0,36.31,2286.45,0,0
CUS003008,58,two_year,dsl,mailed_check,False,2,33.28,1824.92,1,0
CUS003009,45,one_year,dsl,electronic_check,False,4,51.76,2282.08,0,0
CUS003010,14,month_to_month,fiber,credit_card,True,3,69.89,975.11,0,1
CUS003011,37,month_to_month,fiber,bank_transfer,True,5,74.41,2669.33,2,0
CUS003012,9,month_to_month,none,electronic_check,False,4,38.69,346.12,0,0
CUS003013,50,two_year,fiber,electronic_check,True,5,75.47,3900.86,0,0
CUS003014,26,month_to_month,fiber,electronic_check,True,2,59.57,1476.31,0,1
CUS003015,56,month_to_month,dsl,electronic_check,True,2,53.96,2817.51,1,0
CUS003016,65,one_year,dsl,credit_card,True,4,53.92,3292.05,1,0
CUS003017,67,one_year,dsl,electronic_check,False,2,42.56,2777.41,1,0
CUS003018,34,two_year,dsl,bank_transfer,False,2,46.49,1593.0,1,0
CUS003019,17,month_to_month,dsl,electronic_check,True,4,49.92,832.24,0,0
CUS003020,23,two_year,dsl,mailed_check,False,1,36.8,861.92,1,0
CUS003021,10,month_to_month,none,electronic_check,True,1,24.81,244.22,0,0
CUS003022,47,one_year,fiber,electronic_check,True,6,80.19,3872.72,1,0
CUS003023,67,one_year,fiber,electronic_check,False,6,73.83,4667.63,1,0
CUS003024,1,two_year,fiber,bank_transfer,False,0,37.93,,0,0
CUS003025,69,one_year,dsl,mailed_check,True,4,52.2,3503.05,0,0
CUS003026,25,month_to_month,fiber,bank_transfer,False,0,43.75,1021.57,1,1
CUS003027,29,one_year,fiber,bank_transfer,True,3,60.75,1796.82,0,0
CUS003028,55,one_year,dsl,bank_transfer,False,5,55.62,3023.11,0,0
CUS003029,68,one_year,fiber,credit_card,True,5,77.03,5300.88,0,0
CUS003030,24,two_year,dsl,bank_transfer,True,0,31.69,754.4,0,0
CUS003031,24,month_to_month,fiber,electronic_check,False,5,73.34,1704.68,0,1
CUS003032,9,one_year,fiber,mailed_check,True,2,60.76,520.95,0,0
CUS003033,31,two_year,fiber,credit_card,True,6,79.16,2546.36,0,0
CUS003034,18,two_year,fiber,bank_transfer,True,5,75.87,1422.79,3,0
CUS003035,26,one_year,none,electronic_check,True,6,54.62,1437.67,1,0
CUS003036,34,one_year,fiber,electronic_check,True,5,69.4,2471.06,1,1
CUS003037,63,one_year,fiber,electronic_check,True,1,48.14,2832.99,1,0
CUS003038,19,one_year,dsl,bank_transfer,True,3,54.38,1070.28,1,1
CUS003039,54,two_year,none,mailed_check,True,2,26.71,1494.44,0,0
CUS003040,46,month_to_month,fiber,credit_card,False,6,80.3,3649.16,1,0
CUS003041,71,month_to_month,fiber,electronic_check,False,4,60.59,4171.13,2,0
CUS003042,27,month_to_month,fiber,mailed_check,True,6,79.75,2233.13,0,0
CUS003043,49,month_to_month,fiber,electronic_check,False,2,59.24,2959.84,1,1
CUS003044,6,month_to_month,fiber,electronic_check,True,4,58.92,338.97,0,1
CUS003045,15,one_year,dsl,bank_transfer,True,0,32.58,466.51,0,0
CUS003046,6,month_to_month,fiber,electronic_check,True,5,73.32,424.54,1,1
CUS003047,9,month_to_month,fiber,bank_transfer,True,5,67.82,625.5,0,0
CUS003048,43,month_to_month,fiber,electronic_check,True,4,53.58,2191.83,0,1
CUS003049,51,one_year,dsl,mailed_check,True,1,31.27,1643.18,1,0
CUS003050,23,month_to_month,fiber,electronic_check,True,3,55.16,1260.89,2,0
CUS003051,56,two_year,none,bank_transfer,True,5,46.27,2534.14,1,0
CUS003052,42,two_year,fiber,bank_transfer,True,0,49.01,1993.46,0,0
CUS003053,36,month_to_month,none,credit_card,False,0,21.79,734.7,3,0
CUS003054,22,month_to_month,fiber,bank_transfer,False,1,51.71,1135.94,2,0
CUS003055,22,one_year,dsl,credit_card,True,5,63.03,1421.4,0,0
CUS003056,54,month_to_month,fiber,electronic_check,False,0,48.79,2722.43,0,0
CUS003057,38,one_year,none,mailed_check,True,5,42.42,1541.18,1,0
CUS003058,12,month_to_month,dsl,electronic_check,True,1,33.1,372.16,0,0
CUS003059,69,two_year,dsl,bank_transfer,True,1,36.63,2435.55,1,0
CUS003060,18,one_year,fiber,credit_card,True,3,70.83,1259.03,0,0
CUS003061,55,month_to_month,none,electronic_check,False,3,32.42,1797.27,2,0
CUS003062,38,one_year,fiber,credit_card,True,3,60.49,2191.97,0,0
CUS003063,44,month_to_month,dsl,mailed_check,False,3,50.1,2194.1,0,0
CUS003064,60,month_to_month,dsl,credit_card,True,4,50.61,2976.48,1,0
CUS003065,17,one_year,fiber,electronic_check,True,1,55.64,962.99,1,1
CUS003066,58,two_year,fiber,electronic_check,True,4,65.78,3819.3,0,0
CUS003067,28,month_to_month,dsl,bank_transfer,True,5,63.31,1761.59,2,0
CUS003068,35,month_to_month,none,credit_card,False,2,18.1,595.34,1,0
CUS003069,40,one_year,none,credit_card,False,4,33.53,1294.81,1,0
CUS003070,72,month_to_month,fiber,credit_card,False,4,62.36,4706.03,1,0
CUS003071,62,month_to_month,fiber,bank_transfer,True,4,58.57,3795.38,0,0
CUS003072,56,one_year,fiber,bank_transfer,True,3,58.2,3371.99,0,0
CUS003073,29,two_year,dsl,credit_card,False,5,54.42,1561.51,0,0
CUS003074,30,month_to_month,fiber,electronic_check,False,2,62.24,1791.09,0,1
CUS003075,36,two_year,dsl,credit_card,False,4,63.59,2334.27,0,0
CUS003076,45,month_to_month,dsl,bank_transfer,False,0,31.88,1447.98,0,0
CUS003077,7,one_year,dsl,credit_card,True,1,41.68,273.2,0,0
CUS003078,38,month_to_month,dsl,bank_transfer,False,4,47.72,1893.23,1,0
CUS003079,35,month_to_month,fiber,mailed_check,True,5,68.27,2387.56,1,1
CUS003080,2,two_year,dsl,electronic_check,True,5,57.22,107.32,0,0
CUS003081,35,month_to_month,none,mailed_check,True,1,22.96,783.42,0,0
CUS003082,35,month_to_month,dsl,mailed_check,False,4,53.31,1808.31,0,0
CUS003083,19,month_to_month,dsl,electronic_check,True,0,39.13,700.82,1,1
CUS003084,15,one_year,fiber,bank_transfer,False,2,56.0,800.8,2,0
CUS003085,11,month_to_month,fiber,credit_card,True,2,52.17,554.75,1,1
CUS003086,21,one_year,dsl,credit_card,True,3,52.95,1073.79,1,0
CUS003087,28,month_to_month,dsl,mailed_check,True,6,56.87,1486.49,0,0
CUS003088,6,two_year,fiber,mailed_check,True,2,49.55,285.53,0,0
CUS003089,53,month_to_month,fiber,bank_transfer,False,4,66.02,3401.67,0,0
CUS003090,59,two_year,fiber,electronic_check,True,6,78.03,4543.36,0,0
CUS003091,60,month_to_month,fiber,credit_card,True,3,72.37,4179.94,0,0
CUS003092,31,month_to_month,dsl,mailed_check,True,5,64.54,2039.04,0,0
CUS003093,15,one_year,dsl,mailed_check,False,4,51.48,791.88,0,0
CUS003094,9,month_to_month,none,electronic_check,True,2,30.64,288.24,2,1
CUS003095,39,month_to_month,none,credit_card,False,0,16.66,606.09,1,0
CUS003096,71,one_year,dsl,credit_card,False,3,50.22,3460.8,1,0
CUS003097,51,month_to_month,fiber,electronic_check,True,4,62.76,2981.1,0,0
CUS003098,1,two_year,dsl,credit_card,False,0,31.77,,2,1
CUS003099,55,two_year,fiber,credit_card,True,2,55.38,2901.13,1,0
CUS003100,46,month_to_month,dsl,bank_transfer,False,3,53.7,2304.11,0,0
CUS003101,13,month_to_month,dsl,credit_card,False,5,56.07,715.1,0,0
CUS003102,22,month_to_month,dsl,mailed_check,False,4,52.44,1141.67,1,0
CUS003103,9,month_to_month,fiber,electronic_check,True,0,41.09,353.33,2,1
CUS003104,10,one_year,dsl,credit_card,True,6,56.43,565.7,2,1
CUS003105,7,month_to_month,fiber,electronic_check,True,2,67.14,457.51,0,0
CUS003106,67,month_to_month,dsl,electronic_check,True,0,30.05,2032.67,1,0
CUS003107,20,month_to_month,none,bank_transfer,True,1,25.46,516.27,1,0
CUS003108,72,two_year,fiber,credit_card,False,3,66.28,4878.43,1,0
CUS003109,27,month_to_month,dsl,electronic_check,True,0,31.49,819.91,0,0
CUS003110,1,two_year,fiber,credit_card,False,3,48.16,,0,0
CUS003111,56,month_to_month,fiber,bank_transfer,True,0,49.22,2616.01,0,0
CUS003112,52,month_to_month,fiber,electronic_check,True,2,53.2,2866.92,1,0
CUS003113,51,two_year,fiber,electronic_check,True,5,75.54,3882.24,0,0
CUS003114,44,month_to_month,dsl,electronic_check,False,6,59.71,2550.28,1,0
CUS003115,17,one_year,none,mailed_check,True,2,35.15,621.06,0,0
CUS003116,47,month_to_month,dsl,credit_card,True,1,36.44,1756.39,0,0
CUS003117,35,month_to_month,fiber,electronic_check,False,0,38.33,1273.41,0,1
CUS003118,69,two_year,dsl,mailed_check,False,6,59.88,4272.03,0,0
CUS003119,8,month_to_month,fiber,mailed_check,False,2,61.74,462.83,2,1
CUS003120,16,one_year,dsl,electronic_check,True,2,44.15,705.06,2,1
CUS003121,41,two_year,dsl,credit_card,True,5,54.03,2099.32,1,0
CUS003122,40,month_to_month,fiber,mailed_check,True,2,52.56,1994.55,1,1
CUS003123,26,month_to_month,fiber,bank_transfer,True,5,71.02,1856.52,1,0
CUS003124,15,month_to_month,fiber,bank_transfer,False,0,43.28,661.93,1,1
CUS003125,22,month_to_month,fiber,electronic_check,True,0,47.84,983.36,0,1
CUS003126,46,two_year,dsl,bank_transfer,True,3,48.99,2128.27,5,0
CUS003127,19,month_to_month,dsl,electronic_check,True,0,31.77,629.15,1,0
CUS003128,19,month_to_month,fiber,mailed_check,True,4,66.25,1227.24,0,1
CUS003129,28,one_year,none,credit_card,False,6,57.71,1583.01,1,0
CUS003130,61,month_to_month,none,electronic_check,False,0,9.35,583.39,0,0
CUS003131,15,one_year,fiber,credit_card,True,0,40.8,578.56,1,0
CUS003132,20,two_year,fiber,electronic_check,True,5,65.96,1305.43,1,0
CUS003133,16,month_to_month,fiber,electronic_check,False,2,64.22,1062.39,0,1
CUS003134,70,month_to_month,dsl,electronic_check,True,1,42.19,2778.03,0,0
CUS003135,35,month_to_month,dsl,electronic_check,False,5,59.63,2059.05,3,0
CUS003136,12,month_to_month,fiber,bank_transfer,True,2,59.24,689.45,1,0
CUS003137,7,month_to_month,fiber,mailed_check,True,1,53.32,386.57,0,1
CUS003138,52,month_to_month,none,mailed_check,True,6,45.39,2367.82,0,0
CUS003139,53,one_year,fiber,electronic_check,False,3,59.31,3012.25,1,0
CUS003140,26,one_year,dsl,electronic_check,False,6,69.3,1831.32,0,0
CUS003141,59,month_to_month,dsl,bank_transfer,False,5,59.07,3390.07,2,0
CUS003142,4,one_year,dsl,mailed_check,True,1,32.62,136.73,1,0
CUS003143,51,one_year,dsl,bank_transfer,False,6,60.85,3148.3,0,0
CUS003144,6,month_to_month,none,credit_card,True,4,41.99,237.35,2,1
CUS003145,3,month_to_month,fiber,credit_card,False,3,67.34,195.66,2,0
CUS003146,46,month_to_month,none,mailed_check,True,0,16.36,713.07,1,0
CUS003147,43,month_to_month,fiber,credit_card,True,5,66.25,2829.98,1,0
CUS003148,5,one_year,fiber,electronic_check,True,0,44.85,221.69,2,1
CUS003149,28,two_year,dsl,mailed_check,True,0,33.05,963.54,0,0
CUS003150,41,one_year,dsl,mailed_check,True,5,57.65,2277.37,1,0
CUS003151,33,month_to_month,fiber,electronic_check,True,0,37.14,1147.97,0,1
CUS003152,32,month_to_month,fiber,mailed_check,False,3,62.32,2035.53,2,0
CUS003153,39,two_year,dsl,bank_transfer,True,2,42.26,1537.54,2,0
CUS003154,42,one_year,fiber,bank_transfer,True,1,51.26,2117.98,0,0
CUS003155,63,month_to_month,dsl,electronic_check,True,4,51.87,3280.86,0,0
CUS003156,66,month_to_month,fiber,mailed_check,False,5,72.94,5039.87,0,0
CUS003157,9,one_year,fiber,credit_card,True,1,50.04,445.46,2,1
CUS003158,57,two_year,dsl,electronic_check,True,3,45.43,2671.34,1,0
CUS003159,49,month_to_month,dsl,credit_card,True,2,43.47,2209.12,0,0
CUS003160,1,month_to_month,dsl,mailed_check,True,4,55.98,,0,0
CUS003161,31,month_to_month,none,bank_transfer,True,2,25.93,803.84,0,0
CUS003162,58,one_year,none,electronic_check,False,2,25.53,1382.49,0,0
CUS003163,47,month_to_month,fiber,credit_card,True,2,56.99,2773.34,0,0
CUS003164,67,two_year,none,electronic_check,False,1,27.87,1916.68,2,0
CUS003165,24,one_year,fiber,bank_transfer,True,3,68.73,1697.76,1,0
CUS003166,53,month_to_month,none,electronic_check,True,1,31.7,1674.61,0,0
CUS003167,37,month_to_month,none,electronic_check,True,1,26.61,997.52,0,0
CUS003168,57,two_year,dsl,electronic_check,False,5,57.92,3317.17,0,0
CUS003169,4,two_year,fiber,electronic_check,True,1,51.64,214.64,2,1
CUS003170,22,one_year,fiber,bank_transfer,False,1,56.69,1274.82,3,1
CUS003171,72,month_to_month,dsl,electronic_check,False,2,40.64,2791.3,0,0
CUS003172,36,two_year,none,mailed_check,False,6,55.24,1850.49,0,0
CUS003173,3,month_to_month,dsl,bank_transfer,True,0,29.02,81.31,1,0
CUS003174,24,month_to_month,dsl,electronic_check,True,5,57.84,1396.23,1,0
CUS003175,15,month_to_month,none,credit_card,False,5,42.39,607.37,1,0
CUS003176,72,month_to_month,fiber,credit_card,False,1,60.85,4082.86,1,0
CUS003177,64,month_to_month,none,credit_card,False,6,55.23,3606.64,1,0
CUS003178,14,one_year,fiber,mailed_check,False,4,68.43,981.69,1,0
CUS003179,48,month_to_month,fiber,bank_transfer,False,3,56.65,2696.26,0,0
CUS003180,11,month_to_month,fiber,electronic_check,False,3,63.36,699.89,1,1
CUS003181,26,two_year,fiber,electronic_check,True,3,60.37,1551.18,0,0
CUS003182,58,month_to_month,dsl,electronic_check,False,2,42.41,2418.63,0,0
CUS003183,42,month_to_month,fiber,electronic_check,True,5,71.98,2988.76,2,1
CUS003184,69,month_to_month,fiber,bank_transfer,False,5,70.55,4793.43,0,0
CUS003185,47,two_year,dsl,electronic_check,False,2,38.74,1854.02,1,0
CUS003186,7,one_year,dsl,electronic_check,False,4,51.93,349.35,1,0
CUS003187,24,two_year,fiber,bank_transfer,True,0,42.92,1065.19,1,0
CUS003188,29,month_to_month,fiber,bank_transfer,False,4,71.76,2045.72,0,1
CUS003189,24,month_to_month,fiber,bank_transfer,True,4,65.77,1592.98,0,1
CUS003190,26,month_to_month,fiber,credit_card,True,5,65.03,1674.94,0,0
CUS003191,63,month_to_month,dsl,mailed_check,False,6,66.62,4200.01,2,0
CUS003192,26,two_year,fiber,electronic_check,True,6,75.12,1941.68,0,0
CUS003193,28,month_to_month,fiber,credit_card,False,1,51.99,1381.57,1,0
CUS003194,18,month_to_month,fiber,mailed_check,False,6,68.17,1173.26,0,0
CUS003195,52,month_to_month,fiber,bank_transfer,False,6,81.0,4348.21,1,0
CUS003196,4,month_to_month,fiber,electronic_check,False,0,45.26,182.47,0,0
CUS003197,31,one_year,dsl,bank_transfer,False,4,53.56,1593.24,0,0
CUS003198,67,month_to_month,fiber,electronic_check,True,4,65.99,4579.04,3,0
CUS003199,28,month_to_month,fiber,mailed_check,False,3,59.36,1641.99,1,0
CUS003200,45,two_year,none,bank_transfer,False,6,55.26,2342.16,1,0
CUS003201,12,month_to_month,fiber,credit_card,True,2,54.11,614.87,0,1
CUS003202,6,month_to_month,dsl,electronic_check,True,4,53.79,325.11,0,1
CUS003203,32,one_year,dsl,credit_card,True,4,52.16,1672.9,3,0
CUS003204,45,two_year,none,bank_transfer,True,4,44.62,2003.08,0,0
CUS003205,21,month_to_month,fiber,bank_transfer,False,5,74.36,1497.52,0,0
CUS003206,40,month_to_month,dsl,bank_transfer,False,1,37.6,1412.03,1,0
CUS003207,43,month_to_month,dsl,electronic_check,False,0,35.54,1544.95,2,1
CUS003208,54,one_year,dsl,bank_transfer,True,0,38.76,2170.18,2,0
CUS003209,35,month_to_month,none,credit_card,True,4,45.55,1531.33,2,1
CUS003210,12,month_to_month,fiber,credit_card,True,2,50.92,574.23,0,1
CUS003211,64,month_to_month,dsl,bank_transfer,False,4,46.76,2889.53,0,0
CUS003212,23,two_year,dsl,electronic_check,False,2,44.46,1050.21,0,0
CUS003213,36,month_to_month,dsl,electronic_check,True,4,49.63,1786.44,0,1
CUS003214,27,one_year,dsl,electronic_check,True,4,52.99,1480.01,0,1
CUS003215,26,one_year,none,electronic_check,False,2,31.27,764.31,0,0
CUS003216,57,month_to_month,fiber,mailed_check,True,5,72.26,4188.75,0,0
CUS003217,59,month_to_month,fiber,electronic_check,False,5,73.53,4083.29,0,0
CUS003218,59,month_to_month,none,bank_transfer,False,5,45.46,2735.04,2,0
CUS003219,10,month_to_month,dsl,bank_transfer,True,2,33.75,350.62,0,0
CUS003220,36,two_year,fiber,credit_card,False,2,59.04,2171.15,0,0
CUS003221,68,month_to_month,fiber,bank_transfer,False,2,58.13,3754.89,1,0
CUS003222,65,month_to_month,dsl,electronic_check,False,5,55.55,3603.77,0,0
CUS003223,58,one_year,fiber,electronic_check,False,4,67.93,3885.5,0,0
CUS003224,56,month_to_month,fiber,bank_transfer,False,3,63.06,3540.58,0,0
CUS003225,65,one_year,fiber,credit_card,True,2,63.98,3936.25,1,0
CUS003226,55,one_year,fiber,credit_card,True,1,56.03,2951.39,0,0
CUS003227,18,two_year,dsl,electronic_check,True,2,44.33,786.46,0,1
CUS003228,6,one_year,dsl,credit_card,True,5,59.62,334.17,0,0
CUS003229,48,month_to_month,fiber,bank_transfer,True,6,82.32,3817.98,2,1
CUS003230,4,two_year,fiber,credit_card,True,6,81.26,303.26,0,0
CUS003231,45,month_to_month,fiber,credit_card,True,5,73.44,3444.1,3,0
CUS003232,34,two_year,none,bank_transfer,False,1,25.08,812.51,0,0
CUS003233,23,two_year,fiber,bank_transfer,False,3,63.62,1482.76,1,0
CUS003234,61,one_year,dsl,credit_card,False,6,65.41,3980.24,0,0
CUS003235,28,month_to_month,none,credit_card,False,2,22.03,632.0,0,0
CUS003236,21,two_year,fiber,electronic_check,True,5,72.5,1580.36,0,0
CUS003237,30,month_to_month,dsl,bank_transfer,True,4,56.53,1724.29,2,1
CUS003238,44,two_year,none,bank_transfer,False,6,53.9,2258.09,0,0
CUS003239,30,month_to_month,fiber,credit_card,True,2,51.96,1452.7,2,0
CUS003240,56,month_to_month,none,credit_card,True,1,23.77,1373.94,0,0
CUS003241,69,month_to_month,fiber,mailed_check,True,3,64.13,4349.08,1,0
CUS003242,34,two_year,dsl,electronic_check,True,6,62.62,2042.12,1,0
CUS003243,38,two_year,fiber,bank_transfer,True,3,60.01,2217.05,0,0
CUS003244,68,month_to_month,dsl,electronic_check,True,2,50.61,3283.44,2,0
CUS003245,39,one_year,dsl,bank_transfer,True,2,29.89,1112.11,1,0
CUS003246,35,one_year,fiber,credit_card,False,2,54.88,2007.9,0,0
CUS003247,3,month_to_month,none,mailed_check,False,4,29.65,92.33,0,1
CUS003248,16,month_to_month,none,bank_transfer,True,6,43.17,648.98,1,0
CUS003249,17,one_year,fiber,credit_card,True,1,53.63,948.68,0,0
CUS003250,51,month_to_month,none,electronic_check,False,4,37.12,1886.43,1,0
CUS003251,17,month_to_month,dsl,mailed_check,False,6,63.04,1064.45,3,1
CUS003252,16,month_to_month,dsl,electronic_check,True,4,55.81,890.39,0,0
CUS003253,6,month_to_month,fiber,electronic_check,True,0,49.09,294.02,1,1
CUS003254,30,month_to_month,dsl,bank_transfer,True,3,43.51,1251.22,1,1
CUS003255,66,month_to_month,fiber,bank_transfer,False,2,53.85,3306.08,1,0
CUS003256,21,one_year,fiber,electronic_check,True,0,45.8,961.38,0,0
CUS003257,58,one_year,fiber,bank_transfer,True,3,62.62,3542.69,1,0
CUS003258,68,one_year,fiber,credit_card,True,1,55.63,3594.79,2,1
CUS003259,67,month_to_month,none,electronic_check,True,5,45.87,3098.47,0,0
CUS003260,42,month_to_month,none,mailed_check,False,3,32.02,1407.49,0,0
CUS003261,65,one_year,none,electronic_check,True,0,19.86,1285.75,1,0
CUS003262,36,month_to_month,fiber,bank_transfer,True,4,63.87,2351.12,1,0
CUS003263,36,month_to_month,fiber,bank_transfer,True,3,56.29,1991.3,0,0
CUS003264,64,two_year,dsl,electronic_check,False,3,46.39,2840.41,0,0
CUS003265,4,month_to_month,fiber,bank_transfer,False,4,63.97,256.4,1,1
CUS003266,24,month_to_month,fiber,bank_transfer,True,6,77.41,1732.56,0,1
CUS003267,36,two_year,fiber,electronic_check,False,0,47.92,1712.16,3,1
CUS003268,33,month_to_month,fiber,bank_transfer,True,4,76.45,2605.91,0,0
CUS003269,69,one_year,dsl,electronic_check,False,1,30.25,2093.07,2,0
CUS003270,61,month_to_month,dsl,electronic_check,True,2,44.71,2706.77,0,0
CUS003271,53,month_to_month,dsl,credit_card,True,3,45.08,2278.35,1,0
CUS003272,52,month_to_month,dsl,electronic_check,True,6,57.91,2948.56,0,0
CUS003273,11,two_year,fiber,bank_transfer,False,1,56.23,612.44,0,1
CUS003274,63,two_year,fiber,mailed_check,False,0,47.53,2829.34,0,0
CUS003275,50,two_year,fiber,bank_transfer,True,5,73.98,3568.13,1,0
CUS003276,18,month_to_month,none,electronic_check,True,0,13.87,261.81,0,0
CUS003277,7,month_to_month,fiber,mailed_check,False,5,71.55,494.5,0,1
CUS003278,54,month_to_month,fiber,mailed_check,True,1,52.15,2658.65,3,1
CUS003279,21,month_to_month,none,credit_card,True,0,22.09,437.35,0,0
CUS003280,37,one_year,dsl,credit_card,True,2,48.59,1876.12,0,0
CUS003281,62,one_year,fiber,bank_transfer,False,1,45.82,2973.51,0,0
CUS003282,39,one_year,dsl,mailed_check,True,5,53.62,2186.24,1,0
CUS003283,50,two_year,dsl,credit_card,True,3,53.41,2501.31,2,0
CUS003284,70,month_to_month,dsl,electronic_check,True,0,36.47,2430.03,1,0
CUS003285,29,month_to_month,dsl,mailed_check,False,2,42.81,1180.18,1,0
CUS003286,14,month_to_month,fiber,credit_card,True,0,45.75,635.48,2,0
CUS003287,56,two_year,fiber,mailed_check,True,6,75.99,4107.98,0,0
CUS003288,5,month_to_month,dsl,electronic_check,False,0,22.84,114.49,0,0
CUS003289,33,month_to_month,fiber,electronic_check,False,5,73.91,2377.41,0,1
CUS003290,62,month_to_month,dsl,electronic_check,True,4,49.24,3011.17,0,1
CUS003291,14,one_year,fiber,credit_card,True,1,51.91,749.46,0,1
CUS003292,63,two_year,fiber,credit_card,False,0,47.46,2803.0,0,0
CUS003293,22,month_to_month,fiber,credit_card,True,2,50.8,1138.47,0,0
CUS003294,27,month_to_month,dsl,bank_transfer,False,1,42.0,1112.78,0,0
CUS003295,30,two_year,dsl,mailed_check,True,1,43.0,1333.44,0,0
CUS003296,55,month_to_month,dsl,electronic_check,False,5,57.11,3219.47,1,0
CUS003297,20,month_to_month,dsl,bank_transfer,True,2,41.44,827.03,0,0
CUS003298,37,two_year,dsl,credit_card,True,3,50.76,1928.69,2,0
CUS003299,55,month_to_month,fiber,bank_transfer,False,1,51.98,2997.7,1,0
CUS003300,44,month_to_month,fiber,mailed_check,False,5,70.67,3151.5,1,0
CUS003301,23,one_year,fiber,electronic_check,True,2,61.16,1413.64,2,1
CUS003302,27,two_year,dsl,credit_card,True,3,55.15,1533.9,2,0
CUS003303,12,one_year,fiber,credit_card,False,2,58.23,682.31,0,0
CUS003304,48,month_to_month,fiber,bank_transfer,True,5,72.94,3590.75,0,0
CUS003305,8,two_year,fiber,bank_transfer,True,4,66.25,496.62,2,0
CUS003306,44,month_to_month,dsl,electronic_check,True,0,38.73,1750.21,0,0
CUS003307,13,two_year,fiber,bank_transfer,True,1,48.57,626.08,0,0
CUS003308,2,two_year,dsl,bank_transfer,False,1,37.06,74.1,0,0
CUS003309,24,month_to_month,fiber,bank_transfer,True,4,69.81,1676.38,0,0
CUS003310,18,two_year,fiber,bank_transfer,True,3,62.19,1051.52,0,0
CUS003311,40,month_to_month,none,electronic_check,False,5,47.34,1799.6,0,0
CUS003312,37,one_year,dsl,credit_card,True,2,49.96,1939.05,0,0
CUS003313,67,two_year,fiber,mailed_check,True,1,52.07,3329.17,0,0
CUS003314,59,month_to_month,fiber,electronic_check,True,2,55.57,3160.11,1,0
CUS003315,6,month_to_month,dsl,credit_card,True,3,48.13,270.61,1,1
CUS003316,37,month_to_month,dsl,electronic_check,True,3,47.91,1827.24,0,1
CUS003317,21,two_year,none,electronic_check,False,4,33.14,710.99,0,0
CUS003318,40,two_year,fiber,bank_transfer,True,0,44.57,1686.48,0,0
CUS003319,47,month_to_month,dsl,electronic_check,False,1,43.05,2030.57,1,0
CUS003320,49,month_to_month,fiber,credit_card,True,1,54.4,2719.85,1,0
CUS003321,24,two_year,fiber,electronic_check,True,5,69.71,1717.11,0,0
CUS003322,62,month_to_month,fiber,electronic_check,True,0,46.34,2857.21,0,0
CUS003323,36,one_year,fiber,credit_card,False,6,84.11,3041.05,0,0
CUS003324,18,one_year,fiber,mailed_check,True,1,51.12,958.34,1,0
CUS003325,24,month_to_month,dsl,bank_transfer,True,6,65.24,1468.27,0,0
CUS003326,26,one_year,fiber,mailed_check,True,5,76.95,1908.29,0,0
CUS003327,44,one_year,dsl,electronic_check,True,6,63.17,2785.49,0,1
CUS003328,46,one_year,dsl,credit_card,True,0,24.34,1044.92,1,0
CUS003329,18,month_to_month,fiber,bank_transfer,False,0,52.68,908.54,0,1
CUS003330,8,month_to_month,fiber,bank_transfer,True,3,67.99,521.72,1,1
CUS003331,21,two_year,fiber,credit_card,True,2,62.04,1318.24,0,0
CUS003332,69,two_year,none,electronic_check,False,2,29.57,2137.29,1,0
CUS003333,47,month_to_month,dsl,bank_transfer,True,6,64.85,3004.9,1,0
CUS003334,42,month_to_month,fiber,credit_card,True,2,49.56,2008.97,2,0
CUS003335,6,month_to_month,fiber,mailed_check,True,6,76.42,467.59,0,1
CUS003336,27,one_year,none,mailed_check,False,0,19.37,523.38,0,0
CUS003337,26,month_to_month,none,credit_card,False,5,39.23,1033.29,0,0
CUS003338,66,month_to_month,none,electronic_check,True,2,21.91,1476.75,0,0
CUS003339,37,month_to_month,fiber,credit_card,True,1,54.31,1907.93,1,0
CUS003340,9,one_year,dsl,bank_transfer,False,1,34.77,296.66,0,0
CUS003341,57,month_to_month,dsl,electronic_check,True,2,49.23,2926.93,2,0
CUS003342,22,two_year,dsl,mailed_check,True,0,31.25,653.71,0,0
CUS003343,51,month_to_month,fiber,mailed_check,True,6,72.26,3729.53,1,0
CUS003344,67,one_year,fiber,bank_transfer,True,1,49.48,3451.58,0,0
CUS003345,33,two_year,dsl,electronic_check,False,0,42.12,1440.42,1,0
CUS003346,72,month_to_month,fiber,bank_transfer,True,1,44.83,3123.27,0,0
CUS003347,54,two_year,dsl,credit_card,True,1,38.44,2014.51,2,0
CUS003348,37,month_to_month,fiber,electronic_check,False,5,72.14,2778.74,0,0
CUS003349,38,month_to_month,fiber,credit_card,False,0,48.59,1820.5,1,0
CUS003350,42,month_to_month,fiber,bank_transfer,True,3,59.45,2385.95,0,0
CUS003351,13,month_to_month,fiber,electronic_check,False,3,61.14,771.39,1,1
CUS003352,17,one_year,dsl,credit_card,True,4,54.93,977.06,0,0
CUS003353,52,month_to_month,dsl,bank_transfer,True,0,35.51,1827.06,2,0
CUS003354,1,month_to_month,none,electronic_check,False,0,25.52,,1,1
CUS003355,15,month_to_month,dsl,credit_card,True,6,68.68,984.38,1,0
CUS003356,8,two_year,dsl,credit_card,False,3,52.09,405.03,0,0
CUS003357,66,month_to_month,none,credit_card,False,0,25.15,1566.13,1,0
CUS003358,31,month_to_month,none,mailed_check,True,5,45.35,1426.02,0,0
CUS003359,17,month_to_month,none,electronic_check,True,4,33.89,591.34,1,1
CUS003360,1,month_to_month,fiber,mailed_check,True,5,82.82,,0,1
CUS003361,11,month_to_month,dsl,electronic_check,True,3,47.96,532.61,3,0
CUS003362,46,two_year,fiber,credit_card,False,2,55.75,2524.41,0,0
CUS003363,11,month_to_month,none,bank_transfer,False,2,34.54,381.0,0,0
CUS003364,19,month_to_month,dsl,credit_card,False,5,57.51,1100.08,0,0
CUS003365,51,one_year,fiber,electronic_check,True,6,83.71,4435.53,0,0
CUS003366,49,month_to_month,dsl,credit_card,False,1,39.49,1890.84,0,0
CUS003367,66,month_to_month,dsl,electronic_check,True,2,41.75,2755.62,1,0
CUS003368,38,two_year,fiber,credit_card,True,2,54.7,1982.13,1,0
CUS003369,53,month_to_month,dsl,credit_card,True,1,34.89,1856.19,0,0
CUS003370,50,month_to_month,none,mailed_check,True,2,27.66,1307.91,1,0
CUS003371,11,month_to_month,fiber,bank_transfer,False,0,45.87,485.69,0,1
CUS003372,52,month_to_month,none,bank_transfer,True,4,40.65,2158.85,1,0
CUS003373,10,month_to_month,dsl,electronic_check,True,5,58.98,610.71,0,0
CUS003374,36,one_year,fiber,mailed_check,True,1,57.44,1961.89,1,0
CUS003375,11,month_to_month,fiber,bank_transfer,False,5,75.3,810.39,0,0
CUS003376,36,month_to_month,dsl,credit_card,True,4,52.67,1861.57,0,0
CUS003377,29,two_year,none,electronic_check,False,2,32.49,965.23,0,0
CUS003378,53,month_to_month,fiber,credit_card,False,6,83.84,4251.76,0,0
CUS003379,36,month_to_month,fiber,electronic_check,True,0,46.52,1646.43,1,0
CUS003380,37,month_to_month,none,electronic_check,True,5,50.71,1821.81,1,0
CUS003381,12,month_to_month,fiber,credit_card,False,3,49.86,579.8,0,0
CUS003382,8,two_year,dsl,credit_card,True,1,45.69,360.31,2,0
CUS003383,54,two_year,none,electronic_check,False,6,54.18,2910.6,0,0
CUS003384,57,month_to_month,fiber,mailed_check,True,1,46.88,2751.46,0,0
CUS003385,42,month_to_month,fiber,bank_transfer,False,5,65.17,2698.73,0,0
CUS003386,28,month_to_month,fiber,bank_transfer,True,1,56.05,1567.69,0,1
CUS003387,32,month_to_month,fiber,electronic_check,True,1,51.12,1598.42,1,0
CUS003388,23,month_to_month,none,electronic_check,True,5,47.1,1110.54,2,0
CUS003389,15,one_year,dsl,bank_transfer,False,5,64.06,947.44,1,0
CUS003390,71,month_to_month,dsl,credit_card,True,0,35.21,2608.64,1,0
CUS003391,23,one_year,dsl,bank_transfer,False,4,48.97,1049.04,0,0
CUS003392,35,month_to_month,dsl,mailed_check,True,2,45.28,1537.35,1,0
CUS003393,39,two_year,fiber,mailed_check,True,4,64.38,2534.22,2,0
CUS003394,8,month_to_month,fiber,electronic_check,True,4,67.95,532.57,1,0
CUS003395,12,month_to_month,none,electronic_check,False,4,37.39,425.11,0,1
CUS003396,28,month_to_month,fiber,credit_card,True,0,40.48,1147.84,1,1
CUS003397,25,month_to_month,dsl,mailed_check,True,0,21.29,528.17,2,0
CUS003398,38,two_year,fiber,electronic_check,True,6,79.73,2817.87,0,0
CUS003399,61,month_to_month,none,electronic_check,False,0,29.56,1695.33,0,0
CUS003400,11,month_to_month,fiber,electronic_check,False,4,69.65,724.13,0,0
CUS003401,40,one_year,fiber,bank_transfer,True,1,58.96,2351.2,1,0
CUS003402,23,one_year,none,electronic_check,True,1,28.44,641.74,2,0
CUS003403,31,two_year,dsl,electronic_check,True,1,36.33,1048.63,0,0
CUS003404,3,month_to_month,dsl,electronic_check,True,4,47.48,135.39,1,1
CUS003405,16,one_year,dsl,credit_card,True,1,32.06,503.57,0,0
CUS003406,15,two_year,none,credit_card,True,3,33.64,489.78,0,0
CUS003407,27,one_year,none,credit_card,True,4,38.32,1021.97,4,0
CUS003408,72,one_year,none,credit_card,True,2,33.88,2459.65,0,0
CUS003409,48,two_year,dsl,mailed_check,False,4,56.32,2531.77,1,0
CUS003410,7,one_year,fiber,mailed_check,True,2,46.87,343.09,2,0
CUS003411,4,two_year,fiber,electronic_check,False,0,36.54,149.15,0,0
CUS003412,63,month_to_month,fiber,bank_transfer,True,1,53.13,3509.92,2,0
CUS003413,25,month_to_month,fiber,bank_transfer,True,3,69.19,1680.68,0,1
CUS003414,12,month_to_month,dsl,electronic_check,True,2,39.58,456.71,3,1
CUS003415,28,month_to_month,dsl,bank_transfer,False,6,66.78,1769.96,1,0
CUS003416,24,two_year,dsl,mailed_check,True,6,65.44,1504.48,0,0
CUS003417,2,month_to_month,dsl,credit_card,False,6,62.32,130.05,2,0
CUS003418,30,month_to_month,fiber,electronic_check,True,3,68.08,2058.88,0,0
CUS003419,8,two_year,dsl,electronic_check,True,4,44.52,372.24,0,1
CUS003420,2,month_to_month,fiber,electronic_check,True,5,75.51,158.31,1,1
CUS003421,7,month_to_month,dsl,mailed_check,True,2,41.15,277.03,1,1
CUS003422,11,month_to_month,fiber,credit_card,True,5,71.75,814.1,1,0
CUS003423,25,one_year,none,mailed_check,True,3,37.86,957.21,1,0
CUS003424,26,one_year,none,credit_card,True,6,52.61,1318.39,1,0
CUS003425,71,one_year,dsl,mailed_check,True,0,34.1,2446.36,0,0
CUS003426,52,two_year,fiber,bank_transfer,False,2,59.37,3205.71,1,0
CUS003427,30,month_to_month,none,credit_card,False,1,13.38,414.02,0,0
CUS003428,10,month_to_month,none,electronic_check,True,1,25.99,242.04,0,1
CUS003429,32,two_year,none,mailed_check,False,2,19.04,609.33,0,0
CUS003430,60,month_to_month,none,electronic_check,False,3,40.74,2431.1,0,0
CUS003431,49,one_year,dsl,bank_transfer,False,0,31.22,1478.71,1,0
CUS003432,68,month_to_month,fiber,bank_transfer,False,1,47.52,3179.89,0,1
CUS003433,44,month_to_month,dsl,credit_card,True,6,71.44,3209.1,1,0
CUS003434,36,one_year,fiber,bank_transfer,True,1,48.44,1777.85,2,0
CUS003435,38,two_year,fiber,electronic_check,False,0,50.78,1945.76,0,0
CUS003436,13,two_year,fiber,electronic_check,True,2,61.36,793.54,0,0
CUS003437,42,two_year,fiber,credit_card,False,6,74.59,3266.75,1,0
CUS003438,28,two_year,none,mailed_check,False,4,40.03,1124.02,1,0
CUS003439,6,month_to_month,dsl,mailed_check,True,6,64.11,390.87,3,0
CUS003440,30,two_year,dsl,mailed_check,True,1,25.24,769.19,1,0
CUS003441,5,two_year,fiber,bank_transfer,True,0,43.29,213.45,0,0
CUS003442,53,two_year,none,credit_card,True,5,43.31,2188.41,2,0
CUS003443,32,month_to_month,dsl,electronic_check,True,6,61.03,1944.41,0,0
CUS003444,12,one_year,fiber,electronic_check,True,2,56.1,659.08,0,0
CUS003445,41,one_year,none,bank_transfer,True,5,42.65,1745.32,1,0
CUS003446,11,one_year,none,bank_transfer,True,6,63.04,671.61,1,0
CUS003447,40,two_year,fiber,bank_transfer,True,5,68.79,2752.1,0,1
CUS003448,20,one_year,none,electronic_check,False,0,20.32,413.87,0,0
CUS003449,1,two_year,dsl,electronic_check,False,4,51.94,,1,0
CUS003450,64,month_to_month,fiber,electronic_check,False,6,76.02,4667.54,0,0
CUS003451,3,month_to_month,fiber,mailed_check,False,2,56.6,160.07,0,0
CUS003452,61,month_to_month,dsl,electronic_check,False,0,36.96,2158.27,0,0
CUS003453,6,month_to_month,fiber,credit_card,True,6,78.32,480.92,0,0
CUS003454,47,two_year,dsl,mailed_check,False,6,67.31,3048.7,0,0
CUS003455,1,month_to_month,fiber,bank_transfer,False,0,45.5,,1,1
CUS003456,42,month_to_month,dsl,electronic_check,True,5,55.78,2336.35,1,0
CUS003457,36,one_year,dsl,credit_card,True,3,45.2,1528.76,0,0
CUS003458,15,month_to_month,fiber,credit_card,False,4,58.66,891.44,2,1
CUS003459,51,month_to_month,dsl,electronic_check,True,3,47.86,2303.23,0,0
CUS003460,42,month_to_month,fiber,mailed_check,True,4,71.15,3002.05,0,0
CUS003461,7,month_to_month,dsl,electronic_check,True,0,32.46,237.95,1,0
CUS003462,45,one_year,none,credit_card,True,4,37.98,1674.35,0,0
CUS003463,55,month_to_month,fiber,electronic_check,True,0,44.89,2426.0,0,0
CUS003464,52,one_year,fiber,electronic_check,False,3,63.9,3330.88,2,0
CUS003465,72,two_year,fiber,electronic_check,True,1,49.76,3432.22,0,0
CUS003466,28,one_year,fiber,bank_transfer,True,3,56.88,1611.38,2,0
CUS003467,45,month_to_month,fiber,bank_transfer,True,4,62.34,2820.76,0,0
CUS003468,72,month_to_month,dsl,electronic_check,True,2,42.97,2981.72,1,0
CUS003469,26,month_to_month,fiber,credit_card,True,5,70.5,1923.75,0,0
CUS003470,62,two_year,none,credit_card,True,0,16.92,1014.22,0,0
CUS003471,56,month_to_month,fiber,bank_transfer,False,0,47.89,2559.13,1,0
CUS003472,34,two_year,none,mailed_check,True,3,34.44,1122.78,0,0
CUS003473,30,month_to_month,none,electronic_check,False,5,44.97,1267.94,1,1
CUS003474,9,one_year,fiber,credit_card,True,4,65.34,584.88,1,1
CUS003475,22,one_year,fiber,bank_transfer,False,4,72.67,1533.1,1,0
CUS003476,59,one_year,fiber,electronic_check,True,3,52.96,3089.93,0,0
CUS003477,28,month_to_month,dsl,credit_card,True,1,34.32,926.8,0,0
CUS003478,59,month_to_month,dsl,bank_transfer,False,4,54.76,3085.41,0,0
CUS003479,61,month_to_month,dsl,credit_card,True,5,61.66,3881.36,0,1
CUS003480,24,two_year,none,electronic_check,True,6,48.45,1106.9,3,0
CUS003481,3,two_year,none,electronic_check,True,0,25.22,78.62,0,0
CUS003482,58,month_to_month,dsl,credit_card,True,2,41.88,2315.7,2,0
CUS003483,60,month_to_month,fiber,electronic_check,True,6,83.15,4786.77,1,0
CUS003484,42,month_to_month,dsl,electronic_check,False,6,58.02,2487.58,0,0
CUS003485,55,month_to_month,fiber,credit_card,True,1,50.33,2790.19,0,1
CUS003486,66,one_year,fiber,mailed_check,False,2,59.09,4038.78,0,0
CUS003487,16,one_year,fiber,bank_transfer,True,5,78.29,1292.54,0,0
CUS003488,55,month_to_month,none,electronic_check,False,4,34.02,1852.07,2,0
CUS003489,46,two_year,none,credit_card,True,3,35.81,1726.94,0,0
CUS003490,45,month_to_month,dsl,credit_card,True,1,32.53,1484.33,0,0
CUS003491,70,month_to_month,fiber,electronic_check,False,3,60.1,3982.3,1,0
CUS003492,4,month_to_month,fiber,electronic_check,False,2,53.18,211.18,0,0
CUS003493,52,one_year,none,bank_transfer,True,1,33.89,1685.55,0,0
CUS003494,44,two_year,fiber,credit_card,True,3,64.21,2681.24,0,0
CUS003495,69,month_to_month,none,electronic_check,False,5,34.89,2349.95,0,0
CUS003496,36,month_to_month,fiber,bank_transfer,True,0,32.7,1099.47,2,0
CUS003497,25,month_to_month,dsl,electronic_check,False,2,44.24,1150.74,1,1
CUS003498,57,month_to_month,dsl,bank_transfer,True,1,32.22,1866.33,2,0
CUS003499,18,two_year,none,mailed_check,False,0,21.76,374.5,0,0
CUS003500,15,one_year,fiber,credit_card,False,3,58.5,859.41,1,0
CUS003501,15,one_year,dsl,credit_card,True,4,54.93,843.52,1,0
CUS003502,48,one_year,fiber,credit_card,True,2,62.52,3075.2,0,0
CUS003503,31,one_year,fiber,credit_card,True,4,64.52,2097.94,0,0
CUS003504,33,month_to_month,fiber,credit_card,True,4,64.01,2055.32,0,0
CUS003505,54,one_year,dsl,bank_transfer,False,3,44.83,2290.01,0,0
CUS003506,48,two_year,none,bank_transfer,True,3,27.46,1338.87,0,0
CUS003507,48,month_to_month,fiber,electronic_check,True,5,70.55,3276.11,0,1
CUS003508,71,month_to_month,dsl,bank_transfer,True,5,59.48,4275.2,0,0
CUS003509,16,month_to_month,none,credit_card,False,4,34.58,577.43,0,0
CUS003510,24,one_year,dsl,electronic_check,True,0,39.46,950.02,2,0
CUS003511,22,month_to_month,fiber,credit_card,True,4,68.21,1438.56,0,0
CUS003512,25,one_year,fiber,mailed_check,False,1,49.85,1292.73,1,0
CUS003513,42,month_to_month,fiber,electronic_check,False,2,48.26,2091.17,0,0
CUS003514,61,month_to_month,fiber,electronic_check,False,0,49.57,2918.37,3,0
CUS003515,22,month_to_month,dsl,bank_transfer,True,1,39.2,871.97,0,0
CUS003516,69,month_to_month,dsl,credit_card,True,3,47.76,3274.98,0,0
CUS003517,51,two_year,fiber,credit_card,True,4,75.91,3842.81,0,0
CUS003518,70,month_to_month,fiber,credit_card,False,0,51.71,3757.43,1,1
CUS003519,26,month_to_month,fiber,electronic_check,False,1,47.55,1264.15,0,0
CUS003520,16,month_to_month,dsl,credit_card,True,0,41.49,677.77,1,0
CUS003521,65,month_to_month,dsl,credit_card,False,4,49.32,3163.99,2,0
CUS003522,47,one_year,dsl,electronic_check,True,0,31.66,1460.21,1,0
CUS003523,58,one_year,fiber,credit_card,True,5,73.23,4149.23,1,0
CUS003524,3,month_to_month,dsl,credit_card,True,1,39.49,111.68,0,0
CUS003525,36,one_year,dsl,bank_transfer,True,1,34.03,1163.5,0,0
CUS003526,10,month_to_month,fiber,bank_transfer,True,5,81.49,800.54,0,0
CUS003527,41,one_year,dsl,credit_card,True,3,41.04,1632.92,1,0
CUS003528,17,one_year,dsl,credit_card,False,4,62.56,1015.4,1,0
CUS003529,58,month_to_month,dsl,credit_card,False,5,55.63,3110.23,0,0
CUS003530,19,one_year,none,credit_card,True,1,24.77,477.91,0,0
CUS003531,36,one_year,fiber,bank_transfer,False,4,74.52,2644.91,0,0
CUS003532,60,one_year,dsl,credit_card,True,6,68.67,3844.5,2,0
CUS003533,5,one_year,fiber,electronic_check,True,6,75.33,376.38,0,0
CUS003534,59,one_year,dsl,credit_card,False,4,50.95,2938.89,1,0
CUS003535,28,month_to_month,dsl,mailed_check,True,3,48.14,1337.74,0,0
CUS003536,16,month_to_month,none,electronic_check,True,6,55.98,939.04,2,1
CUS003537,71,two_year,none,bank_transfer,False,4,37.02,2565.34,1,0
CUS003538,6,month_to_month,fiber,mailed_check,False,3,56.54,336.1,2,1
CUS003539,70,one_year,fiber,credit_card,True,0,51.01,3635.73,3,0
CUS003540,63,one_year,dsl,electronic_check,False,4,51.71,3402.06,1,0
CUS003541,20,one_year,none,mailed_check,True,0,17.41,332.0,2,0
CUS003542,24,month_to_month,dsl,bank_transfer,False,3,55.2,1383.42,2,0
CUS003543,4,two_year,dsl,mailed_check,False,2,37.24,143.95,1,1
CUS003544,49,month_to_month,dsl,credit_card,True,4,52.22,2548.59,1,0
CUS003545,64,month_to_month,fiber,bank_transfer,False,4,74.56,4490.48,0,0
CUS003546,17,one_year,none,electronic_check,True,2,32.67,567.79,0,0
CUS003547,68,month_to_month,fiber,electronic_check,True,6,79.39,5555.18,0,0
CUS003548,4,two_year,none,mailed_check,True,2,33.1,134.95,1,0
CUS003549,53,month_to_month,dsl,credit_card,True,4,56.32,3090.38,0,0
CUS003550,53,month_to_month,fiber,electronic_check,False,4,67.76,3684.63,2,1
CUS003551,69,one_year,none,bank_transfer,False,1,25.45,1840.32,0,0
CUS003552,32,month_to_month,fiber,electronic_check,True,1,52.88,1719.64,0,1
CUS003553,28,month_to_month,fiber,bank_transfer,False,4,66.02,1936.07,0,1
CUS003554,9,one_year,fiber,credit_card,True,5,70.45,618.36,0,0
CUS003555,65,month_to_month,none,credit_card,True,3,41.48,2555.64,1,0
CUS003556,37,two_year,dsl,mailed_check,False,1,34.57,1270.09,1,0
CUS003557,42,month_to_month,none,electronic_check,True,6,51.39,2147.55,0,0
CUS003558,23,two_year,fiber,electronic_check,True,3,59.95,1395.28,1,1
CUS003559,7,two_year,dsl,electronic_check,True,2,44.37,306.87,1,0
CUS003560,23,month_to_month,dsl,electronic_check,True,5,62.51,1378.51,0,0
CUS003561,15,month_to_month,none,bank_transfer,True,3,30.81,433.51,2,0
CUS003562,37,month_to_month,fiber,electronic_check,True,6,75.23,2691.65,2,0
CUS003563,53,one_year,none,bank_transfer,True,4,42.67,2339.51,0,0
CUS003564,16,month_to_month,fiber,credit_card,True,1,49.58,810.75,1,1
CUS003565,43,month_to_month,fiber,electronic_check,False,3,64.44,2852.29,2,1
CUS003566,72,month_to_month,none,bank_transfer,False,2,27.68,1953.23,0,0
CUS003567,65,two_year,dsl,electronic_check,True,1,38.92,2596.8,0,0
CUS003568,66,one_year,dsl,mailed_check,True,1,36.01,2454.96,0,0
CUS003569,33,month_to_month,none,mailed_check,False,6,54.56,1700.24,2,0
CUS003570,34,month_to_month,dsl,bank_transfer,True,6,62.64,2141.35,1,0
CUS003571,66,month_to_month,dsl,electronic_check,True,5,59.25,3894.81,1,0
CUS003572,72,one_year,dsl,credit_card,True,2,43.86,3166.62,0,0
CUS003573,3,month_to_month,dsl,electronic_check,False,5,62.35,195.74,0,1
CUS003574,52,month_to_month,fiber,electronic_check,False,4,66.95,3448.21,2,0
CUS003575,25,month_to_month,dsl,credit_card,False,6,69.89,1793.86,5,1
CUS003576,66,month_to_month,fiber,bank_transfer,True,6,85.25,5471.77,0,0
CUS003577,40,month_to_month,dsl,mailed_check,True,4,51.23,2073.75,1,0
CUS003578,59,one_year,fiber,credit_card,True,1,49.99,2810.37,0,0
CUS003579,38,month_to_month,fiber,credit_card,True,5,75.53,2872.31,1,1
CUS003580,26,month_to_month,dsl,credit_card,True,4,42.4,1078.16,0,0
CUS003581,19,month_to_month,dsl,bank_transfer,True,4,54.1,1000.62,0,0
CUS003582,35,month_to_month,dsl,credit_card,True,5,58.7,2124.05,2,0
CUS003583,13,one_year,dsl,electronic_check,True,5,58.84,798.52,1,0
CUS003584,21,month_to_month,dsl,electronic_check,True,6,67.76,1477.47,1,0
CUS003585,19,one_year,fiber,credit_card,True,3,61.07,1214.68,0,0
CUS003586,39,one_year,dsl,credit_card,False,4,51.98,1939.76,3,0
CUS003587,9,two_year,fiber,mailed_check,True,6,77.33,691.26,0,0
CUS003588,31,month_to_month,fiber,credit_card,True,4,68.34,2064.57,0,0
CUS003589,21,month_to_month,fiber,electronic_check,True,5,77.02,1684.49,0,1
CUS003590,2,two_year,dsl,mailed_check,True,3,45.18,90.83,1,0
CUS003591,21,month_to_month,fiber,credit_card,False,5,69.75,1522.58,0,0
CUS003592,40,two_year,dsl,mailed_check,False,0,31.59,1188.45,1,0
CUS003593,68,two_year,none,electronic_check,True,3,39.9,2694.88,2,0
CUS003594,62,month_to_month,dsl,bank_transfer,True,2,50.4,2974.2,3,0
CUS003595,47,month_to_month,fiber,electronic_check,True,6,70.83,3451.39,1,1
CUS003596,25,one_year,fiber,bank_transfer,True,2,50.25,1294.98,1,0
CUS003597,6,month_to_month,fiber,mailed_check,True,0,40.27,246.5,0,1
CUS003598,72,month_to_month,fiber,electronic_check,True,6,76.84,5463.35,1,0
CUS003599,57,month_to_month,fiber,bank_transfer,True,6,73.64,4376.38,1,0
CUS003600,18,one_year,fiber,credit_card,True,3,62.63,1178.36,3,0
CUS003601,10,month_to_month,dsl,bank_transfer,True,3,42.72,402.9,0,1
CUS003602,68,two_year,fiber,credit_card,True,5,73.96,4767.1,2,0
CUS003603,4,month_to_month,fiber,credit_card,True,3,60.0,238.39,1,0
CUS003604,9,month_to_month,dsl,mailed_check,True,6,60.04,560.33,0,1
CUS003605,59,one_year,fiber,bank_transfer,False,4,66.67,3813.33,0,0
CUS003606,69,two_year,dsl,bank_transfer,False,5,49.63,3509.38,2,0
CUS003607,7,month_to_month,fiber,electronic_check,False,2,58.62,428.24,1,1
CUS003608,30,month_to_month,fiber,credit_card,True,0,40.35,1270.91,0,1
CUS003609,51,month_to_month,fiber,bank_transfer,False,3,60.18,3200.57,1,0
CUS003610,25,one_year,fiber,mailed_check,False,1,52.72,1270.64,0,0
CUS003611,2,month_to_month,fiber,credit_card,False,6,83.24,155.65,0,1
CUS003612,42,one_year,none,bank_transfer,True,1,33.74,1450.8,2,0
CUS003613,26,two_year,dsl,bank_transfer,True,1,33.34,822.38,0,0
CUS003614,54,one_year,fiber,bank_transfer,False,6,65.07,3499.3,0,0
CUS003615,2,month_to_month,fiber,credit_card,True,5,75.36,153.25,0,1
CUS003616,37,two_year,fiber,electronic_check,False,5,73.42,2555.85,0,0
CUS003617,33,two_year,fiber,credit_card,True,0,55.57,1863.62,0,0
CUS003618,29,month_to_month,fiber,bank_transfer,True,6,82.65,2439.07,1,0
CUS003619,12,two_year,fiber,mailed_check,True,0,52.74,591.42,1,1
CUS003620,41,one_year,fiber,credit_card,True,0,54.07,2251.62,0,0
CUS003621,41,two_year,fiber,credit_card,True,6,75.12,2933.76,1,0
CUS003622,22,month_to_month,none,electronic_check,False,3,39.83,888.09,0,0
CUS003623,22,month_to_month,dsl,electronic_check,False,3,43.91,932.47,2,0
CUS003624,65,two_year,none,bank_transfer,True,3,29.3,1967.21,0,0
CUS003625,21,two_year,dsl,mailed_check,False,3,50.03,1023.75,0,0
CUS003626,55,two_year,dsl,bank_transfer,True,6,59.28,3358.12,1,0
CUS003627,14,two_year,dsl,credit_card,True,0,35.9,474.39,1,0
CUS003628,16,month_to_month,fiber,bank_transfer,True,2,50.02,807.42,0,0
CUS003629,29,two_year,fiber,bank_transfer,False,0,48.72,1408.46,0,0
CUS003630,55,month_to_month,fiber,mailed_check,True,1,49.6,2738.5,0,0
CUS003631,37,month_to_month,fiber,credit_card,True,0,45.74,1724.56,1,0
CUS003632,59,month_to_month,dsl,mailed_check,False,1,30.72,1875.96,1,0
CUS003633,31,month_to_month,fiber,bank_transfer,True,6,72.75,2180.52,1,1
CUS003634,53,month_to_month,dsl,mailed_check,False,1,34.05,1862.33,0,0
CUS003635,3,two_year,dsl,credit_card,True,2,34.42,96.95,1,0
CUS003636,51,one_year,dsl,credit_card,True,6,57.87,2753.86,0,0
CUS003637,56,month_to_month,fiber,electronic_check,False,0,42.31,2485.46,0,0
CUS003638,53,month_to_month,dsl,credit_card,False,4,49.24,2731.55,0,0
CUS003639,70,month_to_month,dsl,credit_card,False,1,36.13,2411.86,0,0
CUS003640,72,two_year,dsl,bank_transfer,True,4,58.63,4237.49,0,0
CUS003641,59,month_to_month,dsl,electronic_check,False,6,63.59,3685.73,1,0
CUS003642,53,month_to_month,fiber,mailed_check,True,5,72.82,3843.62,1,0
CUS003643,36,month_to_month,fiber,bank_transfer,True,1,49.07,1737.4,0,0
CUS003644,16,one_year,fiber,bank_transfer,True,4,67.09,1078.94,3,0
CUS003645,60,two_year,fiber,mailed_check,True,0,54.84,3086.39,0,0
CUS003646,59,two_year,none,bank_transfer,True,2,32.38,1896.98,0,0
CUS003647,29,two_year,dsl,credit_card,False,5,53.52,1553.92,0,0
CUS003648,45,one_year,none,electronic_check,True,2,21.08,966.57,0,0
CUS003649,50,one_year,dsl,electronic_check,True,3,46.31,2405.6,0,0
CUS003650,7,month_to_month,fiber,bank_transfer,True,5,69.32,507.6,1,0
CUS003651,54,month_to_month,fiber,electronic_check,True,1,48.68,2689.43,0,1
CUS003652,15,month_to_month,fiber,electronic_check,True,3,59.43,873.37,0,1
CUS003653,30,one_year,dsl,electronic_check,False,2,41.78,1184.83,3,0
CUS003654,2,month_to_month,none,electronic_check,True,0,15.29,31.69,0,1
CUS003655,72,two_year,fiber,mailed_check,False,5,72.83,5236.94,0,0
CUS003656,64,month_to_month,fiber,bank_transfer,True,6,82.77,5171.08,0,0
CUS003657,63,month_to_month,fiber,electronic_check,True,1,56.4,3349.25,0,1
CUS003658,67,two_year,fiber,electronic_check,True,0,46.04,3139.26,0,0
CUS003659,63,two_year,fiber,mailed_check,True,2,55.17,3311.29,1,0
CUS003660,15,month_to_month,dsl,electronic_check,True,3,51.48,801.13,1,0
CUS003661,61,month_to_month,dsl,electronic_check,True,1,37.83,2169.79,1,0
CUS003662,6,two_year,fiber,credit_card,False,6,74.9,460.5,0,0
CUS003663,5,month_to_month,dsl,electronic_check,False,1,30.84,152.15,1,0
CUS003664,59,month_to_month,dsl,bank_transfer,True,6,63.33,3895.14,0,0
CUS003665,12,month_to_month,dsl,mailed_check,True,4,56.46,665.2,1,0
CUS003666,30,month_to_month,fiber,electronic_check,False,0,41.54,1205.04,1,0
CUS003667,62,month_to_month,dsl,credit_card,True,0,25.57,1596.76,1,0
CUS003668,56,one_year,fiber,electronic_check,True,0,42.78,2268.0,0,0
CUS003669,59,month_to_month,fiber,electronic_check,False,5,69.49,4031.6,1,0
CUS003670,19,one_year,dsl,electronic_check,False,1,34.66,671.99,1,0
CUS003671,15,month_to_month,fiber,mailed_check,False,3,62.29,936.15,0,0
CUS003672,60,month_to_month,dsl,electronic_check,False,4,55.26,3441.56,0,0
CUS003673,27,two_year,fiber,credit_card,True,0,46.13,1303.18,2,0
CUS003674,4,month_to_month,dsl,mailed_check,False,3,56.34,214.24,1,1
CUS003675,46,two_year,none,credit_card,True,2,35.14,1550.24,2,0
CUS003676,33,month_to_month,dsl,mailed_check,False,0,29.22,916.41,0,0
CUS003677,52,month_to_month,fiber,mailed_check,True,3,60.57,3111.81,1,0
CUS003678,8,month_to_month,dsl,electronic_check,False,1,36.89,298.81,1,0
CUS003679,10,month_to_month,fiber,bank_transfer,True,0,41.99,417.59,1,1
CUS003680,59,month_to_month,none,credit_card,True,4,37.23,2199.34,0,0
CUS003681,11,month_to_month,fiber,mailed_check,True,4,67.63,743.64,1,0
CUS003682,2,month_to_month,dsl,electronic_check,False,6,71.6,134.54,0,0
CUS003683,59,two_year,dsl,electronic_check,True,2,43.24,2665.21,0,0
CUS003684,9,month_to_month,dsl,mailed_check,True,5,55.63,510.66,0,1
CUS003685,65,month_to_month,dsl,electronic_check,True,2,42.6,2887.87,0,0
CUS003686,3,month_to_month,fiber,mailed_check,False,2,57.6,161.05,1,1
CUS003687,21,month_to_month,fiber,bank_transfer,True,2,54.46,1084.75,0,0
CUS003688,4,one_year,dsl,electronic_check,True,4,50.15,200.58,0,0
CUS003689,1,month_to_month,dsl,mailed_check,False,3,46.59,,1,1
CUS003690,55,two_year,dsl,electronic_check,False,3,45.87,2462.02,1,0
CUS003691,29,month_to_month,fiber,credit_card,False,6,71.59,2071.39,2,1
CUS003692,13,month_to_month,fiber,mailed_check,False,6,70.87,860.52,1,1
CUS003693,42,month_to_month,none,credit_card,True,0,19.72,839.78,1,1
CUS003694,34,one_year,dsl,mailed_check,True,2,35.2,1146.17,0,0
CUS003695,59,month_to_month,fiber,electronic_check,False,4,71.71,4135.61,1,0
CUS003696,55,two_year,fiber,mailed_check,True,3,61.92,3554.95,0,0
CUS003697,31,one_year,fiber,mailed_check,False,5,69.14,2044.34,3,0
CUS003698,54,month_to_month,dsl,electronic_check,True,1,38.34,1992.81,2,0
CUS003699,6,one_year,fiber,electronic_check,True,4,59.71,352.75,1,0
CUS003700,8,two_year,dsl,electronic_check,False,5,46.38,377.61,2,0
CUS003701,33,month_to_month,dsl,electronic_check,False,5,61.18,2032.86,2,0
CUS003702,57,month_to_month,none,mailed_check,False,6,56.01,3173.35,0,0
CUS003703,10,one_year,fiber,electronic_check,True,3,67.01,687.79,0,0
CUS003704,53,month_to_month,none,mailed_check,True,3,40.86,2063.33,1,0
CUS003705,45,month_to_month,fiber,electronic_check,True,3,55.47,2525.4,2,0
CUS003706,34,one_year,dsl,credit_card,True,0,28.73,973.25,0,0
CUS003707,8,month_to_month,none,credit_card,True,4,48.89,406.88,1,0
CUS003708,30,one_year,fiber,credit_card,False,1,52.73,1621.89,0,0
CUS003709,43,month_to_month,fiber,mailed_check,True,6,73.17,3236.2,0,0
CUS003710,51,month_to_month,dsl,electronic_check,False,4,53.33,2829.39,0,0
CUS003711,18,month_to_month,none,credit_card,False,0,21.87,367.74,0,0
CUS003712,60,one_year,fiber,electronic_check,True,6,74.25,4388.08,0,0
CUS003713,4,two_year,none,electronic_check,False,6,53.81,212.57,0,0
CUS003714,20,two_year,fiber,credit_card,True,5,72.51,1427.81,1,1
CUS003715,43,month_to_month,dsl,electronic_check,False,4,49.58,2013.76,1,0
CUS003716,2,month_to_month,fiber,electronic_check,False,3,69.48,130.99,0,1
CUS003717,8,month_to_month,dsl,bank_transfer,False,5,55.09,453.49,1,0
CUS003718,17,month_to_month,none,bank_transfer,False,0,16.86,290.42,1,0
CUS003719,55,month_to_month,none,electronic_check,False,3,29.1,1551.51,0,0
CUS003720,53,month_to_month,fiber,mailed_check,False,0,41.45,2268.16,1,0
CUS003721,11,month_to_month,fiber,electronic_check,True,3,68.77,719.75,0,1
CUS003722,72,month_to_month,none,mailed_check,False,2,38.07,2798.22,1,0
CUS003723,35,one_year,dsl,mailed_check,True,4,47.62,1576.94,1,0
CUS003724,69,one_year,none,credit_card,False,1,22.22,1484.42,1,0
CUS003725,41,two_year,none,mailed_check,True,6,49.5,1972.72,0,0
CUS003726,68,month_to_month,fiber,electronic_check,True,4,69.12,4431.72,0,0
CUS003727,20,two_year,dsl,electronic_check,False,0,37.28,759.58,0,0
CUS003728,39,one_year,none,electronic_check,False,6,50.41,1989.87,2,0
CUS003729,20,month_to_month,none,bank_transfer,True,3,35.5,674.52,0,0
CUS003730,1,month_to_month,dsl,bank_transfer,True,6,62.12,,1,0
CUS003731,16,month_to_month,fiber,mailed_check,True,6,76.97,1198.29,1,1
CUS003732,20,month_to_month,fiber,electronic_check,False,1,51.68,1026.61,0,0
CUS003733,7,month_to_month,fiber,electronic_check,False,3,62.84,446.9,0,1
CUS003734,35,month_to_month,dsl,credit_card,False,4,47.24,1558.76,1,0
CUS003735,4,month_to_month,dsl,electronic_check,True,0,32.15,128.32,1,0
CUS003736,51,month_to_month,dsl,bank_transfer,True,5,63.92,3194.21,2,0
CUS003737,35,two_year,fiber,mailed_check,True,0,52.46,1845.22,3,0
CUS003738,2,month_to_month,dsl,electronic_check,True,6,68.58,141.08,0,1
CUS003739,66,month_to_month,fiber,credit_card,True,2,61.62,4204.35,2,0
CUS003740,37,month_to_month,dsl,electronic_check,True,1,34.44,1332.7,1,1
CUS003741,14,month_to_month,none,credit_card,False,2,36.04,472.11,0,0
CUS003742,50,month_to_month,fiber,bank_transfer,True,2,62.5,2919.52,2,0
CUS003743,66,two_year,fiber,mailed_check,True,2,56.25,3458.5,0,0
CUS003744,1,one_year,dsl,electronic_check,False,5,57.38,,2,0
CUS003745,61,month_to_month,dsl,electronic_check,True,6,67.28,4259.93,1,0
CUS003746,56,month_to_month,dsl,credit_card,True,4,48.41,2553.83,0,0
CUS003747,8,month_to_month,fiber,electronic_check,False,6,74.03,565.04,0,1
CUS003748,34,month_to_month,none,credit_card,False,3,29.96,950.78,2,0
CUS003749,59,one_year,fiber,credit_card,False,0,42.8,2618.2,0,0
CUS003750,27,month_to_month,none,bank_transfer,True,1,26.34,742.76,1,0
CUS003751,16,month_to_month,fiber,electronic_check,True,3,60.32,909.35,1,0
CUS003752,71,two_year,none,bank_transfer,False,4,46.94,3498.36,1,0
CUS003753,56,two_year,none,electronic_check,False,4,44.04,2459.75,0,0
CUS003754,30,one_year,fiber,mailed_check,True,2,59.79,1855.05,0,0
CUS003755,12,month_to_month,dsl,credit_card,True,1,37.27,443.51,0,0
CUS003756,63,two_year,fiber,bank_transfer,True,6,72.42,4790.51,2,0
CUS003757,48,one_year,dsl,electronic_check,True,6,68.87,3449.74,2,0
CUS003758,58,month_to_month,fiber,electronic_check,False,6,71.8,4323.12,0,0
CUS003759,15,one_year,none,bank_transfer,False,0,17.33,263.2,1,0
CUS003760,21,two_year,fiber,bank_transfer,False,5,69.75,1461.68,2,0
CUS003761,67,month_to_month,fiber,mailed_check,False,1,47.92,3250.71,0,0
CUS003762,39,month_to_month,none,bank_transfer,False,6,53.83,2189.67,0,0
CUS003763,18,month_to_month,fiber,credit_card,True,6,75.46,1366.29,1,0
CUS003764,19,month_to_month,dsl,bank_transfer,True,6,66.94,1270.63,3,0
CUS003765,4,two_year,fiber,bank_transfer,True,0,44.76,183.76,0,1
CUS003766,49,month_to_month,dsl,credit_card,True,0,34.08,1569.3,0,0
CUS003767,34,two_year,fiber,electronic_check,True,6,75.88,2516.48,0,0
CUS003768,41,one_year,dsl,electronic_check,False,1,36.75,1427.21,0,0
CUS003769,12,month_to_month,dsl,electronic_check,False,5,61.58,710.99,2,1
CUS003770,42,month_to_month,none,mailed_check,True,6,60.18,2516.5,1,0
CUS003771,44,month_to_month,dsl,electronic_check,True,2,47.21,2105.12,0,0
CUS003772,45,month_to_month,fiber,bank_transfer,True,1,45.14,2036.47,4,0
CUS003773,10,month_to_month,fiber,electronic_check,False,0,40.83,401.42,0,0
CUS003774,57,two_year,none,mailed_check,False,2,36.92,2144.97,0,0
CUS003775,4,month_to_month,fiber,electronic_check,True,0,44.91,186.41,1,1
CUS003776,72,month_to_month,dsl,bank_transfer,True,5,50.46,3456.9,1,0
CUS003777,67,month_to_month,fiber,electronic_check,True,6,74.97,5185.04,0,0
CUS003778,32,month_to_month,dsl,credit_card,True,2,45.98,1416.88,1,0
CUS003779,49,one_year,dsl,bank_transfer,True,3,47.51,2177.64,2,0
CUS003780,1,month_to_month,dsl,bank_transfer,True,0,36.88,,0,0
CUS003781,13,month_to_month,fiber,mailed_check,False,1,47.9,584.75,2,0
CUS003782,43,month_to_month,dsl,bank_transfer,False,4,60.22,2593.59,0,0
CUS003783,3,two_year,fiber,credit_card,True,2,51.3,160.9,0,0
CUS003784,51,one_year,dsl,electronic_check,True,0,35.43,1758.31,0,0
CUS003785,21,month_to_month,fiber,credit_card,True,4,67.74,1383.0,1,1
CUS003786,54,two_year,fiber,mailed_check,False,6,83.32,4713.59,1,0
CUS003787,12,month_to_month,dsl,credit_card,True,5,52.0,586.22,0,0
CUS003788,51,two_year,dsl,credit_card,False,4,54.96,2743.13,1,0
CUS003789,39,two_year,fiber,electronic_check,True,0,48.1,1839.48,0,0
CUS003790,1,month_to_month,none,electronic_check,True,4,47.2,,3,0
CUS003791,38,one_year,fiber,bank_transfer,True,0,35.8,1425.41,0,0
CUS003792,21,two_year,dsl,bank_transfer,True,5,59.35,1267.44,1,0
CUS003793,49,two_year,dsl,electronic_check,True,2,47.03,2406.37,2,0
CUS003794,38,two_year,fiber,electronic_check,True,5,74.03,2818.85,0,0
CUS003795,43,month_to_month,dsl,credit_card,False,5,60.29,2660.78,1,0
CUS003796,55,two_year,fiber,electronic_check,False,0,50.44,2831.28,1,0
CUS003797,10,two_year,fiber,electronic_check,False,5,72.08,725.2,0,0
CUS003798,28,month_to_month,dsl,electronic_check,True,4,54.11,1410.22,0,0
CUS003799,65,month_to_month,dsl,electronic_check,False,4,56.56,3717.91,1,1
CUS003800,51,month_to_month,dsl,mailed_check,True,5,65.08,3385.1,0,0
CUS003801,52,month_to_month,fiber,electronic_check,True,3,57.81,2895.61,0,0
CUS003802,63,month_to_month,fiber,electronic_check,True,2,52.82,3320.18,0,1
CUS003803,64,one_year,dsl,credit_card,True,6,66.29,4348.7,1,0
CUS003804,11,one_year,fiber,mailed_check,True,3,52.24,539.9,0,0
CUS003805,45,month_to_month,fiber,mailed_check,True,4,58.3,2572.07,0,1
CUS003806,53,month_to_month,none,bank_transfer,False,1,28.7,1456.6,0,0
CUS003807,40,month_to_month,fiber,credit_card,False,3,60.75,2339.85,1,0
CUS003808,9,month_to_month,fiber,electronic_check,False,2,55.96,491.69,1,1
CUS003809,34,month_to_month,none,bank_transfer,False,0,22.5,769.93,1,0
CUS003810,27,two_year,fiber,electronic_check,False,6,80.54,2168.58,0,1
CUS003811,29,month_to_month,none,bank_transfer,True,6,54.75,1538.95,0,0
CUS003812,26,month_to_month,none,electronic_check,False,0,19.49,531.45,1,1
CUS003813,10,two_year,fiber,bank_transfer,True,0,48.24,483.07,0,0
CUS003814,43,month_to_month,fiber,mailed_check,True,6,85.81,3686.71,1,0
CUS003815,33,one_year,fiber,electronic_check,False,1,55.17,1772.85,2,0
CUS003816,19,two_year,dsl,bank_transfer,True,2,35.98,636.14,2,0
CUS003817,28,month_to_month,none,bank_transfer,True,4,36.0,979.25,0,0
CUS003818,3,two_year,none,electronic_check,False,0,23.52,69.61,0,0
CUS003819,59,two_year,none,mailed_check,False,6,42.37,2598.43,0,0
CUS003820,27,two_year,fiber,bank_transfer,True,5,64.59,1814.96,2,0
CUS003821,66,month_to_month,none,electronic_check,True,0,17.45,1115.72,1,0
CUS003822,47,month_to_month,dsl,bank_transfer,True,3,50.11,2375.01,0,0
CUS003823,38,month_to_month,fiber,electronic_check,False,5,62.37,2286.37,2,1
CUS003824,1,month_to_month,fiber,credit_card,True,5,74.76,,0,0
CUS003825,34,month_to_month,dsl,mailed_check,True,5,59.2,1886.37,0,0
CUS003826,46,month_to_month,dsl,credit_card,True,2,48.89,2238.76,1,0
CUS003827,10,month_to_month,none,electronic_check,False,5,47.01,477.67,0,0
CUS003828,5,month_to_month,none,credit_card,False,1,31.95,148.64,0,0
CUS003829,59,month_to_month,dsl,bank_transfer,True,1,29.15,1652.66,0,0
CUS003830,2,month_to_month,fiber,electronic_check,False,2,53.62,102.94,1,1
CUS003831,10,one_year,fiber,electronic_check,False,2,57.1,543.69,1,0
CUS003832,41,month_to_month,fiber,electronic_check,True,2,46.99,1802.2,1,0
CUS003833,16,month_to_month,fiber,credit_card,True,0,50.23,803.82,1,0
CUS003834,60,month_to_month,fiber,bank_transfer,True,1,39.7,2344.35,1,0
CUS003835,54,month_to_month,none,electronic_check,True,0,13.38,680.43,1,0
CUS003836,8,two_year,none,electronic_check,True,5,48.42,389.7,1,0
CUS003837,68,month_to_month,fiber,mailed_check,True,5,72.52,5108.74,0,0
CUS003838,10,two_year,fiber,credit_card,True,5,73.37,725.68,1,0
CUS003839,17,one_year,fiber,credit_card,True,0,44.08,782.15,0,0
CUS003840,8,one_year,fiber,electronic_check,False,2,56.27,421.38,0,0
CUS003841,8,one_year,fiber,bank_transfer,False,1,50.35,375.94,0,0
CUS003842,16,two_year,dsl,electronic_check,True,0,33.06,502.27,2,0
CUS003843,66,month_to_month,dsl,electronic_check,False,3,43.51,2986.16,1,0
CUS003844,65,month_to_month,dsl,electronic_check,True,3,41.97,2700.04,2,0
CUS003845,68,month_to_month,dsl,mailed_check,False,5,60.61,4156.14,1,0
CUS003846,3,month_to_month,dsl,mailed_check,True,2,35.51,105.9,1,0
CUS003847,41,month_to_month,dsl,electronic_check,True,1,40.14,1712.47,2,0
CUS003848,28,one_year,fiber,electronic_check,False,0,45.47,1203.37,2,1
CUS003849,21,month_to_month,fiber,mailed_check,True,5,75.33,1476.58,1,1
CUS003850,20,month_to_month,none,bank_transfer,False,4,44.62,869.92,1,0
CUS003851,58,month_to_month,none,electronic_check,True,0,22.97,1262.31,0,0
CUS003852,40,month_to_month,dsl,credit_card,True,6,60.53,2435.5,0,0
CUS003853,18,one_year,fiber,electronic_check,False,6,77.49,1306.85,0,0
CUS003854,18,one_year,dsl,credit_card,True,4,52.75,975.26,3,0
CUS003855,40,month_to_month,dsl,electronic_check,True,1,38.7,1532.28,0,0
CUS003856,11,two_year,dsl,mailed_check,False,2,44.01,462.54,1,0
CUS003857,15,month_to_month,none,credit_card,True,2,30.33,457.27,1,0
CUS003858,9,two_year,fiber,bank_transfer,True,4,65.66,606.43,0,0
CUS003859,37,month_to_month,fiber,bank_transfer,False,3,59.43,2193.78,0,0
CUS003860,9,two_year,fiber,electronic_check,True,3,51.87,468.35,1,0
CUS003861,22,month_to_month,dsl,electronic_check,True,0,30.55,672.95,1,0
CUS003862,57,one_year,fiber,credit_card,True,6,71.48,3831.97,1,0
CUS003863,43,month_to_month,fiber,mailed_check,True,1,51.48,2151.02,1,0
CUS003864,66,one_year,dsl,mailed_check,True,6,64.61,4160.66,1,0
CUS003865,43,one_year,dsl,electronic_check,False,6,64.64,2816.32,0,0
CUS003866,21,month_to_month,fiber,bank_transfer,False,0,39.63,821.18,0,0
CUS003867,46,month_to_month,dsl,bank_transfer,True,1,39.19,1771.82,1,0
CUS003868,4,month_to_month,dsl,credit_card,True,6,69.72,274.65,0,1
CUS003869,23,two_year,dsl,electronic_check,True,5,57.1,1231.79,2,0
CUS003870,66,month_to_month,dsl,credit_card,False,4,57.37,3775.69,1,0
CUS003871,5,two_year,fiber,credit_card,False,2,52.79,275.61,1,0
CUS003872,24,one_year,fiber,electronic_check,True,2,53.59,1346.86,0,0
CUS003873,60,two_year,dsl,credit_card,True,5,52.71,3263.56,0,0
CUS003874,54,one_year,fiber,electronic_check,True,3,56.42,3067.93,1,0
CUS003875,35,month_to_month,fiber,credit_card,False,4,66.62,2317.71,0,0
CUS003876,25,one_year,dsl,credit_card,True,0,33.87,864.6,1,0
CUS003877,61,month_to_month,fiber,credit_card,True,6,74.99,4759.88,2,0
CUS003878,72,month_to_month,none,mailed_check,True,3,38.72,2743.84,1,0
CUS003879,37,month_to_month,dsl,mailed_check,True,2,38.56,1479.7,0,0
CUS003880,67,two_year,fiber,electronic_check,False,1,55.09,3616.23,1,0
CUS003881,64,two_year,fiber,electronic_check,False,6,82.39,5094.13,0,0
CUS003882,57,month_to_month,fiber,credit_card,False,4,63.81,3799.78,0,0
CUS003883,3,month_to_month,none,credit_card,False,1,26.22,75.6,0,0
CUS003884,25,month_to_month,fiber,bank_transfer,False,3,56.99,1393.26,0,0
CUS003885,46,month_to_month,dsl,bank_transfer,True,5,56.57,2450.78,1,0
CUS003886,10,month_to_month,none,electronic_check,False,3,35.68,343.11,1,0
CUS003887,39,month_to_month,dsl,credit_card,True,4,52.35,1929.59,1,0
CUS003888,21,month_to_month,none,bank_transfer,True,3,34.68,714.13,1,0
CUS003889,62,one_year,fiber,mailed_check,True,4,62.22,3889.07,1,0
CUS003890,51,two_year,dsl,credit_card,False,6,63.97,3235.56,0,0
CUS003891,63,month_to_month,dsl,bank_transfer,True,0,28.82,1826.59,1,0
CUS003892,66,one_year,dsl,bank_transfer,True,3,48.2,3335.4,1,0
CUS003893,41,month_to_month,dsl,electronic_check,True,5,57.54,2331.04,0,1
CUS003894,27,two_year,fiber,bank_transfer,False,0,47.49,1233.08,0,0
CUS003895,39,month_to_month,fiber,credit_card,False,2,50.17,1842.65,2,0
CUS003896,11,month_to_month,fiber,bank_transfer,True,5,73.58,808.3,2,0
CUS003897,15,month_to_month,none,electronic_check,True,6,53.4,817.78,1,0
CUS003898,34,month_to_month,dsl,bank_transfer,True,0,27.28,894.2,1,0
CUS003899,40,month_to_month,fiber,bank_transfer,True,3,61.61,2385.75,1,0
CUS003900,23,month_to_month,fiber,mailed_check,True,3,60.26,1439.59,2,1
CUS003901,56,month_to_month,fiber,electronic_check,True,4,68.22,4001.7,1,1
CUS003902,60,month_to_month,dsl,credit_card,False,4,50.66,3152.21,2,0
CUS003903,60,month_to_month,none,bank_transfer,True,1,20.15,1131.66,0,0
CUS003904,35,month_to_month,fiber,credit_card,True,3,65.55,2277.63,1,0
CUS003905,3,one_year,dsl,mailed_check,True,2,37.11,116.34,0,0
CUS003906,33,month_to_month,fiber,electronic_check,False,0,47.13,1605.82,2,1
CUS003907,26,month_to_month,dsl,mailed_check,True,4,55.26,1392.73,3,0
CUS003908,9,month_to_month,dsl,electronic_check,False,5,57.57,490.1,1,1
CUS003909,15,month_to_month,fiber,bank_transfer,True,5,73.88,1033.4,2,0
CUS003910,59,two_year,fiber,bank_transfer,True,5,72.62,4339.25,0,0
CUS003911,13,two_year,fiber,bank_transfer,False,6,81.26,1108.29,1,0
CUS003912,21,month_to_month,none,credit_card,True,6,49.83,1034.46,0,0
CUS003913,47,one_year,fiber,bank_transfer,False,0,43.29,2015.26,2,0
CUS003914,31,two_year,none,credit_card,True,6,50.31,1485.85,1,0
CUS003915,53,month_to_month,fiber,electronic_check,False,5,68.9,3741.21,0,0
CUS003916,13,one_year,dsl,mailed_check,False,1,44.05,559.97,0,0
CUS003917,56,one_year,dsl,credit_card,True,4,51.37,2678.8,0,0
CUS003918,30,month_to_month,fiber,bank_transfer,True,3,69.06,1945.77,0,0
CUS003919,56,one_year,fiber,electronic_check,False,2,59.18,3097.8,2,0
CUS003920,16,month_to_month,fiber,mailed_check,True,1,54.75,874.78,0,1
CUS003921,59,two_year,fiber,mailed_check,False,2,56.86,3499.96,3,0
CUS003922,27,month_to_month,fiber,credit_card,True,4,64.82,1733.16,0,0
CUS003923,9,month_to_month,dsl,mailed_check,False,4,52.09,477.36,0,1
CUS003924,61,two_year,dsl,bank_transfer,True,1,28.7,1790.04,0,0
CUS003925,32,one_year,dsl,electronic_check,False,4,51.88,1591.43,0,0
CUS003926,52,one_year,dsl,credit_card,True,6,65.81,3568.67,0,0
CUS003927,21,two_year,dsl,mailed_check,False,4,55.03,1102.63,3,0
CUS003928,25,month_to_month,none,credit_card,False,1,25.21,642.69,2,0
CUS003929,38,one_year,dsl,electronic_check,True,4,52.9,2090.07,1,0
CUS003930,36,month_to_month,none,mailed_check,True,2,24.06,881.95,0,0
CUS003931,14,month_to_month,fiber,mailed_check,True,1,46.65,639.87,1,0
CUS003932,46,two_year,dsl,bank_transfer,True,4,55.5,2544.37,1,0
CUS003933,15,month_to_month,fiber,electronic_check,True,5,70.25,988.53,1,1
CUS003934,50,one_year,fiber,bank_transfer,True,3,59.43,2922.44,0,0
CUS003935,37,month_to_month,dsl,mailed_check,False,2,42.79,1601.44,0,0
CUS003936,37,month_to_month,fiber,credit_card,False,5,71.49,2671.81,1,0
CUS003937,34,month_to_month,dsl,credit_card,True,3,40.17,1301.45,0,0
CUS003938,22,month_to_month,none,bank_transfer,False,4,37.54,854.51,0,0
CUS003939,33,one_year,fiber,mailed_check,False,5,66.33,2179.8,0,0
CUS003940,34,month_to_month,fiber,electronic_check,True,2,54.72,1792.66,1,0
CUS003941,12,one_year,fiber,bank_transfer,False,2,60.64,711.28,0,0
CUS003942,8,two_year,dsl,electronic_check,True,6,64.14,516.18,1,0
CUS003943,67,one_year,none,bank_transfer,False,3,26.76,1704.3,0,0
CUS003944,16,month_to_month,dsl,mailed_check,False,2,44.35,706.13,0,0
CUS003945,45,one_year,none,credit_card,False,0,20.35,954.28,0,0
CUS003946,59,month_to_month,fiber,electronic_check,False,3,61.87,3784.99,0,0
CUS003947,24,month_to_month,none,electronic_check,False,4,40.22,967.65,0,0
CUS003948,45,month_to_month,fiber,electronic_check,False,3,67.53,3052.22,0,0
CUS003949,60,month_to_month,none,electronic_check,False,4,43.22,2417.43,0,0
CUS003950,41,one_year,fiber,credit_card,True,6,83.73,3592.26,0,0
CUS003951,7,month_to_month,none,bank_transfer,True,3,37.3,259.4,0,0
CUS003952,9,month_to_month,dsl,credit_card,False,6,64.12,579.48,2,0
CUS003953,28,month_to_month,dsl,electronic_check,True,5,59.01,1593.37,0,0
CUS003954,12,month_to_month,none,mailed_check,False,1,27.78,312.0,0,0
CUS003955,48,month_to_month,dsl,mailed_check,True,6,65.23,2987.55,2,0
CUS003956,13,one_year,fiber,mailed_check,False,6,76.15,939.22,0,0
CUS003957,9,two_year,fiber,credit_card,True,5,71.18,600.43,0,0
CUS003958,2,month_to_month,fiber,mailed_check,True,6,76.55,143.21,1,0
CUS003959,66,one_year,dsl,mailed_check,False,6,61.87,3994.51,2,0
CUS003960,16,one_year,fiber,credit_card,False,2,59.78,910.09,2,0
CUS003961,55,month_to_month,fiber,electronic_check,False,5,81.4,4502.92,1,0
CUS003962,19,month_to_month,fiber,electronic_check,True,1,51.99,1012.3,1,1
CUS003963,48,month_to_month,fiber,credit_card,False,4,72.3,3267.5,0,0
CUS003964,21,month_to_month,fiber,bank_transfer,True,5,68.46,1340.55,1,1
CUS003965,36,two_year,dsl,credit_card,True,0,34.03,1180.82,2,0
CUS003966,27,month_to_month,dsl,bank_transfer,False,5,53.84,1371.89,0,0
CUS003967,32,two_year,none,electronic_check,True,0,17.3,550.54,1,0
CUS003968,23,two_year,dsl,bank_transfer,True,6,64.86,1466.37,2,0
CUS003969,33,one_year,none,credit_card,True,5,45.63,1475.24,1,0
CUS003970,25,month_to_month,dsl,bank_transfer,True,4,54.34,1270.51,0,1
CUS003971,64,two_year,fiber,mailed_check,False,1,60.63,3746.72,1,0
CUS003972,67,month_to_month,none,credit_card,False,0,21.57,1386.71,2,0
CUS003973,69,month_to_month,fiber,mailed_check,False,6,74.28,5030.74,2,0
CUS003974,64,one_year,none,credit_card,True,1,16.62,999.53,0,0
CUS003975,63,month_to_month,dsl,electronic_check,True,1,41.03,2432.05,1,0
CUS003976,7,month_to_month,fiber,electronic_check,True,4,66.22,463.05,1,1
CUS003977,4,one_year,dsl,bank_transfer,True,2,48.0,193.57,1,0
CUS003978,63,one_year,fiber,credit_card,True,1,52.2,3063.13,2,0
CUS003979,28,month_to_month,fiber,bank_transfer,True,6,79.02,2306.92,3,0
CUS003980,36,one_year,fiber,mailed_check,True,5,70.65,2374.34,0,0
CUS003981,39,month_to_month,none,electronic_check,True,5,41.48,1529.33,0,0
CUS003982,34,month_to_month,fiber,electronic_check,True,1,49.59,1693.76,0,1
CUS003983,71,two_year,none,credit_card,False,3,38.35,2648.19,0,0
CUS003984,56,month_to_month,dsl,electronic_check,False,3,43.73,2380.05,1,0
CUS003985,30,month_to_month,fiber,mailed_check,True,6,76.88,2354.0,0,0
CUS003986,54,month_to_month,fiber,bank_transfer,True,2,54.92,2822.53,3,0
CUS003987,57,month_to_month,fiber,bank_transfer,False,2,55.3,3042.11,3,0
CUS003988,43,one_year,dsl,electronic_check,False,0,34.67,1411.59,0,1
CUS003989,31,one_year,dsl,electronic_check,False,4,49.78,1614.64,2,0
CUS003990,57,month_to_month,dsl,bank_transfer,False,2,39.09,2245.01,2,1
CUS003991,12,month_to_month,fiber,electronic_check,False,5,79.14,947.23,1,1
CUS003992,34,month_to_month,fiber,electronic_check,True,6,81.54,2775.12,1,0
CUS003993,61,month_to_month,dsl,electronic_check,True,0,33.79,1922.37,1,0
CUS003994,22,month_to_month,dsl,electronic_check,False,4,52.5,1158.28,1,0
CUS003995,39,two_year,fiber,credit_card,False,4,75.83,2936.56,0,0
CUS003996,46,month_to_month,fiber,electronic_check,True,4,66.08,3057.56,1,1
CUS003997,36,one_year,dsl,bank_transfer,False,1,33.33,1200.01,2,0
CUS003998,14,one_year,fiber,credit_card,False,1,52.27,732.85,1,1
CUS003999,19,month_to_month,dsl,mailed_check,False,3,44.28,805.94,0,0
CUS004000,46,two_year,none,credit_card,False,0,22.44,1061.63,0,0
CUS004001,67,one_year,fiber,electronic_check,False,4,65.84,4576.57,1,0
CUS004002,59,month_to_month,none,mailed_check,True,0,19.78,1122.95,1,0
CUS004003,66,two_year,fiber,electronic_check,True,1,52.29,3388.45,0,0
CUS004004,65,one_year,dsl,bank_transfer,True,5,60.43,4031.95,1,0
CUS004005,54,two_year,dsl,electronic_check,False,0,33.42,1678.95,0,0
CUS004006,39,month_to_month,dsl,bank_transfer,False,2,37.88,1404.67,2,0
CUS004007,66,one_year,dsl,bank_transfer,False,4,51.05,3436.2,0,0
CUS004008,8,two_year,none,credit_card,False,0,22.48,170.3,1,0
CUS004009,50,month_to_month,fiber,electronic_check,True,2,53.2,2787.79,2,0
CUS004010,58,month_to_month,dsl,electronic_check,False,4,46.39,2776.29,0,0
CUS004011,38,month_to_month,dsl,credit_card,False,1,36.13,1436.57,0,0
CUS004012,37,month_to_month,fiber,credit_card,True,1,44.66,1561.4,0,0
CUS004013,57,month_to_month,dsl,electronic_check,False,5,57.26,3059.36,1,0
CUS004014,30,month_to_month,fiber,electronic_check,False,6,77.56,2273.16,1,0
CUS004015,19,two_year,dsl,bank_transfer,False,6,63.95,1247.15,2,0
CUS004016,5,month_to_month,fiber,credit_card,False,6,78.26,375.08,1,0
CUS004017,22,two_year,dsl,credit_card,True,2,44.91,981.35,1,0
CUS004018,45,month_to_month,fiber,bank_transfer,False,3,63.57,2682.56,1,0
CUS004019,67,two_year,dsl,credit_card,True,4,57.81,4058.33,0,0
CUS004020,26,one_year,fiber,electronic_check,True,1,51.42,1288.06,1,0
CUS004021,29,month_to_month,fiber,bank_transfer,False,5,81.35,2301.61,1,0
CUS004022,43,month_to_month,none,electronic_check,True,4,31.46,1420.39,3,0
CUS004023,53,month_to_month,fiber,electronic_check,True,5,67.88,3570.44,0,1
CUS004024,21,one_year,dsl,credit_card,False,4,57.44,1158.4,0,0
CUS004025,18,two_year,dsl,credit_card,False,2,45.7,820.8,1,0
CUS004026,66,month_to_month,fiber,electronic_check,False,0,46.0,2844.28,0,0
CUS004027,72,month_to_month,fiber,mailed_check,False,6,75.61,5625.56,1,0
CUS004028,21,one_year,none,electronic_check,True,1,28.87,605.54,0,1
CUS004029,7,one_year,dsl,credit_card,True,1,34.58,229.19,0,0
CUS004030,18,two_year,dsl,mailed_check,False,2,51.76,891.47,1,0
CUS004031,53,month_to_month,dsl,electronic_check,True,0,32.87,1713.04,0,0
CUS004032,69,two_year,none,credit_card,False,5,51.61,3469.1,0,0
CUS004033,38,two_year,fiber,credit_card,False,0,39.55,1413.86,0,0
CUS004034,62,one_year,dsl,mailed_check,False,6,60.89,3607.33,0,0
CUS004035,46,month_to_month,fiber,mailed_check,True,1,55.01,2584.32,0,0
CUS004036,70,month_to_month,fiber,bank_transfer,True,2,57.65,4073.73,0,0
CUS004037,50,two_year,none,credit_card,True,2,33.5,1633.83,1,0
CUS004038,10,month_to_month,fiber,credit_card,False,2,55.35,532.55,1,1
CUS004039,26,two_year,fiber,electronic_check,True,4,60.94,1651.59,0,0
CUS004040,56,month_to_month,none,electronic_check,True,2,35.01,1869.25,2,0
CUS004041,12,two_year,none,mailed_check,True,0,16.7,193.6,1,0
CUS004042,9,month_to_month,fiber,credit_card,False,6,80.81,728.32,1,0
CUS004043,65,one_year,none,credit_card,False,3,36.14,2438.8,0,0
CUS004044,55,month_to_month,fiber,credit_card,False,5,73.59,4150.94,2,0
CUS004045,69,one_year,dsl,bank_transfer,False,1,35.07,2505.67,2,0
CUS004046,2,two_year,dsl,electronic_check,True,2,43.4,90.5,2,0
CUS004047,24,two_year,fiber,credit_card,True,0,48.23,1134.83,2,0
CUS004048,9,month_to_month,fiber,electronic_check,False,4,62.94,582.93,1,0
CUS004049,17,month_to_month,fiber,mailed_check,True,6,76.51,1266.45,0,0
CUS004050,39,month_to_month,none,bank_transfer,False,4,39.16,1531.44,3,0
CUS004051,45,month_to_month,dsl,mailed_check,False,1,39.34,1699.99,0,1
CUS004052,68,month_to_month,fiber,mailed_check,True,5,69.57,4863.33,1,0
CUS004053,16,month_to_month,none,mailed_check,True,0,12.79,212.64,2,1
CUS004054,12,one_year,fiber,bank_transfer,True,5,69.24,844.99,0,0
CUS004055,8,month_to_month,fiber,mailed_check,True,5,73.6,601.77,1,1
CUS004056,25,month_to_month,fiber,bank_transfer,True,4,69.43,1672.47,1,0
CUS004057,8,two_year,dsl,electronic_check,True,3,45.02,346.53,0,0
CUS004058,69,month_to_month,none,bank_transfer,False,2,26.33,1862.34,0,0
CUS004059,70,month_to_month,fiber,bank_transfer,True,4,68.5,4617.74,0,0
CUS004060,66,one_year,fiber,mailed_check,False,3,60.31,4158.84,1,0
CUS004061,25,month_to_month,none,electronic_check,True,1,27.41,693.68,0,1
CUS004062,27,month_to_month,fiber,credit_card,True,4,63.93,1641.31,1,1
CUS004063,29,month_to_month,fiber,electronic_check,True,6,74.17,2239.7,0,0
CUS004064,49,one_year,fiber,electronic_check,True,0,48.91,2512.72,1,0
CUS004065,19,month_to_month,none,electronic_check,True,5,46.67,833.02,1,0
CUS004066,13,month_to_month,fiber,bank_transfer,True,5,76.62,1009.27,0,0
CUS004067,70,month_to_month,fiber,mailed_check,True,0,45.85,3248.96,0,0
CUS004068,50,month_to_month,dsl,electronic_check,False,3,37.63,1787.72,2,0
CUS004069,67,month_to_month,none,credit_card,False,5,41.46,2812.27,0,0
CUS004070,16,month_to_month,dsl,bank_transfer,True,3,55.51,904.09,1,0
CUS004071,8,one_year,fiber,electronic_check,True,5,71.88,579.71,1,0
CUS004072,53,one_year,fiber,credit_card,True,6,77.73,3888.07,0,0
CUS004073,38,month_to_month,fiber,mailed_check,False,5,73.81,2690.94,1,1
CUS004074,58,two_year,none,electronic_check,False,5,40.85,2298.74,0,0
CUS004075,5,one_year,dsl,bank_transfer,True,5,52.53,274.78,1,0
CUS004076,47,month_to_month,none,credit_card,True,2,32.44,1468.32,0,1
CUS004077,20,month_to_month,fiber,credit_card,False,3,57.92,1191.67,0,0
CUS004078,31,one_year,none,electronic_check,True,6,47.3,1380.9,0,0
CUS004079,72,month_to_month,fiber,credit_card,False,5,69.24,5092.87,1,0
CUS004080,21,month_to_month,dsl,electronic_check,False,4,51.46,1006.17,1,0
CUS004081,10,month_to_month,fiber,mailed_check,True,0,42.17,439.45,0,0
CUS004082,48,one_year,fiber,electronic_check,True,4,67.78,3090.04,1,0
CUS004083,28,two_year,none,mailed_check,False,2,36.47,1045.03,2,0
CUS004084,37,month_to_month,fiber,bank_transfer,False,5,73.7,2648.14,2,0
CUS004085,8,one_year,fiber,electronic_check,True,6,81.93,683.21,0,0
CUS004086,55,month_to_month,dsl,credit_card,True,4,44.93,2486.23,2,0
CUS004087,13,month_to_month,fiber,bank_transfer,False,0,47.85,615.32,0,0
CUS004088,71,month_to_month,fiber,bank_transfer,True,4,61.24,4092.06,0,0
CUS004089,25,two_year,fiber,electronic_check,True,2,54.06,1320.09,1,0
CUS004090,35,month_to_month,fiber,electronic_check,True,5,74.46,2566.17,1,0
CUS004091,63,month_to_month,dsl,credit_card,True,5,57.32,3661.98,0,0
CUS004092,30,month_to_month,fiber,bank_transfer,True,3,61.02,1795.26,1,0
CUS004093,22,one_year,dsl,credit_card,False,4,54.24,1194.33,0,0
CUS004094,6,one_year,dsl,electronic_check,True,5,60.88,347.31,0,0
CUS004095,44,one_year,dsl,electronic_check,True,5,56.43,2423.49,0,0
CUS004096,21,one_year,dsl,mailed_check,False,0,23.37,461.49,2,0
CUS004097,5,month_to_month,fiber,electronic_check,True,3,56.31,292.73,0,1
CUS004098,65,one_year,fiber,electronic_check,False,0,47.28,3080.08,1,0
CUS004099,3,month_to_month,dsl,mailed_check,True,4,42.24,132.08,1,0
CUS004100,3,one_year,none,bank_transfer,True,6,52.25,161.72,1,0
CUS004101,11,month_to_month,dsl,mailed_check,True,5,59.41,686.05,0,1
CUS004102,30,two_year,dsl,credit_card,True,0,31.36,927.4,0,0
CUS004103,29,one_year,none,bank_transfer,False,4,40.28,1152.42,0,0
CUS004104,14,month_to_month,dsl,electronic_check,True,0,32.7,432.77,2,1
CUS004105,61,month_to_month,fiber,mailed_check,False,1,48.75,2905.05,1,0
CUS004106,29,two_year,none,credit_card,False,2,24.44,723.56,1,0
CUS004107,26,month_to_month,none,bank_transfer,False,0,14.79,403.23,0,0
CUS004108,23,two_year,dsl,bank_transfer,False,5,57.18,1318.16,0,0
CUS004109,4,month_to_month,dsl,credit_card,False,1,40.69,169.15,1,1
CUS004110,62,month_to_month,fiber,bank_transfer,True,0,41.22,2654.63,3,0
CUS004111,55,two_year,none,electronic_check,True,5,45.41,2485.54,3,0
CUS004112,50,two_year,fiber,credit_card,True,5,75.26,3568.22,0,0
CUS004113,69,month_to_month,fiber,mailed_check,False,0,49.19,3243.45,0,0
CUS004114,68,month_to_month,dsl,bank_transfer,False,2,46.2,2930.23,1,0
CUS004115,19,month_to_month,dsl,bank_transfer,False,3,50.6,979.42,1,1
CUS004116,28,one_year,dsl,credit_card,False,2,42.95,1254.79,0,0
CUS004117,33,two_year,dsl,credit_card,True,6,64.1,2122.79,0,0
CUS004118,27,two_year,fiber,electronic_check,True,5,66.54,1756.78,0,1
CUS004119,43,month_to_month,dsl,mailed_check,True,1,32.8,1413.16,2,0
CUS004120,62,one_year,dsl,bank_transfer,False,1,38.79,2443.37,1,0
CUS004121,68,month_to_month,none,electronic_check,True,3,44.94,2845.36,0,0
CUS004122,59,month_to_month,fiber,bank_transfer,True,3,66.18,3733.41,0,0
CUS004123,14,one_year,fiber,credit_card,False,1,55.13,781.67,0,0
CUS004124,35,month_to_month,dsl,electronic_check,True,0,31.87,1124.29,0,0
CUS004125,68,one_year,dsl,credit_card,False,6,62.78,4388.75,0,0
CUS004126,67,two_year,dsl,credit_card,False,6,63.13,4134.92,1,0
CUS004127,52,month_to_month,fiber,electronic_check,True,6,72.72,3532.22,0,0
CUS004128,70,month_to_month,dsl,bank_transfer,True,1,39.86,2765.09,0,0
CUS004129,5,month_to_month,none,bank_transfer,True,2,28.69,147.68,0,0
CUS004130,4,month_to_month,fiber,mailed_check,False,2,66.49,262.53,0,1
CUS004131,65,month_to_month,fiber,bank_transfer,True,5,65.06,4240.58,0,0
CUS004132,10,one_year,fiber,credit_card,False,2,63.24,604.39,0,1
CUS004133,42,month_to_month,dsl,credit_card,False,0,32.38,1301.85,0,0
CUS004134,41,month_to_month,fiber,electronic_check,True,4,67.94,2810.37,0,0
CUS004135,39,month_to_month,fiber,electronic_check,False,3,57.86,2352.38,0,0
CUS004136,70,month_to_month,dsl,electronic_check,True,2,44.3,3184.27,0,0
CUS004137,60,month_to_month,fiber,bank_transfer,False,0,41.16,2448.71,1,1
CUS004138,43,month_to_month,dsl,mailed_check,False,3,46.84,2040.47,0,0
CUS004139,48,month_to_month,fiber,credit_card,False,0,41.99,2098.6,0,0
CUS004140,34,one_year,fiber,credit_card,True,5,67.06,2285.07,3,0
CUS004141,30,month_to_month,none,mailed_check,False,1,25.48,752.97,0,0
CUS004142,15,month_to_month,dsl,mailed_check,False,6,56.41,854.54,0,0
CUS004143,70,month_to_month,none,bank_transfer,False,2,31.2,2265.1,2,0
CUS004144,60,month_to_month,dsl,electronic_check,True,3,44.16,2675.34,1,0
CUS004145,22,month_to_month,fiber,electronic_check,True,0,54.94,1244.86,0,1
CUS004146,72,one_year,none,bank_transfer,False,2,24.05,1631.81,0,0
CUS004147,44,one_year,dsl,credit_card,False,5,62.13,2764.82,1,0
CUS004148,24,month_to_month,fiber,bank_transfer,False,4,71.23,1659.9,0,1
CUS004149,40,one_year,fiber,credit_card,True,2,57.97,2302.71,0,0
CUS004150,45,one_year,dsl,mailed_check,True,0,33.21,1491.03,1,0
CUS004151,11,two_year,none,electronic_check,True,1,25.6,295.65,1,0
CUS004152,3,month_to_month,dsl,electronic_check,True,4,37.47,110.09,2,0
CUS004153,10,one_year,dsl,electronic_check,True,1,37.25,357.83,0,0
CUS004154,43,two_year,fiber,electronic_check,False,0,53.53,2271.99,0,1
CUS004155,71,one_year,fiber,electronic_check,False,6,77.92,5175.86,0,0
CUS004156,33,one_year,fiber,electronic_check,False,4,68.45,2112.49,0,0
CUS004157,33,one_year,fiber,credit_card,True,4,63.21,1999.59,1,0
CUS004158,38,month_to_month,fiber,credit_card,True,0,56.63,2102.39,0,1
CUS004159,42,one_year,dsl,mailed_check,False,0,30.28,1308.01,0,0
CUS004160,33,two_year,fiber,bank_transfer,False,5,73.18,2490.68,0,0
CUS004161,36,two_year,none,electronic_check,True,0,24.66,886.25,0,0
CUS004162,62,month_to_month,dsl,credit_card,False,3,42.34,2638.25,2,0
CUS004163,4,month_to_month,fiber,credit_card,False,2,57.89,231.73,0,1
CUS004164,60,two_year,fiber,electronic_check,False,4,65.95,4061.78,0,0
CUS004165,33,one_year,fiber,bank_transfer,True,0,39.31,1333.53,0,0
CUS004166,4,month_to_month,dsl,credit_card,True,0,36.28,142.44,0,0
CUS004167,65,month_to_month,dsl,credit_card,False,3,47.24,3162.14,0,0
CUS004168,3,one_year,fiber,bank_transfer,False,5,68.64,201.11,0,0
CUS004169,16,month_to_month,fiber,electronic_check,True,4,65.1,1009.72,1,0
CUS004170,2,month_to_month,fiber,electronic_check,False,6,79.89,166.67,0,1
CUS004171,29,month_to_month,dsl,credit_card,False,1,32.48,930.26,0,0
CUS004172,71,one_year,dsl,mailed_check,True,1,40.8,2847.2,0,0
CUS004173,54,one_year,fiber,bank_transfer,False,4,71.76,3783.09,1,0
CUS004174,28,one_year,none,credit_card,True,0,15.75,433.98,2,0
CUS004175,33,one_year,fiber,credit_card,True,2,53.41,1755.34,0,0
CUS004176,61,one_year,dsl,bank_transfer,True,2,40.57,2546.21,2,0
CUS004177,64,one_year,fiber,electronic_check,True,3,58.12,3459.56,0,0
CUS004178,37,one_year,fiber,bank_transfer,False,1,47.52,1777.18,0,0
CUS004179,7,month_to_month,none,electronic_check,True,4,43.28,287.05,3,0
CUS004180,10,one_year,fiber,electronic_check,True,2,54.23,504.56,0,1
CUS004181,17,one_year,dsl,electronic_check,False,3,47.05,751.13,1,0
CUS004182,11,month_to_month,dsl,mailed_check,False,3,47.82,535.89,0,1
CUS004183,52,month_to_month,none,electronic_check,True,2,26.78,1369.08,0,0
CUS004184,39,month_to_month,dsl,bank_transfer,True,0,27.34,1113.76,2,0
CUS004185,63,month_to_month,fiber,electronic_check,False,5,66.69,4354.14,2,0
CUS004186,29,month_to_month,dsl,mailed_check,False,4,56.68,1535.33,3,1
CUS004187,60,month_to_month,dsl,credit_card,False,3,52.97,3110.24,0,0
CUS004188,49,month_to_month,fiber,bank_transfer,True,5,67.96,3297.2,1,0
CUS004189,39,two_year,fiber,electronic_check,False,1,45.12,1843.23,0,0
CUS004190,21,month_to_month,fiber,bank_transfer,True,6,73.68,1571.86,1,1
CUS004191,43,month_to_month,dsl,credit_card,True,0,34.0,1484.33,1,0
CUS004192,40,month_to_month,fiber,electronic_check,True,1,40.14,1645.09,1,1
CUS004193,65,month_to_month,fiber,electronic_check,False,6,79.08,5224.12,1,0
CUS004194,24,one_year,none,electronic_check,True,3,40.56,988.56,2,0
CUS004195,51,two_year,dsl,bank_transfer,True,2,41.66,2165.85,0,0
CUS004196,59,month_to_month,dsl,mailed_check,True,2,44.02,2664.27,3,0
CUS004197,57,month_to_month,none,mailed_check,False,4,45.04,2528.92,2,0
CUS004198,7,two_year,none,mailed_check,False,4,40.86,284.2,0,0
CUS004199,32,month_to_month,fiber,electronic_check,True,2,55.12,1705.44,0,1
CUS004200,44,one_year,fiber,credit_card,True,6,76.19,3511.14,0,0
CUS004201,22,two_year,fiber,electronic_check,True,1,53.78,1125.91,2,1
CUS004202,28,month_to_month,none,mailed_check,False,2,30.15,837.3,1,0
CUS004203,6,month_to_month,dsl,bank_transfer,True,1,36.97,213.44,2,0
CUS004204,46,month_to_month,none,electronic_check,False,6,57.71,2472.77,1,1
CUS004205,10,two_year,fiber,electronic_check,True,1,54.13,519.25,0,0
CUS004206,35,month_to_month,dsl,electronic_check,False,5,62.76,2206.26,1,0
CUS004207,34,month_to_month,fiber,bank_transfer,False,4,62.59,2196.49,0,0
CUS004208,5,month_to_month,fiber,credit_card,False,3,63.46,311.91,1,1
CUS004209,7,one_year,dsl,electronic_check,False,6,59.77,412.38,3,1
CUS004210,27,two_year,fiber,credit_card,True,0,50.75,1424.44,1,0
CUS004211,24,two_year,fiber,bank_transfer,True,6,76.07,1881.75,2,0
CUS004212,35,one_year,dsl,mailed_check,False,2,43.38,1480.24,0,0
CUS004213,66,two_year,dsl,bank_transfer,True,3,46.89,3120.63,0,0
CUS004214,44,month_to_month,dsl,bank_transfer,True,0,38.11,1662.65,1,0
CUS004215,70,month_to_month,none,electronic_check,True,3,41.37,3013.83,0,0
CUS004216,33,two_year,dsl,electronic_check,False,6,61.45,2055.62,1,0
CUS004217,12,one_year,fiber,electronic_check,True,4,66.94,805.22,1,0
CUS004218,61,one_year,fiber,electronic_check,True,3,69.43,4278.43,0,0
CUS004219,62,one_year,dsl,credit_card,True,0,30.27,1959.23,0,0
CUS004220,39,two_year,fiber,credit_card,True,1,49.63,1963.23,0,0
CUS004221,65,one_year,fiber,credit_card,True,4,56.98,3480.85,0,0
CUS004222,18,month_to_month,fiber,bank_transfer,True,0,53.52,992.48,0,0
CUS004223,30,month_to_month,fiber,mailed_check,False,4,59.26,1840.5,0,1
CUS004224,11,month_to_month,none,mailed_check,False,6,44.33,474.1,1,0
CUS004225,26,two_year,dsl,bank_transfer,True,0,22.33,599.91,0,0
CUS004226,48,month_to_month,fiber,bank_transfer,False,4,63.46,3001.06,0,0
CUS004227,63,two_year,fiber,bank_transfer,False,6,75.73,4774.93,0,0
CUS004228,12,one_year,dsl,credit_card,False,6,63.18,758.11,0,1
CUS004229,41,one_year,fiber,bank_transfer,True,6,84.1,3330.39,1,0
CUS004230,51,month_to_month,fiber,electronic_check,True,1,56.04,2916.38,1,1
CUS004231,12,two_year,fiber,credit_card,True,6,72.49,895.03,0,0
CUS004232,52,month_to_month,dsl,credit_card,False,2,41.57,2199.74,2,0
CUS004233,61,two_year,fiber,credit_card,True,0,52.59,3223.17,0,0
CUS004234,35,one_year,dsl,electronic_check,True,6,63.52,2322.52,0,0
CUS004235,40,month_to_month,fiber,electronic_check,True,3,60.89,2515.5,0,1
CUS004236,66,month_to_month,fiber,electronic_check,False,0,46.94,3192.78,3,0
CUS004237,39,two_year,fiber,credit_card,True,4,73.54,2838.23,2,0
CUS004238,71,month_to_month,fiber,mailed_check,True,5,71.59,4750.93,1,1
CUS004239,9,month_to_month,fiber,credit_card,False,1,47.17,398.89,1,1
CUS004240,15,one_year,dsl,bank_transfer,True,3,43.47,623.37,0,0
CUS004241,69,month_to_month,fiber,electronic_check,False,1,46.55,3025.35,0,0
CUS004242,18,two_year,fiber,mailed_check,True,4,69.87,1217.97,1,0
CUS004243,11,month_to_month,fiber,credit_card,True,0,45.52,514.78,0,0
CUS004244,21,month_to_month,fiber,electronic_check,True,1,46.05,901.89,0,0
CUS004245,5,month_to_month,fiber,electronic_check,True,1,48.87,233.28,0,1
CUS004246,70,one_year,dsl,bank_transfer,False,0,27.16,1917.64,0,0
CUS004247,13,month_to_month,none,mailed_check,True,4,31.76,422.69,0,0
CUS004248,38,two_year,fiber,credit_card,False,6,71.13,2549.68,0,0
CUS004249,20,month_to_month,dsl,electronic_check,False,6,57.65,1149.65,1,1
CUS004250,54,two_year,dsl,bank_transfer,False,3,51.14,2851.15,1,0
CUS004251,26,one_year,dsl,bank_transfer,True,6,60.77,1501.25,2,0
CUS004252,1,month_to_month,none,electronic_check,True,5,42.17,,1,1
CUS004253,5,month_to_month,fiber,electronic_check,False,4,67.13,334.38,0,0
CUS004254,50,month_to_month,fiber,credit_card,True,4,63.22,3124.43,1,0
CUS004255,46,two_year,fiber,mailed_check,False,1,48.39,2215.14,0,0
CUS004256,37,two_year,fiber,credit_card,True,3,62.6,2323.64,0,0
CUS004257,12,one_year,fiber,credit_card,False,6,79.81,992.67,0,0
CUS004258,59,month_to_month,none,electronic_check,True,2,32.11,1805.03,0,0
CUS004259,44,two_year,dsl,bank_transfer,True,0,34.29,1558.05,0,0
CUS004260,9,one_year,dsl,electronic_check,True,1,35.87,310.88,1,0
CUS004261,40,month_to_month,dsl,electronic_check,False,5,58.87,2298.81,1,0
CUS004262,59,one_year,fiber,bank_transfer,True,6,74.5,4393.58,0,0
CUS004263,27,month_to_month,dsl,bank_transfer,True,6,66.24,1673.41,1,0
CUS004264,48,month_to_month,dsl,electronic_check,False,4,60.06,2767.94,0,0
CUS004265,13,two_year,fiber,electronic_check,False,0,49.42,624.31,0,1
CUS004266,56,two_year,fiber,bank_transfer,True,5,78.24,4490.43,1,0
CUS004267,39,month_to_month,dsl,mailed_check,True,4,48.54,1806.83,1,0
CUS004268,33,month_to_month,fiber,electronic_check,True,4,65.59,2271.28,0,1
CUS004269,12,month_to_month,none,electronic_check,False,6,57.64,706.53,0,0
CUS004270,27,month_to_month,dsl,electronic_check,True,2,42.57,1146.18,0,1
CUS004271,36,month_to_month,fiber,mailed_check,False,3,62.4,2098.46,2,0
CUS004272,3,month_to_month,dsl,electronic_check,True,5,48.04,142.86,1,1
CUS004273,69,month_to_month,none,electronic_check,False,2,27.39,1775.75,1,0
CUS004274,8,two_year,none,credit_card,True,5,43.71,359.13,1,0
CUS004275,12,two_year,none,credit_card,True,4,41.45,510.01,0,0
CUS004276,7,one_year,dsl,mailed_check,True,3,48.66,340.2,1,0
CUS004277,66,two_year,dsl,electronic_check,False,5,64.7,4282.8,1,0
CUS004278,54,one_year,fiber,bank_transfer,True,1,56.01,2816.95,0,0
CUS004279,50,month_to_month,none,electronic_check,False,0,19.44,1002.0,1,0
CUS004280,37,month_to_month,fiber,bank_transfer,False,2,63.58,2390.78,1,0
CUS004281,49,month_to_month,none,electronic_check,False,6,46.87,2398.18,1,1
CUS004282,9,month_to_month,fiber,bank_transfer,False,0,42.35,386.98,0,1
CUS004283,29,one_year,none,electronic_check,False,6,51.89,1443.11,1,0
CUS004284,35,one_year,fiber,bank_transfer,True,6,76.38,2792.46,0,0
CUS004285,16,month_to_month,none,mailed_check,True,0,24.11,399.81,0,1
CUS004286,36,month_to_month,dsl,electronic_check,True,1,40.25,1377.79,1,1
CUS004287,6,two_year,dsl,bank_transfer,True,4,53.01,304.8,0,0
CUS004288,44,one_year,dsl,electronic_check,True,6,67.5,2916.11,0,0
CUS004289,59,month_to_month,none,bank_transfer,False,1,30.29,1798.95,0,0
CUS004290,55,month_to_month,fiber,electronic_check,True,5,73.15,4016.39,0,0
CUS004291,35,two_year,none,mailed_check,True,2,37.01,1355.61,0,0
CUS004292,55,month_to_month,none,electronic_check,True,4,39.8,2282.33,0,0
CUS004293,5,month_to_month,dsl,mailed_check,True,4,46.7,234.25,2,0
CUS004294,66,month_to_month,none,mailed_check,False,2,27.46,1705.17,1,0
CUS004295,66,two_year,fiber,electronic_check,False,3,59.7,3819.63,2,0
CUS004296,25,month_to_month,none,electronic_check,True,3,34.67,862.84,0,0
CUS004297,17,one_year,dsl,bank_transfer,False,5,59.44,979.88,3,0
CUS004298,53,one_year,dsl,mailed_check,True,4,49.1,2627.45,1,0
CUS004299,66,month_to_month,dsl,credit_card,True,6,65.6,4240.65,0,0
CUS004300,40,one_year,fiber,bank_transfer,False,6,75.72,2989.42,0,0
CUS004301,1,month_to_month,dsl,electronic_check,False,0,28.28,,3,1
CUS004302,23,two_year,none,credit_card,False,1,25.2,563.37,0,0
CUS004303,69,month_to_month,fiber,electronic_check,True,2,57.7,4140.86,0,0
CUS004304,32,one_year,dsl,electronic_check,True,2,41.22,1246.06,0,0
CUS004305,18,two_year,dsl,credit_card,True,0,33.48,599.07,0,0
CUS004306,67,two_year,none,bank_transfer,True,5,45.43,2924.98,1,0
CUS004307,18,two_year,fiber,mailed_check,True,3,57.63,979.64,0,0
CUS004308,60,month_to_month,fiber,bank_transfer,False,1,46.86,2618.29,0,0
CUS004309,46,two_year,dsl,credit_card,False,2,41.71,1876.34,0,0
CUS004310,45,one_year,fiber,bank_transfer,False,5,66.23,2996.16,0,0
CUS004311,21,two_year,dsl,bank_transfer,True,3,39.68,866.76,0,0
CUS004312,6,month_to_month,none,bank_transfer,False,3,39.43,238.61,0,0
CUS004313,7,two_year,fiber,mailed_check,False,0,46.31,339.32,0,1
CUS004314,41,month_to_month,none,electronic_check,True,6,50.72,2044.33,1,0
CUS004315,33,month_to_month,fiber,bank_transfer,True,2,60.68,1889.36,4,1
CUS004316,7,month_to_month,dsl,mailed_check,False,3,49.86,350.81,0,0
CUS004317,4,two_year,dsl,electronic_check,False,2,41.49,167.57,0,0
CUS004318,25,two_year,fiber,electronic_check,False,6,70.47,1802.72,0,0
CUS004319,45,month_to_month,fiber,bank_transfer,False,2,54.71,2340.18,1,0
CUS004320,72,month_to_month,none,mailed_check,True,4,43.07,3104.1,0,0
CUS004321,38,one_year,fiber,electronic_check,True,1,47.37,1791.53,1,0
CUS004322,49,one_year,none,credit_card,True,3,41.13,1950.2,0,0
CUS004323,23,month_to_month,dsl,electronic_check,False,0,40.47,942.65,2,1
CUS004324,10,one_year,fiber,credit_card,False,3,53.29,540.07,0,0
CUS004325,12,one_year,none,mailed_check,True,6,61.51,744.29,0,0
CUS004326,54,month_to_month,fiber,bank_transfer,True,6,72.55,4025.27,2,0
CUS004327,5,month_to_month,dsl,mailed_check,True,0,34.2,165.01,1,1
CUS004328,34,month_to_month,fiber,mailed_check,True,6,77.74,2631.12,0,0
CUS004329,72,month_to_month,dsl,credit_card,True,3,45.85,3222.12,1,0
CUS004330,5,month_to_month,dsl,mailed_check,True,4,51.28,249.4,0,1
CUS004331,56,month_to_month,fiber,electronic_check,False,5,74.75,3962.54,1,0
CUS004332,13,two_year,fiber,electronic_check,False,6,76.46,1039.0,0,0
CUS004333,18,month_to_month,dsl,electronic_check,True,5,61.34,1144.02,3,1
CUS004334,29,month_to_month,none,electronic_check,False,1,16.58,451.14,0,1
CUS004335,39,two_year,dsl,electronic_check,True,6,61.42,2251.31,0,0
CUS004336,70,month_to_month,fiber,bank_transfer,True,0,45.1,3199.48,2,0
CUS004337,6,two_year,dsl,electronic_check,True,3,44.37,256.12,0,0
CUS004338,25,two_year,fiber,electronic_check,True,5,71.71,1690.61,1,0
CUS004339,63,month_to_month,fiber,electronic_check,False,0,48.1,2985.01,0,0
CUS004340,32,one_year,dsl,credit_card,True,2,44.39,1334.21,2,0
CUS004341,4,month_to_month,dsl,bank_transfer,True,4,50.4,207.89,0,0
CUS004342,66,month_to_month,dsl,electronic_check,True,5,57.17,3767.05,0,0
CUS004343,65,one_year,none,credit_card,False,2,31.72,2086.54,0,0
CUS004344,27,one_year,dsl,credit_card,True,0,26.85,690.35,0,0
CUS004345,48,month_to_month,fiber,electronic_check,True,4,69.31,3176.35,0,0
CUS004346,30,one_year,fiber,electronic_check,True,0,46.99,1335.26,0,0
CUS004347,66,month_to_month,fiber,mailed_check,True,3,65.02,4192.84,1,0
CUS004348,12,month_to_month,fiber,electronic_check,True,2,48.15,569.9,0,1
CUS004349,29,month_to_month,fiber,electronic_check,False,0,45.7,1235.24,0,1
CUS004350,31,month_to_month,none,mailed_check,True,3,39.64,1192.67,0,0
CUS004351,48,month_to_month,fiber,electronic_check,True,5,80.35,3966.46,0,0
CUS004352,9,two_year,dsl,mailed_check,True,6,58.79,529.26,0,0
CUS004353,5,one_year,fiber,mailed_check,False,2,57.79,278.9,1,0
CUS004354,5,two_year,none,bank_transfer,True,4,34.6,174.78,1,0
CUS004355,3,one_year,dsl,electronic_check,False,5,61.27,175.43,0,0
CUS004356,13,one_year,dsl,bank_transfer,True,3,48.94,627.85,1,0
CUS004357,43,two_year,dsl,electronic_check,True,0,26.07,1123.54,2,0
CUS004358,35,month_to_month,fiber,credit_card,True,0,42.75,1557.8,0,0
CUS004359,27,month_to_month,fiber,electronic_check,False,2,59.04,1652.67,0,0
CUS004360,63,month_to_month,dsl,electronic_check,False,4,52.34,3434.63,0,0
CUS004361,55,two_year,fiber,bank_transfer,False,1,46.14,2653.73,0,0
CUS004362,68,month_to_month,none,credit_card,True,6,52.89,3354.53,2,0
CUS004363,43,month_to_month,fiber,credit_card,True,0,39.83,1711.99,0,1
CUS004364,49,month_to_month,none,mailed_check,True,2,26.79,1319.22,0,1
CUS004365,72,one_year,fiber,credit_card,True,3,59.1,4257.84,2,0
CUS004366,47,month_to_month,fiber,mailed_check,True,2,53.88,2433.47,0,0
CUS004367,35,month_to_month,fiber,mailed_check,False,4,64.44,2213.59,0,0
CUS004368,16,one_year,dsl,bank_transfer,False,5,56.21,845.85,0,1
CUS004369,56,two_year,fiber,credit_card,True,2,58.8,3118.94,0,0
CUS004370,20,one_year,none,mailed_check,False,5,43.7,876.39,0,0
CUS004371,71,two_year,fiber,electronic_check,True,5,70.28,5224.1,1,0
CUS004372,18,month_to_month,fiber,electronic_check,True,1,48.13,862.37,0,1
CUS004373,32,one_year,fiber,electronic_check,False,6,72.53,2364.62,0,0
CUS004374,4,one_year,none,bank_transfer,False,4,46.96,194.83,2,0
CUS004375,63,month_to_month,dsl,bank_transfer,True,4,47.8,3105.54,0,0
CUS004376,8,month_to_month,fiber,credit_card,False,5,66.9,515.19,1,1
CUS004377,2,one_year,dsl,credit_card,True,5,58.51,110.38,0,0
CUS004378,58,month_to_month,none,bank_transfer,False,4,46.27,2778.48,3,1
CUS004379,60,month_to_month,none,electronic_check,True,1,25.7,1470.35,1,0
CUS004380,57,two_year,none,credit_card,True,2,25.11,1491.31,0,0
CUS004381,18,one_year,dsl,credit_card,True,3,50.81,895.36,0,0
CUS004382,72,two_year,fiber,bank_transfer,True,0,48.28,3615.03,1,0
CUS004383,41,month_to_month,none,bank_transfer,False,1,23.13,932.59,1,0
CUS004384,23,month_to_month,none,mailed_check,True,6,46.57,1005.03,2,0
CUS004385,23,month_to_month,dsl,mailed_check,False,5,55.09,1192.31,2,0
CUS004386,22,one_year,dsl,electronic_check,False,1,38.38,807.97,1,0
CUS004387,60,month_to_month,fiber,mailed_check,True,2,58.54,3310.5,1,0
CUS004388,69,one_year,fiber,credit_card,False,2,63.98,4373.07,1,0
CUS004389,58,one_year,dsl,electronic_check,True,5,54.83,3276.46,1,0
CUS004390,69,two_year,dsl,bank_transfer,True,4,54.47,3911.42,4,0
CUS004391,55,two_year,dsl,bank_transfer,False,2,31.36,1703.82,0,0
CUS004392,40,month_to_month,dsl,credit_card,False,2,38.85,1456.11,0,0
CUS004393,42,month_to_month,dsl,credit_card,True,0,33.17,1457.1,1,0
CUS004394,6,month_to_month,dsl,bank_transfer,False,0,31.84,179.99,0,0
CUS004395,66,month_to_month,fiber,bank_transfer,True,6,71.62,4823.9,4,0
CUS004396,32,month_to_month,fiber,credit_card,True,6,80.16,2523.83,1,0
CUS004397,58,two_year,fiber,bank_transfer,True,1,50.11,2857.24,1,0
CUS004398,46,month_to_month,fiber,bank_transfer,False,1,54.28,2437.29,1,0
CUS004399,59,two_year,dsl,electronic_check,True,4,55.52,3047.64,0,0
CUS004400,39,month_to_month,fiber,mailed_check,True,6,79.31,2954.28,0,0
CUS004401,45,two_year,fiber,mailed_check,True,1,50.15,2262.68,1,0
CUS004402,26,two_year,fiber,credit_card,True,2,58.26,1577.22,0,0
CUS004403,48,one_year,fiber,electronic_check,True,5,68.94,3332.56,1,0
CUS004404,51,two_year,dsl,bank_transfer,True,0,28.4,1390.28,0,0
CUS004405,43,month_to_month,dsl,bank_transfer,False,2,39.71,1631.88,0,0
CUS004406,35,two_year,fiber,bank_transfer,False,2,62.47,2210.16,0,0
CUS004407,16,two_year,none,electronic_check,True,3,33.97,565.85,0,0
CUS004408,66,one_year,fiber,electronic_check,True,2,59.69,4098.44,1,0
CUS004409,13,month_to_month,fiber,mailed_check,False,5,70.18,876.4,1,1
CUS004410,26,one_year,fiber,bank_transfer,True,6,76.06,1905.74,2,0
CUS004411,27,month_to_month,fiber,bank_transfer,True,0,46.36,1291.82,0,1
CUS004412,5,month_to_month,none,electronic_check,False,1,21.09,107.96,0,1
CUS004413,35,month_to_month,fiber,mailed_check,False,2,53.57,1954.37,0,0
CUS004414,10,month_to_month,dsl,electronic_check,False,3,43.43,404.23,3,0
CUS004415,68,month_to_month,fiber,mailed_check,True,2,62.07,3966.62,1,0
CUS004416,2,month_to_month,dsl,electronic_check,False,4,59.87,119.82,0,1
CUS004417,50,one_year,fiber,credit_card,False,6,79.22,3889.8,0,0
CUS004418,18,month_to_month,fiber,credit_card,True,2,56.6,961.32,0,1
CUS004419,36,month_to_month,none,credit_card,False,5,42.9,1575.06,2,1
CUS004420,36,month_to_month,dsl,credit_card,True,2,43.3,1620.43,0,1
CUS004421,6,two_year,dsl,bank_transfer,True,2,49.33,282.79,1,1
CUS004422,51,month_to_month,none,bank_transfer,True,0,21.98,1138.08,1,0
CUS004423,7,two_year,fiber,electronic_check,False,0,41.68,285.82,1,0
CUS004424,34,month_to_month,fiber,electronic_check,False,2,51.2,1676.14,1,1
CUS004425,36,month_to_month,fiber,mailed_check,False,0,50.66,1846.88,1,0
CUS004426,47,month_to_month,none,credit_card,True,4,42.06,1978.1,1,1
CUS004427,17,two_year,dsl,bank_transfer,True,5,58.96,1023.87,1,0
CUS004428,20,month_to_month,none,mailed_check,True,5,36.02,678.15,1,1
CUS004429,16,month_to_month,fiber,bank_transfer,True,0,45.74,690.6,0,0
CUS004430,29,one_year,none,electronic_check,True,1,23.47,665.06,1,0
CUS004431,17,month_to_month,fiber,electronic_check,False,1,50.39,846.27,1,0
CUS004432,10,one_year,fiber,mailed_check,True,5,76.17,724.61,0,1
CUS004433,49,one_year,dsl,mailed_check,False,4,53.8,2553.37,0,0
CUS004434,3,one_year,dsl,electronic_check,True,2,44.69,132.24,0,1
CUS004435,29,two_year,fiber,mailed_check,False,1,49.89,1376.1,1,0
CUS004436,33,month_to_month,none,electronic_check,False,3,32.21,997.18,0,0
CUS004437,58,two_year,dsl,electronic_check,False,2,38.05,2240.18,3,0
CUS004438,13,one_year,fiber,electronic_check,True,3,50.03,631.69,0,0
CUS004439,4,one_year,fiber,mailed_check,False,1,48.03,182.06,0,1
CUS004440,1,one_year,dsl,electronic_check,True,2,39.54,,1,1
CUS004441,61,two_year,dsl,mailed_check,True,1,36.51,2304.15,1,0
CUS004442,35,month_to_month,dsl,credit_card,False,3,44.54,1514.22,0,0
CUS004443,47,one_year,dsl,electronic_check,True,2,36.36,1672.13,1,0
CUS004444,33,month_to_month,fiber,bank_transfer,True,5,73.42,2353.27,2,0
CUS004445,36,month_to_month,fiber,electronic_check,True,1,54.91,2043.56,1,1
CUS004446,68,month_to_month,none,bank_transfer,False,6,46.8,3208.02,0,0
CUS004447,38,two_year,dsl,bank_transfer,True,3,45.68,1643.92,0,0
CUS004448,49,one_year,fiber,credit_card,False,0,52.75,2594.8,0,0
CUS004449,46,month_to_month,fiber,bank_transfer,True,5,78.04,3679.26,1,0
CUS004450,8,month_to_month,fiber,credit_card,True,5,80.89,634.35,1,1
CUS004451,24,one_year,none,electronic_check,False,3,40.96,1008.66,0,0
CUS004452,38,month_to_month,none,mailed_check,True,6,58.39,2068.2,1,0
CUS004453,36,month_to_month,fiber,electronic_check,True,4,68.1,2298.71,0,1
CUS004454,30,month_to_month,dsl,credit_card,False,3,45.18,1338.62,2,0
CUS004455,25,month_to_month,fiber,bank_transfer,True,2,55.43,1350.98,0,0
CUS004456,44,one_year,fiber,credit_card,False,0,39.45,1739.43,2,0
CUS004457,55,month_to_month,fiber,credit_card,True,6,74.44,4065.8,0,1
CUS004458,67,one_year,dsl,credit_card,True,2,38.0,2468.87,0,0
CUS004459,10,two_year,fiber,credit_card,True,1,50.62,488.55,0,0
CUS004460,27,month_to_month,fiber,electronic_check,False,6,76.31,1993.16,1,0
CUS004461,65,month_to_month,fiber,mailed_check,False,4,58.03,3586.94,0,0
CUS004462,20,month_to_month,none,electronic_check,False,1,33.67,682.18,3,1
CUS004463,64,one_year,none,electronic_check,True,0,11.3,739.33,0,0
CUS004464,3,one_year,none,electronic_check,True,2,28.49,85.37,0,0
CUS004465,66,two_year,none,credit_card,False,2,23.4,1535.29,1,0
CUS004466,71,month_to_month,fiber,mailed_check,True,5,76.91,5116.41,0,0
CUS004467,66,month_to_month,none,mailed_check,False,6,49.85,3360.17,0,0
CUS004468,4,month_to_month,fiber,electronic_check,False,3,58.4,228.01,1,0
CUS004469,1,month_to_month,fiber,electronic_check,False,3,58.57,,0,1
CUS004470,67,two_year,fiber,credit_card,False,5,71.19,4934.55,0,0
CUS004471,58,month_to_month,fiber,credit_card,True,2,58.36,3513.09,0,0
CUS004472,33,month_to_month,none,mailed_check,False,5,47.45,1643.42,3,1
CUS004473,59,month_to_month,dsl,bank_transfer,False,5,60.08,3694.64,0,0
CUS004474,27,month_to_month,fiber,credit_card,True,5,74.08,1914.67,0,0
CUS004475,38,month_to_month,none,bank_transfer,False,3,33.22,1286.35,0,0
CUS004476,70,month_to_month,dsl,electronic_check,False,2,43.43,3065.5,0,1
CUS004477,59,month_to_month,none,electronic_check,False,0,26.17,1453.18,1,0
CUS004478,4,one_year,fiber,credit_card,True,6,87.39,356.07,0,0
CUS004479,32,month_to_month,dsl,mailed_check,False,0,30.38,918.49,1,0
CUS004480,45,month_to_month,fiber,bank_transfer,True,2,58.87,2736.47,1,0
CUS004481,18,two_year,dsl,electronic_check,False,1,40.41,698.39,1,0
CUS004482,47,two_year,dsl,electronic_check,True,2,52.4,2456.93,2,0
CUS004483,24,month_to_month,fiber,electronic_check,False,3,60.69,1452.35,2,0
CUS004484,65,two_year,fiber,electronic_check,False,5,75.49,4621.57,0,0
CUS004485,57,two_year,fiber,electronic_check,True,0,50.35,2862.75,1,0
CUS004486,63,month_to_month,none,electronic_check,True,0,26.8,1725.9,0,0
CUS004487,35,two_year,fiber,electronic_check,True,0,45.5,1597.44,0,0
CUS004488,3,month_to_month,none,electronic_check,False,2,39.54,121.09,0,1
CUS004489,43,month_to_month,fiber,bank_transfer,True,0,52.06,2332.54,1,0
CUS004490,49,month_to_month,fiber,credit_card,True,6,80.67,3741.84,1,0
CUS004491,71,month_to_month,fiber,bank_transfer,True,6,73.18,4930.95,0,0
CUS004492,19,month_to_month,fiber,electronic_check,False,4,58.87,1105.7,1,0
CUS004493,50,month_to_month,dsl,electronic_check,True,3,49.76,2566.37,0,0
CUS004494,2,month_to_month,fiber,electronic_check,True,4,71.84,138.22,0,1
CUS004495,39,two_year,fiber,mailed_check,False,3,72.21,2654.64,0,0
CUS004496,49,one_year,fiber,electronic_check,True,0,43.14,2208.11,0,0
CUS004497,42,one_year,dsl,mailed_check,False,2,52.84,2230.21,1,0
CUS004498,27,two_year,none,electronic_check,True,5,44.79,1133.06,1,0
CUS004499,22,month_to_month,none,electronic_check,False,2,31.57,664.01,1,1
CUS004500,41,month_to_month,fiber,bank_transfer,False,2,54.34,2282.59,0,0
CUS004501,30,two_year,dsl,electronic_check,False,1,37.94,1107.62,0,0
CUS004502,18,month_to_month,dsl,mailed_check,False,5,63.29,1119.2,0,0
CUS004503,72,two_year,dsl,bank_transfer,True,2,46.29,3388.07,3,0
CUS004504,9,month_to_month,none,mailed_check,True,2,31.79,266.45,0,0
CUS004505,39,two_year,dsl,bank_transfer,True,3,50.62,1879.1,1,0
CUS004506,5,month_to_month,fiber,electronic_check,False,3,72.6,381.06,1,1
CUS004507,13,one_year,fiber,credit_card,False,2,63.55,799.63,0,0
CUS004508,26,one_year,fiber,mailed_check,True,4,70.33,1901.64,0,0
CUS004509,28,month_to_month,fiber,mailed_check,False,1,47.49,1317.06,1,1
CUS004510,71,one_year,fiber,electronic_check,True,0,43.09,2972.34,0,0
CUS004511,58,one_year,dsl,electronic_check,True,1,39.87,2299.88,1,0
CUS004512,65,month_to_month,fiber,electronic_check,False,2,50.78,3420.53,0,0
CUS004513,56,month_to_month,dsl,bank_transfer,False,5,63.06,3407.82,0,0
CUS004514,37,two_year,dsl,electronic_check,True,6,63.05,2359.81,1,0
CUS004515,46,month_to_month,fiber,electronic_check,False,1,48.87,2288.71,0,0
CUS004516,35,month_to_month,none,mailed_check,True,1,31.16,1081.52,0,0
CUS004517,63,one_year,fiber,credit_card,True,4,69.24,4251.15,0,0
CUS004518,8,month_to_month,dsl,electronic_check,False,4,48.56,365.86,0,0
CUS004519,30,month_to_month,fiber,electronic_check,True,3,65.17,2024.89,1,0
CUS004520,32,two_year,fiber,bank_transfer,False,2,56.51,1683.05,1,0
CUS004521,32,two_year,none,electronic_check,True,2,28.15,893.05,2,1
CUS004522,55,month_to_month,fiber,electronic_check,False,4,72.48,3889.19,0,0
CUS004523,39,month_to_month,dsl,credit_card,False,0,26.91,1085.31,1,0
CUS004524,23,month_to_month,dsl,electronic_check,False,4,51.35,1110.1,1,0
CUS004525,46,month_to_month,none,electronic_check,True,0,19.11,866.03,0,0
CUS004526,59,month_to_month,dsl,credit_card,False,2,42.19,2570.92,0,0
CUS004527,36,one_year,none,bank_transfer,True,2,32.38,1153.64,0,0
CUS004528,64,two_year,dsl,credit_card,False,6,63.22,3782.23,0,0
CUS004529,20,two_year,none,mailed_check,True,4,40.62,810.07,0,0
CUS004530,29,two_year,dsl,mailed_check,True,0,33.67,942.05,1,0
CUS004531,9,month_to_month,fiber,credit_card,True,0,39.77,349.16,0,0
CUS004532,4,month_to_month,dsl,electronic_check,True,3,41.98,169.28,0,0
CUS004533,53,month_to_month,none,electronic_check,True,2,29.71,1608.77,3,1
CUS004534,19,month_to_month,dsl,bank_transfer,True,5,59.79,1132.56,0,0
CUS004535,48,one_year,fiber,bank_transfer,True,1,47.57,2131.06,1,0
CUS004536,24,month_to_month,fiber,electronic_check,False,0,44.51,1113.6,1,1
CUS004537,45,month_to_month,fiber,mailed_check,False,5,75.77,3359.97,1,0
CUS004538,17,month_to_month,dsl,bank_transfer,True,0,29.74,482.4,0,0
CUS004539,23,two_year,fiber,bank_transfer,False,1,45.97,1043.07,2,0
CUS004540,35,one_year,dsl,bank_transfer,False,4,52.56,1823.91,0,0
CUS004541,55,one_year,fiber,mailed_check,True,1,58.19,3304.66,0,0
CUS004542,23,one_year,fiber,credit_card,True,4,65.44,1449.04,1,1
CUS004543,30,two_year,dsl,electronic_check,False,5,59.88,1686.2,2,0
CUS004544,33,month_to_month,fiber,electronic_check,False,1,53.39,1665.04,2,1
CUS004545,12,two_year,fiber,bank_transfer,True,6,71.79,901.64,1,0
CUS004546,69,one_year,dsl,mailed_check,False,2,34.83,2505.0,1,0
CUS004547,4,one_year,dsl,mailed_check,False,5,60.24,252.98,0,0
CUS004548,62,one_year,dsl,electronic_check,True,3,47.43,2983.58,2,0
CUS004549,19,month_to_month,fiber,credit_card,True,1,53.25,1046.14,0,1
CUS004550,29,month_to_month,dsl,credit_card,True,3,49.91,1471.98,2,0
CUS004551,49,one_year,dsl,mailed_check,True,4,53.09,2566.37,0,0
CUS004552,10,two_year,dsl,mailed_check,True,6,66.46,639.95,0,0
CUS004553,10,month_to_month,none,credit_card,True,3,32.72,316.16,0,0
CUS004554,4,month_to_month,fiber,credit_card,True,3,61.04,235.15,1,1
CUS004555,71,month_to_month,none,electronic_check,True,1,30.75,2233.52,0,0
CUS004556,47,two_year,none,mailed_check,False,1,19.61,957.99,0,0
CUS004557,9,month_to_month,fiber,mailed_check,True,5,73.53,680.65,2,0
CUS004558,27,month_to_month,fiber,bank_transfer,True,2,57.97,1629.21,0,0
CUS004559,63,one_year,fiber,bank_transfer,False,3,58.41,3685.16,1,0
CUS004560,57,two_year,fiber,electronic_check,False,3,68.88,3818.62,0,0
CUS004561,46,one_year,dsl,electronic_check,True,5,52.08,2410.82,1,0
CUS004562,26,month_to_month,fiber,bank_transfer,False,3,63.31,1663.62,1,0
CUS004563,8,one_year,fiber,mailed_check,False,0,45.48,340.01,2,1
CUS004564,63,two_year,dsl,bank_transfer,True,1,33.5,2002.23,1,0
CUS004565,29,month_to_month,fiber,electronic_check,True,5,75.41,2285.35,0,0
CUS004566,44,month_to_month,fiber,electronic_check,False,0,45.92,1905.84,1,0
CUS004567,26,one_year,fiber,credit_card,True,3,67.6,1768.22,0,0
CUS004568,60,month_to_month,fiber,bank_transfer,False,4,67.04,3882.77,0,0
CUS004569,56,month_to_month,fiber,bank_transfer,True,0,48.28,2665.99,0,0
CUS004570,53,one_year,fiber,bank_transfer,True,6,87.14,4607.42,0,0
CUS004571,34,two_year,fiber,electronic_check,False,3,59.59,2038.24,1,0
CUS004572,19,month_to_month,fiber,electronic_check,False,5,80.85,1497.09,0,1
CUS004573,26,one_year,dsl,electronic_check,False,2,49.39,1313.11,0,0
CUS004574,42,one_year,fiber,electronic_check,True,4,80.49,3149.32,1,1
CUS004575,23,two_year,fiber,credit_card,False,0,50.44,1188.81,0,0
CUS004576,45,month_to_month,fiber,mailed_check,True,2,57.94,2623.55,2,0
CUS004577,16,month_to_month,fiber,mailed_check,False,5,76.25,1244.63,1,0
CUS004578,14,month_to_month,none,bank_transfer,True,4,34.11,471.24,1,0
CUS004579,72,month_to_month,dsl,mailed_check,False,1,43.65,2923.67,1,0
CUS004580,50,two_year,dsl,electronic_check,True,2,44.2,2080.96,0,0
CUS004581,20,two_year,dsl,credit_card,True,2,43.26,858.05,0,0
CUS004582,19,one_year,none,credit_card,True,5,44.32,850.12,0,0
CUS004583,56,one_year,fiber,mailed_check,True,0,44.88,2586.19,0,0
CUS004584,65,two_year,fiber,mailed_check,True,0,40.91,2565.14,1,0
CUS004585,62,month_to_month,dsl,electronic_check,False,6,69.07,4143.71,1,1
CUS004586,29,one_year,fiber,mailed_check,False,5,72.03,2073.09,0,1
CUS004587,19,one_year,fiber,credit_card,True,4,61.51,1202.78,1,0
CUS004588,71,month_to_month,fiber,electronic_check,False,1,49.29,3419.45,1,1
CUS004589,27,month_to_month,fiber,mailed_check,False,1,55.04,1404.81,1,1
CUS004590,21,month_to_month,dsl,electronic_check,False,0,31.89,625.89,1,0
CUS004591,29,one_year,none,credit_card,False,2,30.52,845.89,0,0
CUS004592,30,month_to_month,dsl,electronic_check,False,4,55.81,1558.76,0,0
CUS004593,32,month_to_month,none,credit_card,True,0,22.39,677.42,2,0
CUS004594,55,one_year,none,credit_card,True,6,46.75,2675.69,1,0
CUS004595,17,two_year,dsl,credit_card,False,4,53.87,887.23,3,0
CUS004596,10,month_to_month,fiber,credit_card,True,6,67.71,660.13,2,0
CUS004597,48,month_to_month,fiber,credit_card,True,4,70.08,3308.82,0,0
CUS004598,16,month_to_month,fiber,electronic_check,True,1,56.15,881.04,2,1
CUS004599,44,month_to_month,fiber,bank_transfer,True,6,68.15,2811.25,2,0
CUS004600,54,month_to_month,fiber,bank_transfer,False,4,67.53,3678.07,1,0
CUS004601,12,month_to_month,dsl,electronic_check,True,2,38.04,456.01,1,1
CUS004602,34,month_to_month,none,electronic_check,True,6,53.89,1917.29,1,0
CUS004603,59,month_to_month,dsl,credit_card,True,0,30.78,1832.69,1,0
CUS004604,48,month_to_month,dsl,electronic_check,True,3,42.13,2042.84,1,0
CUS004605,55,one_year,fiber,electronic_check,True,5,75.07,4115.07,1,0
CUS004606,58,month_to_month,fiber,electronic_check,False,3,64.06,3782.31,0,0
CUS004607,61,month_to_month,none,mailed_check,False,1,28.36,1665.76,0,0
CUS004608,60,two_year,dsl,mailed_check,True,2,36.83,2055.96,2,0
CUS004609,60,month_to_month,none,electronic_check,True,2,36.49,2130.75,0,0
CUS004610,11,month_to_month,fiber,bank_transfer,True,6,72.02,744.19,0,0
CUS004611,56,one_year,none,credit_card,False,2,26.39,1411.37,1,0
CUS004612,19,one_year,none,electronic_check,False,1,29.65,570.37,3,0
CUS004613,31,one_year,fiber,bank_transfer,False,3,55.52,1607.01,2,0
CUS004614,9,one_year,fiber,electronic_check,False,1,46.4,417.73,1,1
CUS004615,70,two_year,fiber,bank_transfer,True,3,69.46,4867.51,0,0
CUS004616,13,one_year,fiber,mailed_check,True,3,57.87,769.84,2,1
CUS004617,33,month_to_month,none,electronic_check,True,3,41.8,1284.9,0,0
CUS004618,58,month_to_month,dsl,electronic_check,True,0,34.25,1988.24,0,0
CUS004619,64,one_year,fiber,bank_transfer,True,6,84.62,5386.74,0,0
CUS004620,6,month_to_month,fiber,credit_card,False,5,73.79,441.9,0,1
CUS004621,24,month_to_month,none,bank_transfer,True,3,39.41,962.25,0,0
CUS004622,56,month_to_month,none,credit_card,False,1,36.12,2086.08,1,0
CUS004623,11,month_to_month,fiber,electronic_check,False,0,36.97,418.02,1,1
CUS004624,62,one_year,fiber,electronic_check,True,6,82.24,5330.46,0,0
CUS004625,41,month_to_month,fiber,mailed_check,False,4,66.63,2562.55,1,0
CUS004626,29,one_year,none,mailed_check,True,6,43.62,1181.32,0,0
CUS004627,55,two_year,fiber,credit_card,False,1,53.78,2900.37,0,0
CUS004628,42,month_to_month,none,credit_card,True,0,15.37,637.08,2,0
CUS004629,24,month_to_month,dsl,electronic_check,True,0,32.59,794.89,0,0
CUS004630,52,month_to_month,fiber,credit_card,True,4,66.25,3614.78,1,1
CUS004631,56,one_year,fiber,electronic_check,True,0,46.11,2606.34,0,0
CUS004632,55,one_year,fiber,bank_transfer,True,5,69.44,3937.06,1,0
CUS004633,56,two_year,dsl,electronic_check,True,6,54.6,3187.65,0,1
CUS004634,69,month_to_month,dsl,electronic_check,True,4,59.22,3807.0,1,0
CUS004635,31,month_to_month,dsl,bank_transfer,False,5,55.45,1622.84,0,0
CUS004636,43,month_to_month,dsl,electronic_check,True,5,50.36,2053.64,0,0
CUS004637,67,one_year,fiber,electronic_check,False,4,71.38,4873.85,0,0
CUS004638,46,one_year,dsl,credit_card,False,2,41.56,1934.99,0,0
CUS004639,13,two_year,fiber,mailed_check,False,3,59.3,760.64,1,0
CUS004640,35,month_to_month,none,electronic_check,False,5,44.75,1518.71,1,0
CUS004641,17,two_year,fiber,mailed_check,True,1,53.67,950.17,0,0
CUS004642,27,month_to_month,fiber,bank_transfer,True,4,68.31,1788.78,0,0
CUS004643,37,month_to_month,dsl,bank_transfer,False,1,42.11,1458.65,1,0
CUS004644,56,month_to_month,fiber,mailed_check,True,4,61.89,3372.52,0,0
CUS004645,13,two_year,dsl,electronic_check,True,3,46.31,631.96,0,0
CUS004646,57,two_year,fiber,mailed_check,False,5,73.91,3999.43,2,0
CUS004647,16,month_to_month,fiber,electronic_check,False,5,78.33,1209.69,1,0
CUS004648,22,month_to_month,none,bank_transfer,True,2,28.37,629.18,1,0
CUS004649,57,month_to_month,fiber,electronic_check,False,1,64.84,3701.02,3,0
CUS004650,45,one_year,none,electronic_check,True,6,50.17,2234.65,2,0
CUS004651,35,one_year,dsl,mailed_check,False,5,56.65,1975.44,0,0
CUS004652,5,month_to_month,dsl,electronic_check,True,4,50.73,247.89,1,1
CUS004653,33,one_year,dsl,mailed_check,True,3,44.72,1377.01,0,0
CUS004654,60,two_year,fiber,electronic_check,True,0,38.16,2194.24,1,0
CUS004655,5,two_year,fiber,electronic_check,True,5,67.36,330.12,1,1
CUS004656,41,one_year,fiber,electronic_check,False,2,57.32,2385.03,0,0
CUS004657,47,two_year,fiber,bank_transfer,True,5,67.27,3032.27,3,0
CUS004658,16,one_year,none,bank_transfer,False,3,34.59,574.42,2,0
CUS004659,43,one_year,fiber,mailed_check,True,6,71.47,3161.42,2,0
CUS004660,30,month_to_month,none,mailed_check,True,4,39.95,1231.44,0,0
CUS004661,32,two_year,dsl,bank_transfer,True,1,38.53,1252.68,0,0
CUS004662,7,month_to_month,fiber,electronic_check,True,3,54.59,379.8,1,1
CUS004663,70,one_year,fiber,credit_card,True,5,77.63,5699.02,0,0
CUS004664,50,one_year,fiber,credit_card,False,5,79.39,4013.67,0,0
CUS004665,49,month_to_month,fiber,bank_transfer,True,3,63.71,2986.98,0,0
CUS004666,72,two_year,fiber,credit_card,True,4,68.36,4686.47,1,0
CUS004667,31,month_to_month,dsl,electronic_check,False,2,44.39,1350.82,1,0
CUS004668,46,one_year,fiber,electronic_check,True,1,50.58,2337.96,1,0
CUS004669,11,month_to_month,fiber,electronic_check,False,6,79.39,910.85,0,1
CUS004670,29,two_year,fiber,credit_card,True,4,71.62,2024.29,0,0
CUS004671,11,month_to_month,fiber,mailed_check,False,3,53.88,590.66,0,0
CUS004672,1,month_to_month,fiber,bank_transfer,True,0,49.44,,1,0
CUS004673,56,month_to_month,fiber,electronic_check,False,2,58.39,3076.41,1,0
CUS004674,9,two_year,none,electronic_check,False,1,28.74,269.99,1,0
CUS004675,55,one_year,dsl,credit_card,True,1,42.63,2246.56,0,0
CUS004676,13,month_to_month,dsl,electronic_check,False,5,53.24,687.12,1,0
CUS004677,61,month_to_month,dsl,bank_transfer,True,2,39.47,2247.94,0,0
CUS004678,39,month_to_month,fiber,bank_transfer,True,3,60.7,2395.77,1,1
CUS004679,62,month_to_month,none,bank_transfer,False,1,27.85,1722.86,1,0
CUS004680,15,month_to_month,none,mailed_check,False,2,33.85,523.99,3,1
CUS004681,56,month_to_month,fiber,credit_card,False,1,54.61,3170.02,1,0
CUS004682,11,one_year,dsl,electronic_check,False,6,69.63,725.45,0,0
CUS004683,63,two_year,none,electronic_check,True,1,27.99,1713.28,1,0
CUS004684,26,month_to_month,dsl,electronic_check,True,5,54.14,1472.14,1,0
CUS004685,51,month_to_month,dsl,mailed_check,False,3,45.13,2257.09,0,0
CUS004686,7,two_year,dsl,mailed_check,True,2,30.5,220.43,0,0
CUS004687,56,one_year,fiber,bank_transfer,True,4,66.02,3749.54,3,0
CUS004688,17,two_year,dsl,electronic_check,False,5,64.98,1122.34,0,0
CUS004689,22,two_year,dsl,bank_transfer,False,1,38.48,850.86,2,0
CUS004690,44,one_year,fiber,electronic_check,False,4,67.7,2915.7,1,0
CUS004691,27,two_year,none,electronic_check,False,0,20.45,546.84,0,0
CUS004692,13,month_to_month,none,electronic_check,False,2,29.07,356.03,1,0
CUS004693,65,month_to_month,fiber,credit_card,True,3,59.1,3843.93,1,0
CUS004694,49,month_to_month,fiber,credit_card,False,6,75.43,3831.12,1,0
CUS004695,18,one_year,fiber,electronic_check,True,2,56.74,950.95,1,0
CUS004696,65,two_year,fiber,bank_transfer,False,5,68.49,4339.31,0,0
CUS004697,69,one_year,fiber,bank_transfer,False,3,56.42,3746.05,0,0
CUS004698,27,one_year,fiber,bank_transfer,False,6,70.06,1931.18,0,0
CUS004699,24,two_year,dsl,mailed_check,False,0,40.17,896.93,0,0
CUS004700,25,month_to_month,fiber,credit_card,False,3,60.53,1474.62,0,0
CUS004701,66,month_to_month,none,electronic_check,True,2,27.82,1803.93,0,0
CUS004702,53,month_to_month,dsl,credit_card,False,5,56.7,2902.27,0,0
CUS004703,3,month_to_month,dsl,credit_card,True,4,45.84,135.37,0,0
CUS004704,59,one_year,fiber,electronic_check,True,4,69.67,4236.21,0,0
CUS004705,21,one_year,dsl,credit_card,False,3,51.39,1021.58,0,0
CUS004706,27,month_to_month,fiber,electronic_check,True,5,72.47,2021.44,0,1
CUS004707,64,month_to_month,fiber,mailed_check,True,3,58.61,3787.87,3,0
CUS004708,30,one_year,dsl,bank_transfer,True,2,41.11,1241.43,0,0
CUS004709,25,two_year,dsl,electronic_check,False,6,65.06,1648.19,1,0
CUS004710,34,month_to_month,none,credit_card,True,3,33.22,1071.55,0,0
CUS004711,2,month_to_month,fiber,electronic_check,True,2,56.32,109.21,2,1
CUS004712,20,month_to_month,dsl,bank_transfer,True,6,61.4,1236.27,0,0
CUS004713,38,one_year,none,bank_transfer,False,2,38.17,1349.44,2,0
CUS004714,44,month_to_month,dsl,electronic_check,False,2,40.79,1852.63,1,0
CUS004715,65,two_year,dsl,bank_transfer,True,6,59.12,3989.89,1,0
CUS004716,30,month_to_month,dsl,electronic_check,False,6,65.29,1822.01,0,0
CUS004717,24,month_to_month,dsl,electronic_check,True,0,28.95,699.84,1,1
CUS004718,41,month_to_month,none,electronic_check,True,5,40.78,1668.23,1,0
CUS004719,1,month_to_month,fiber,bank_transfer,True,3,68.46,,0,0
CUS004720,56,one_year,fiber,bank_transfer,True,5,77.56,4514.82,2,0
CUS004721,25,month_to_month,dsl,bank_transfer,True,2,39.27,939.71,1,0
CUS004722,9,month_to_month,none,credit_card,True,3,29.55,254.89,1,1
CUS004723,71,one_year,fiber,bank_transfer,True,0,43.22,3153.09,0,0
CUS004724,56,month_to_month,none,electronic_check,True,2,24.26,1314.45,2,0
CUS004725,22,two_year,fiber,credit_card,True,3,60.87,1329.67,1,0
CUS004726,22,month_to_month,fiber,electronic_check,True,0,48.72,1097.95,0,1
CUS004727,50,two_year,fiber,electronic_check,True,3,66.48,3357.14,0,0
CUS004728,38,two_year,fiber,credit_card,True,4,59.21,2189.34,0,0
CUS004729,33,month_to_month,dsl,credit_card,True,1,37.86,1279.97,1,0
CUS004730,61,month_to_month,dsl,electronic_check,True,6,63.25,3677.7,2,1
CUS004731,52,month_to_month,dsl,electronic_check,True,0,33.61,1731.26,1,0
CUS004732,68,month_to_month,dsl,electronic_check,True,4,54.31,3808.59,1,0
CUS004733,67,month_to_month,none,bank_transfer,False,5,42.29,2927.2,1,0
CUS004734,50,month_to_month,dsl,bank_transfer,True,1,35.97,1729.09,2,1
CUS004735,56,one_year,fiber,electronic_check,True,4,71.33,4173.07,3,0
CUS004736,1,one_year,fiber,bank_transfer,True,2,47.41,,3,0
CUS004737,15,one_year,none,electronic_check,False,6,52.05,806.81,0,0
CUS004738,18,one_year,dsl,electronic_check,False,3,46.98,811.06,0,0
CUS004739,3,two_year,none,bank_transfer,False,3,36.1,108.88,1,0
CUS004740,69,two_year,dsl,bank_transfer,True,3,49.17,3482.54,1,0
CUS004741,53,month_to_month,dsl,bank_transfer,True,6,58.07,3013.32,0,0
CUS004742,30,one_year,fiber,electronic_check,False,2,58.85,1649.27,0,0
CUS004743,51,month_to_month,none,credit_card,True,6,54.21,2668.09,1,0
CUS004744,72,one_year,fiber,bank_transfer,True,2,59.37,4231.94,1,0
CUS004745,31,month_to_month,fiber,bank_transfer,True,0,47.1,1385.61,0,0
CUS004746,69,one_year,fiber,mailed_check,True,1,54.48,3562.6,2,0
CUS004747,68,one_year,none,electronic_check,True,1,24.54,1710.47,1,0
CUS004748,66,one_year,dsl,credit_card,True,0,27.58,1722.5,0,0
CUS004749,38,month_to_month,dsl,mailed_check,False,5,54.51,1989.98,0,0
CUS004750,47,month_to_month,dsl,bank_transfer,False,1,32.44,1571.17,1,1
CUS004751,23,month_to_month,fiber,electronic_check,True,1,50.05,1200.96,1,0
CUS004752,6,one_year,none,credit_card,True,5,42.77,262.0,4,0
CUS004753,13,month_to_month,fiber,credit_card,True,3,60.97,750.02,0,0
CUS004754,64,one_year,fiber,bank_transfer,False,2,63.24,4132.77,0,0
CUS004755,55,two_year,dsl,credit_card,True,6,58.46,3046.15,1,0
CUS004756,59,two_year,fiber,electronic_check,False,2,55.65,3361.23,0,0
CUS004757,50,month_to_month,fiber,electronic_check,True,5,76.85,3606.98,0,1
CUS004758,54,two_year,none,credit_card,True,1,26.22,1354.18,0,0
CUS004759,72,month_to_month,dsl,credit_card,False,6,62.78,4446.26,1,0
CUS004760,10,two_year,fiber,electronic_check,True,5,71.02,685.21,0,0
CUS004761,53,one_year,fiber,electronic_check,False,0,46.01,2315.94,0,0
CUS004762,31,month_to_month,dsl,electronic_check,True,2,46.34,1499.25,1,0
CUS004763,51,month_to_month,fiber,bank_transfer,True,6,69.24,3680.64,0,0
CUS004764,67,month_to_month,fiber,electronic_check,False,6,76.36,5064.33,0,0
CUS004765,35,month_to_month,dsl,bank_transfer,True,2,41.53,1363.39,0,0
CUS004766,53,one_year,none,bank_transfer,True,4,40.65,2075.83,0,0
CUS004767,13,month_to_month,none,bank_transfer,True,5,46.67,600.63,2,1
CUS004768,49,two_year,dsl,bank_transfer,True,6,61.1,2866.77,2,0
CUS004769,66,two_year,fiber,bank_transfer,False,5,68.35,4349.54,0,0
CUS004770,16,two_year,none,mailed_check,True,6,52.86,877.79,0,0
CUS004771,27,two_year,dsl,electronic_check,False,0,27.98,719.0,0,0
CUS004772,34,month_to_month,dsl,credit_card,True,1,42.58,1459.65,1,0
CUS004773,27,one_year,dsl,electronic_check,False,6,55.77,1521.29,0,0
CUS004774,61,one_year,fiber,mailed_check,False,1,51.5,3104.14,2,0
CUS004775,10,one_year,fiber,bank_transfer,False,4,72.78,678.45,1,0
CUS004776,66,one_year,fiber,bank_transfer,False,0,54.52,3749.58,0,0
CUS004777,70,two_year,fiber,electronic_check,True,3,59.94,3923.45,2,0
CUS004778,4,month_to_month,none,bank_transfer,True,6,53.4,198.94,1,0
CUS004779,46,month_to_month,dsl,mailed_check,False,3,44.92,2026.18,1,0
CUS004780,51,two_year,dsl,bank_transfer,True,4,51.51,2483.62,1,0
CUS004781,46,one_year,none,bank_transfer,False,6,57.25,2661.73,1,0
CUS004782,10,month_to_month,dsl,mailed_check,False,0,32.29,308.15,0,1
CUS004783,25,month_to_month,fiber,electronic_check,True,5,69.56,1717.0,0,0
CUS004784,36,one_year,dsl,bank_transfer,True,3,43.17,1557.62,3,0
CUS004785,59,month_to_month,dsl,bank_transfer,True,6,58.46,3510.09,0,0
CUS004786,24,month_to_month,fiber,mailed_check,True,6,81.14,1899.88,1,0
CUS004787,5,one_year,fiber,electronic_check,True,0,47.28,224.5,0,1
CUS004788,63,month_to_month,fiber,electronic_check,True,0,45.14,2965.76,0,0
CUS004789,60,month_to_month,fiber,credit_card,False,4,73.88,4238.02,0,0
CUS004790,47,month_to_month,fiber,mailed_check,True,2,50.21,2200.81,1,1
CUS004791,52,month_to_month,none,bank_transfer,True,5,36.58,1807.58,1,0
CUS004792,54,two_year,none,mailed_check,True,6,48.93,2621.94,1,0
CUS004793,35,month_to_month,fiber,electronic_check,True,0,49.22,1798.27,0,1
CUS004794,66,month_to_month,fiber,mailed_check,False,2,53.47,3575.63,0,0
CUS004795,24,month_to_month,none,credit_card,False,6,46.86,1076.92,2,1
CUS004796,57,month_to_month,dsl,credit_card,True,1,35.2,1965.77,3,0
CUS004797,68,one_year,none,credit_card,False,2,34.65,2455.69,1,0
CUS004798,63,one_year,fiber,electronic_check,True,3,53.63,3441.35,0,0
CUS004799,43,one_year,fiber,electronic_check,True,4,64.8,2787.9,0,0
CUS004800,24,month_to_month,dsl,bank_transfer,False,3,47.87,1137.38,1,1
CUS004801,25,month_to_month,dsl,bank_transfer,True,1,37.31,940.89,2,0
CUS004802,47,two_year,fiber,credit_card,True,5,69.2,3147.02,1,0
CUS004803,47,two_year,none,electronic_check,False,3,35.49,1627.91,1,0
CUS004804,39,one_year,fiber,electronic_check,False,2,52.85,2093.31,1,0
CUS004805,1,one_year,dsl,electronic_check,True,3,51.01,,2,0
CUS004806,42,two_year,dsl,bank_transfer,False,5,56.24,2409.68,0,0
CUS004807,48,month_to_month,none,bank_transfer,True,3,36.01,1676.63,1,0
CUS004808,62,month_to_month,fiber,bank_transfer,True,3,64.82,4069.28,0,0
CUS004809,24,month_to_month,dsl,electronic_check,False,1,44.09,1065.76,0,0
CUS004810,56,month_to_month,none,bank_transfer,True,1,25.59,1419.68,0,0
CUS004811,11,month_to_month,none,electronic_check,True,3,27.71,311.75,0,1
CUS004812,11,month_to_month,fiber,bank_transfer,True,3,59.68,622.54,0,0
CUS004813,60,one_year,none,bank_transfer,True,4,36.67,2149.64,0,0
CUS004814,51,two_year,fiber,mailed_check,True,4,66.26,3367.23,0,0
CUS004815,30,month_to_month,fiber,electronic_check,True,4,65.93,1850.69,0,0
CUS004816,58,month_to_month,fiber,mailed_check,True,4,67.72,3983.05,1,0
CUS004817,72,two_year,dsl,bank_transfer,True,0,29.29,2099.37,1,0
CUS004818,43,month_to_month,dsl,credit_card,True,4,52.68,2301.1,2,0
CUS004819,53,two_year,fiber,credit_card,True,0,48.43,2514.78,0,0
CUS004820,53,month_to_month,fiber,bank_transfer,False,2,52.49,2616.01,2,0
CUS004821,17,month_to_month,dsl,credit_card,True,6,58.08,1021.85,0,0
CUS004822,38,one_year,none,electronic_check,False,0,23.6,902.79,2,1
CUS004823,58,month_to_month,dsl,credit_card,False,5,60.01,3304.84,1,0
CUS004824,3,two_year,fiber,credit_card,False,3,67.28,192.31,0,1
CUS004825,26,month_to_month,dsl,electronic_check,False,4,46.23,1227.81,0,0
CUS004826,59,month_to_month,none,credit_card,True,5,38.71,2238.22,1,0
CUS004827,51,month_to_month,none,credit_card,False,1,27.7,1402.16,0,0
CUS004828,59,month_to_month,fiber,credit_card,False,3,58.07,3274.0,0,0
CUS004829,34,month_to_month,dsl,bank_transfer,True,3,46.86,1668.49,3,0
CUS004830,10,one_year,dsl,credit_card,False,3,39.75,409.43,0,0
CUS004831,63,one_year,fiber,mailed_check,False,3,55.06,3588.6,0,0
CUS004832,24,one_year,dsl,electronic_check,True,2,40.35,982.91,0,0
CUS004833,45,two_year,dsl,credit_card,True,5,50.15,2159.49,1,0
CUS004834,30,one_year,dsl,electronic_check,True,2,41.55,1218.36,1,0
CUS004835,38,two_year,dsl,credit_card,True,2,40.05,1518.67,1,0
CUS004836,64,two_year,dsl,electronic_check,False,2,38.25,2383.04,2,0
CUS004837,55,two_year,dsl,credit_card,False,0,31.3,1714.99,2,0
CUS004838,70,one_year,none,mailed_check,True,6,48.17,3254.56,0,0
CUS004839,55,two_year,dsl,electronic_check,False,0,32.05,1650.96,0,0
CUS004840,8,one_year,none,mailed_check,True,5,38.93,322.21,0,0
CUS004841,7,two_year,fiber,bank_transfer,True,1,53.21,374.46,0,0
CUS004842,16,one_year,dsl,electronic_check,False,5,56.61,920.76,0,0
CUS004843,57,month_to_month,dsl,mailed_check,False,3,46.02,2584.42,2,0
CUS004844,70,one_year,fiber,bank_transfer,True,0,41.28,2705.54,1,0
CUS004845,8,month_to_month,fiber,mailed_check,True,1,47.76,357.1,0,0
CUS004846,5,one_year,fiber,bank_transfer,True,5,76.1,363.47,0,1
CUS004847,58,month_to_month,fiber,mailed_check,False,1,47.66,2607.2,0,0
CUS004848,18,month_to_month,dsl,mailed_check,False,2,44.34,760.82,0,1
CUS004849,10,two_year,fiber,bank_transfer,False,5,77.39,728.9,1,0
CUS004850,19,two_year,none,credit_card,True,2,26.53,527.14,0,0
CUS004851,61,month_to_month,fiber,bank_transfer,True,5,81.88,5107.64,2,0
CUS004852,37,one_year,none,mailed_check,True,0,15.74,545.3,0,0
CUS004853,15,month_to_month,fiber,electronic_check,False,6,78.24,1162.71,0,0
CUS004854,43,month_to_month,dsl,mailed_check,False,2,32.52,1454.51,0,0
CUS004855,17,month_to_month,dsl,mailed_check,True,4,59.43,1030.4,1,0
CUS004856,25,two_year,fiber,bank_transfer,True,0,46.37,1210.61,0,0
CUS004857,10,month_to_month,dsl,electronic_check,True,0,31.46,324.53,1,1
CUS004858,47,one_year,none,mailed_check,True,6,38.48,1746.12,1,0
CUS004859,51,month_to_month,dsl,electronic_check,True,3,51.51,2733.81,0,0
CUS004860,71,month_to_month,fiber,electronic_check,True,3,61.38,4438.11,1,0
CUS004861,51,two_year,fiber,electronic_check,False,1,57.25,2892.3,0,0
CUS004862,9,two_year,none,electronic_check,False,3,30.94,267.07,0,0
CUS004863,42,one_year,none,bank_transfer,True,2,29.46,1196.66,0,0
CUS004864,7,month_to_month,dsl,mailed_check,True,1,41.86,302.93,0,1
CUS004865,64,month_to_month,fiber,bank_transfer,False,3,61.71,3884.13,1,0
CUS004866,38,month_to_month,fiber,electronic_check,True,6,77.6,3036.65,1,1
CUS004867,50,month_to_month,dsl,mailed_check,False,0,39.15,1930.14,1,0
CUS004868,22,two_year,fiber,credit_card,False,0,40.17,855.24,0,0
CUS004869,15,two_year,dsl,credit_card,True,1,36.45,568.81,2,0
CUS004870,70,month_to_month,dsl,electronic_check,False,3,51.58,3769.49,1,0
CUS004871,3,month_to_month,fiber,credit_card,True,3,56.36,163.19,1,1
CUS004872,71,two_year,dsl,bank_transfer,True,3,46.99,3399.08,1,0
CUS004873,57,one_year,fiber,mailed_check,True,0,52.61,3096.68,1,0
CUS004874,49,month_to_month,fiber,bank_transfer,True,5,69.87,3252.92,0,0
CUS004875,53,one_year,fiber,bank_transfer,False,2,54.32,2820.8,2,0
CUS004876,38,two_year,fiber,credit_card,True,4,65.07,2524.07,1,0
CUS004877,35,one_year,dsl,electronic_check,False,2,46.81,1654.1,0,0
CUS004878,42,one_year,dsl,electronic_check,True,1,39.42,1611.9,0,0
CUS004879,22,month_to_month,fiber,mailed_check,True,5,73.81,1578.24,0,0
CUS004880,12,month_to_month,dsl,mailed_check,True,4,52.74,597.32,2,1
CUS004881,28,month_to_month,dsl,bank_transfer,True,1,39.2,1056.56,0,0
CUS004882,58,month_to_month,dsl,credit_card,True,0,29.58,1606.39,0,0
CUS004883,48,month_to_month,fiber,electronic_check,True,1,50.94,2330.77,0,1
CUS004884,38,one_year,dsl,electronic_check,False,5,56.35,2123.01,0,0
CUS004885,2,month_to_month,fiber,electronic_check,False,5,67.12,140.55,1,1
CUS004886,38,one_year,dsl,electronic_check,False,3,42.89,1650.38,0,0
CUS004887,13,one_year,none,electronic_check,True,5,43.26,587.9,2,0
CUS004888,37,month_to_month,dsl,bank_transfer,False,3,55.79,1964.43,1,0
CUS004889,47,one_year,dsl,electronic_check,True,5,56.82,2745.77,0,0
CUS004890,60,two_year,fiber,electronic_check,True,1,49.45,2924.81,0,0
CUS004891,15,one_year,dsl,bank_transfer,True,5,58.06,850.5,2,0
CUS004892,9,month_to_month,fiber,bank_transfer,True,6,78.04,704.04,2,1
CUS004893,40,two_year,fiber,mailed_check,False,6,85.89,3322.08,0,0
CUS004894,71,month_to_month,dsl,mailed_check,False,3,45.92,3313.27,2,0
CUS004895,34,month_to_month,fiber,bank_transfer,True,6,78.28,2679.23,0,0
CUS004896,46,month_to_month,dsl,electronic_check,True,4,53.18,2389.5,1,1
CUS004897,40,one_year,fiber,mailed_check,False,2,58.38,2289.9,2,0
CUS004898,65,one_year,none,mailed_check,True,5,45.52,3099.15,0,0
CUS004899,7,two_year,fiber,bank_transfer,False,4,63.22,435.58,1,0
CUS004900,63,month_to_month,fiber,electronic_check,False,2,57.51,3617.13,0,0
CUS004901,14,month_to_month,fiber,mailed_check,True,2,55.6,776.79,1,0
CUS004902,1,month_to_month,fiber,electronic_check,True,1,49.27,,1,0
CUS004903,5,month_to_month,dsl,electronic_check,True,1,25.93,131.82,4,1
CUS004904,41,month_to_month,fiber,electronic_check,True,4,63.9,2578.57,0,0
CUS004905,31,month_to_month,fiber,bank_transfer,False,0,48.89,1580.49,1,0
CUS004906,42,month_to_month,fiber,electronic_check,False,3,60.41,2426.38,3,0
CUS004907,47,one_year,none,bank_transfer,False,2,28.08,1373.46,0,0
CUS004908,5,two_year,none,bank_transfer,True,6,49.23,229.05,1,0
CUS004909,39,month_to_month,fiber,bank_transfer,True,0,48.44,1940.35,1,0
CUS004910,58,month_to_month,dsl,electronic_check,False,1,39.74,2256.49,0,1
CUS004911,4,month_to_month,dsl,electronic_check,True,3,48.39,200.77,1,1
CUS004912,64,month_to_month,dsl,bank_transfer,False,4,47.58,2971.49,0,0
CUS004913,31,two_year,fiber,credit_card,True,5,67.77,2040.06,0,0
CUS004914,54,month_to_month,fiber,bank_transfer,False,1,59.62,3293.93,0,0
CUS004915,72,two_year,none,mailed_check,True,0,19.87,1364.71,2,0
CUS004916,18,two_year,fiber,bank_transfer,False,0,46.55,821.86,0,0
CUS004917,28,month_to_month,fiber,mailed_check,True,3,58.51,1554.08,0,1
CUS004918,66,one_year,fiber,bank_transfer,False,6,71.92,4928.14,0,0
CUS004919,34,two_year,dsl,mailed_check,True,6,57.07,2029.47,0,0
CUS004920,29,month_to_month,fiber,mailed_check,False,6,77.04,2219.87,1,1
CUS004921,70,two_year,dsl,electronic_check,False,2,42.99,2903.31,0,0
CUS004922,52,two_year,fiber,bank_transfer,False,1,53.82,2634.89,1,0
CUS004923,34,month_to_month,fiber,electronic_check,False,6,82.08,2671.17,0,0
CUS004924,38,one_year,dsl,electronic_check,True,5,59.95,2171.7,0,0
CUS004925,47,month_to_month,dsl,credit_card,False,6,67.88,3057.22,1,0
CUS004926,20,two_year,dsl,electronic_check,False,2,41.87,859.22,0,0
CUS004927,72,month_to_month,dsl,electronic_check,True,5,57.11,4025.86,1,0
CUS004928,67,month_to_month,fiber,electronic_check,True,2,57.55,3977.71,0,0
CUS004929,55,one_year,dsl,mailed_check,False,6,62.47,3598.51,1,0
CUS004930,55,month_to_month,fiber,electronic_check,True,1,51.07,2790.84,1,0
CUS004931,67,two_year,fiber,bank_transfer,True,1,49.31,3315.73,0,0
CUS004932,68,one_year,fiber,mailed_check,True,6,70.33,4960.13,2,0
CUS004933,38,month_to_month,fiber,electronic_check,False,5,71.38,2640.84,0,0
CUS004934,50,two_year,dsl,credit_card,False,4,49.67,2462.61,0,0
CUS004935,3,two_year,dsl,bank_transfer,False,3,46.66,132.54,0,0
CUS004936,65,month_to_month,none,credit_card,True,6,57.44,3876.34,1,0
CUS004937,63,month_to_month,dsl,bank_transfer,True,5,59.39,3670.9,2,0
CUS004938,62,one_year,none,electronic_check,False,4,33.26,2120.0,0,0
CUS004939,6,month_to_month,dsl,bank_transfer,False,0,38.12,236.65,0,0
CUS004940,33,month_to_month,dsl,credit_card,True,3,40.49,1261.83,1,0
CUS004941,25,month_to_month,fiber,mailed_check,True,4,59.16,1432.53,2,1
CUS004942,8,month_to_month,fiber,credit_card,True,3,67.11,555.34,0,1
CUS004943,36,month_to_month,dsl,mailed_check,True,3,47.33,1785.99,0,0
CUS004944,53,one_year,fiber,electronic_check,False,4,59.53,3066.63,0,0
CUS004945,22,two_year,none,mailed_check,False,5,44.07,979.52,0,0
CUS004946,48,month_to_month,none,credit_card,False,3,39.0,1773.36,0,0
CUS004947,59,two_year,dsl,credit_card,True,1,39.11,2332.0,2,0
CUS004948,24,one_year,fiber,electronic_check,False,6,73.64,1665.38,0,0
CUS004949,20,month_to_month,fiber,electronic_check,True,4,66.09,1256.55,0,1
CUS004950,30,month_to_month,dsl,bank_transfer,True,4,53.64,1523.6,0,0
CUS004951,12,month_to_month,none,electronic_check,True,0,18.54,208.73,0,0
CUS004952,70,month_to_month,dsl,electronic_check,True,6,60.37,4059.75,1,0
CUS004953,64,month_to_month,fiber,electronic_check,True,6,73.84,4468.37,1,0
CUS004954,15,month_to_month,fiber,electronic_check,True,1,58.85,844.58,0,1
CUS004955,51,two_year,none,bank_transfer,True,5,47.83,2307.79,1,0
CUS004956,36,month_to_month,dsl,mailed_check,False,2,42.74,1585.09,0,0
CUS004957,6,one_year,dsl,mailed_check,True,2,46.24,279.66,1,0
CUS004958,58,two_year,fiber,credit_card,False,1,54.43,2959.0,0,0
CUS004959,14,month_to_month,dsl,electronic_check,False,3,46.73,672.23,2,1
CUS004960,64,one_year,fiber,mailed_check,True,1,51.8,3344.35,2,1
CUS004961,49,month_to_month,dsl,electronic_check,True,6,57.8,2750.88,0,0
CUS004962,37,month_to_month,dsl,electronic_check,True,6,66.26,2501.73,2,0
CUS004963,17,two_year,none,credit_card,True,4,43.89,760.76,0,0
CUS004964,72,two_year,dsl,electronic_check,True,0,28.8,2008.17,1,0
CUS004965,5,two_year,fiber,mailed_check,True,1,44.89,221.5,0,0
CUS004966,36,month_to_month,dsl,electronic_check,False,5,56.66,1993.5,0,0
CUS004967,42,month_to_month,fiber,electronic_check,True,6,75.9,3252.62,2,1
CUS004968,33,one_year,fiber,electronic_check,True,2,63.73,2160.7,1,1
CUS004969,72,month_to_month,dsl,electronic_check,True,1,43.62,3082.0,1,0
CUS004970,62,month_to_month,fiber,electronic_check,True,6,87.5,5194.26,0,0
CUS004971,51,two_year,none,bank_transfer,False,0,22.37,1088.07,0,0
CUS004972,65,month_to_month,none,bank_transfer,True,2,21.99,1346.13,3,0
CUS004973,33,two_year,fiber,mailed_check,False,0,48.89,1592.43,1,0
CUS004974,35,one_year,fiber,mailed_check,True,5,75.3,2677.27,3,0
CUS004975,64,one_year,fiber,bank_transfer,True,2,54.23,3448.57,0,0
CUS004976,31,month_to_month,fiber,electronic_check,True,3,66.77,2086.9,0,1
CUS004977,48,one_year,fiber,credit_card,False,6,82.57,3907.12,1,0
CUS004978,38,month_to_month,fiber,mailed_check,True,2,59.53,2121.94,0,0
CUS004979,10,one_year,fiber,electronic_check,True,4,71.56,675.53,0,0
CUS004980,38,month_to_month,dsl,bank_transfer,False,5,54.25,1936.26,1,0
CUS004981,62,two_year,none,credit_card,False,4,35.47,2280.83,2,0
CUS004982,27,month_to_month,dsl,mailed_check,True,4,54.22,1448.8,2,0
CUS004983,29,two_year,fiber,mailed_check,False,3,64.89,1811.23,1,0
CUS004984,70,two_year,fiber,bank_transfer,False,6,78.39,5374.35,0,0
CUS004985,46,one_year,fiber,mailed_check,False,6,75.56,3438.43,1,0
CUS004986,67,month_to_month,none,electronic_check,True,4,41.27,2808.31,0,0
CUS004987,41,two_year,fiber,bank_transfer,True,5,66.27,2828.39,1,0
CUS004988,21,month_to_month,none,bank_transfer,True,5,47.01,968.73,1,0
CUS004989,57,one_year,dsl,credit_card,False,0,37.02,2085.96,0,0
CUS004990,8,month_to_month,fiber,mailed_check,True,3,58.45,436.95,0,1
CUS004991,26,month_to_month,none,bank_transfer,True,5,44.68,1114.1,1,0
CUS004992,22,one_year,dsl,credit_card,True,2,50.64,1164.46,1,0
CUS004993,50,one_year,none,bank_transfer,True,3,27.7,1407.24,0,0
CUS004994,33,month_to_month,fiber,mailed_check,True,3,54.15,1789.25,0,0
CUS004995,4,month_to_month,fiber,bank_transfer,True,6,82.2,316.68,0,0
CUS004996,58,two_year,dsl,electronic_check,False,5,61.95,3440.5,1,0
CUS004997,14,one_year,fiber,electronic_check,True,3,59.56,820.04,2,1
CUS004998,2,month_to_month,fiber,electronic_check,True,2,56.95,115.41,1,1
CUS004999,25,month_to_month,dsl,credit_card,True,3,38.31,897.62,0,0
CUS005000,65,one_year,dsl,electronic_check,False,3,51.66,3338.27,0,0
CUS005001,63,one_year,none,bank_transfer,True,5,45.1,2888.84,1,0
CUS005002,17,one_year,fiber,bank_transfer,True,4,63.03,1041.58,0,0
CUS005003,1,one_year,dsl,bank_transfer,False,5,58.65,,2,0
CUS005004,8,month_to_month,fiber,mailed_check,True,4,59.44,461.65,0,1
CUS005005,34,one_year,dsl,bank_transfer,True,5,57.82,1950.14,3,0
CUS005006,32,month_to_month,fiber,credit_card,False,5,73.96,2388.13,1,0
CUS005007,66,one_year,fiber,electronic_check,False,2,56.58,3820.02,0,0
CUS005008,48,month_to_month,fiber,electronic_check,False,1,47.21,2184.71,2,1
CUS005009,19,two_year,none,electronic_check,True,2,38.91,733.3,2,0
CUS005010,12,one_year,none,electronic_check,False,1,24.65,301.51,1,0
CUS005011,14,month_to_month,none,credit_card,True,3,36.89,506.02,0,1
CUS005012,19,one_year,fiber,bank_transfer,False,2,55.37,1045.16,0,0
CUS005013,47,month_to_month,dsl,electronic_check,False,3,59.86,2710.55,1,1
CUS005014,38,month_to_month,fiber,credit_card,True,3,58.46,2201.06,0,0
CUS005015,57,month_to_month,fiber,mailed_check,True,5,70.69,3807.14,1,0
CUS005016,4,month_to_month,none,mailed_check,True,5,41.4,167.09,3,0
CUS005017,51,two_year,fiber,electronic_check,False,4,65.68,3374.7,0,0
CUS005018,20,month_to_month,dsl,credit_card,True,1,37.05,744.96,1,0
CUS005019,16,month_to_month,fiber,bank_transfer,True,6,78.27,1283.65,0,0
CUS005020,4,one_year,none,electronic_check,False,1,30.72,120.01,0,0
CUS005021,41,month_to_month,none,bank_transfer,False,2,30.63,1315.15,1,0
CUS005022,56,month_to_month,none,electronic_check,True,2,28.84,1630.15,1,0
CUS005023,50,month_to_month,fiber,credit_card,True,1,41.67,2064.88,1,0
CUS005024,4,two_year,fiber,mailed_check,False,4,72.96,280.23,0,0
CUS005025,15,two_year,dsl,mailed_check,True,0,26.16,379.84,1,0
CUS005026,65,two_year,none,bank_transfer,False,6,47.15,3191.13,1,0
CUS005027,11,month_to_month,fiber,credit_card,True,6,80.19,901.42,0,1
CUS005028,61,two_year,fiber,bank_transfer,True,6,83.31,4906.16,3,0
CUS005029,27,one_year,none,mailed_check,True,2,29.47,811.99,1,0
CUS005030,16,month_to_month,none,bank_transfer,True,1,24.82,375.82,1,1
CUS005031,18,month_to_month,fiber,credit_card,True,4,65.67,1223.74,1,0
CUS005032,3,one_year,fiber,mailed_check,True,4,74.02,219.4,0,1
CUS005033,39,month_to_month,dsl,credit_card,True,0,35.35,1282.36,0,0
CUS005034,21,one_year,fiber,bank_transfer,True,2,50.79,1117.78,0,0
CUS005035,3,month_to_month,dsl,electronic_check,False,4,59.15,173.11,0,0
CUS005036,7,month_to_month,none,credit_card,True,6,50.28,351.18,1,1
CUS005037,52,month_to_month,none,bank_transfer,False,6,48.62,2391.94,0,0
CUS005038,1,month_to_month,dsl,electronic_check,True,5,55.49,,1,1
CUS005039,11,one_year,dsl,credit_card,True,1,37.38,403.26,0,0
CUS005040,7,month_to_month,fiber,bank_transfer,False,2,57.16,404.28,2,1
CUS005041,46,month_to_month,fiber,bank_transfer,False,5,72.49,3440.87,0,0
CUS005042,70,two_year,dsl,bank_transfer,False,6,64.15,4377.14,0,0
CUS005043,6,month_to_month,dsl,bank_transfer,False,1,27.71,156.6,0,0
CUS005044,5,month_to_month,fiber,electronic_check,True,3,53.6,255.65,1,1
CUS005045,72,month_to_month,fiber,credit_card,True,3,67.9,4588.66,1,0
CUS005046,27,one_year,dsl,bank_transfer,False,6,67.9,1710.97,0,0
CUS005047,18,month_to_month,dsl,electronic_check,True,0,35.57,665.63,1,0
CUS005048,53,two_year,dsl,electronic_check,False,0,33.17,1673.12,0,0
CUS005049,27,one_year,fiber,bank_transfer,True,5,70.45,1831.52,1,0
CUS005050,70,one_year,none,bank_transfer,True,0,17.33,1230.72,1,0
CUS005051,16,month_to_month,fiber,credit_card,True,4,56.28,855.36,0,1
CUS005052,32,two_year,fiber,electronic_check,False,1,52.78,1712.52,0,0
CUS005053,49,two_year,dsl,bank_transfer,False,4,48.13,2341.84,0,0
CUS005054,54,one_year,fiber,credit_card,False,2,58.53,3208.63,1,0
CUS005055,66,month_to_month,fiber,bank_transfer,True,0,40.55,2587.67,0,0
CUS005056,18,month_to_month,dsl,electronic_check,True,3,43.81,774.66,1,0
CUS005057,5,two_year,dsl,mailed_check,True,1,40.68,198.52,0,0
CUS005058,33,month_to_month,dsl,credit_card,False,2,42.88,1483.1,0,0
CUS005059,27,two_year,fiber,mailed_check,True,1,51.89,1380.13,0,0
CUS005060,22,one_year,fiber,electronic_check,False,6,78.14,1797.08,0,0
CUS005061,14,month_to_month,none,bank_transfer,False,6,41.45,564.77,0,0
CUS005062,3,two_year,none,credit_card,False,5,54.3,162.81,2,0
CUS005063,53,month_to_month,fiber,mailed_check,True,0,43.47,2193.35,0,0
CUS005064,20,two_year,dsl,electronic_check,True,3,51.5,960.55,2,0
CUS005065,39,one_year,fiber,mailed_check,True,0,42.35,1639.9,0,0
CUS005066,39,month_to_month,fiber,credit_card,True,3,66.68,2491.54,0,0
CUS005067,63,month_to_month,dsl,electronic_check,True,4,57.91,3563.5,1,0
CUS005068,19,month_to_month,dsl,mailed_check,False,3,48.81,881.06,1,0
CUS005069,53,month_to_month,fiber,bank_transfer,True,2,57.9,3153.08,2,0
CUS005070,72,month_to_month,fiber,mailed_check,True,2,51.21,3529.72,2,0
CUS005071,59,one_year,fiber,mailed_check,True,2,60.14,3391.38,1,0
CUS005072,9,two_year,dsl,electronic_check,True,0,42.78,374.23,1,0
CUS005073,34,month_to_month,fiber,credit_card,True,0,44.47,1468.77,1,0
CUS005074,1,month_to_month,fiber,electronic_check,True,4,63.14,,0,1
CUS005075,5,two_year,fiber,electronic_check,False,0,51.95,242.81,2,1
CUS005076,28,two_year,none,credit_card,True,4,37.39,1069.37,3,0
CUS005077,35,one_year,fiber,electronic_check,True,5,69.09,2310.95,0,0
CUS005078,28,two_year,dsl,electronic_check,False,4,53.73,1533.32,2,0
CUS005079,63,month_to_month,dsl,bank_transfer,True,2,39.04,2329.93,0,0
CUS005080,62,one_year,fiber,mailed_check,True,6,77.33,4962.71,3,0
CUS005081,27,month_to_month,fiber,bank_transfer,False,5,75.09,1968.27,0,0
CUS005082,41,month_to_month,fiber,bank_transfer,True,6,77.97,3241.12,1,1
CUS005083,16,month_to_month,none,electronic_check,True,2,32.61,501.97,1,1
CUS005084,13,month_to_month,fiber,credit_card,True,3,55.43,744.15,0,1
CUS005085,37,two_year,fiber,credit_card,True,4,64.54,2367.65,0,0
CUS005086,28,two_year,dsl,electronic_check,True,2,41.25,1168.83,1,0
CUS005087,40,one_year,dsl,credit_card,True,4,45.61,1806.21,0,0
CUS005088,23,one_year,fiber,credit_card,True,0,44.33,961.21,2,0
CUS005089,49,month_to_month,fiber,mailed_check,True,3,59.84,2799.78,2,1
CUS005090,20,month_to_month,fiber,bank_transfer,True,0,43.39,837.71,1,1
CUS005091,64,month_to_month,fiber,electronic_check,True,5,68.18,4317.36,0,0
CUS005092,51,one_year,none,electronic_check,True,3,31.76,1676.58,0,0
CUS005093,55,month_to_month,fiber,credit_card,False,1,45.3,2323.75,0,0
CUS005094,16,month_to_month,dsl,credit_card,True,3,50.45,817.12,1,0
CUS005095,34,one_year,dsl,credit_card,True,5,58.86,1886.55,1,0
CUS005096,16,one_year,dsl,bank_transfer,True,0,29.49,446.02,1,1
CUS005097,2,month_to_month,fiber,credit_card,True,6,72.83,144.24,1,1
CUS005098,19,month_to_month,fiber,bank_transfer,False,2,58.96,1159.97,1,0
CUS005099,34,one_year,fiber,credit_card,True,2,56.47,1945.49,2,0
CUS005100,63,one_year,dsl,electronic_check,True,0,29.98,1888.92,0,0
CUS005101,15,month_to_month,dsl,bank_transfer,False,1,34.92,524.89,2,1
CUS005102,56,one_year,dsl,electronic_check,True,2,37.88,2161.29,1,0
CUS005103,47,one_year,none,credit_card,True,6,57.69,2594.68,2,0
CUS005104,33,month_to_month,dsl,electronic_check,True,6,56.43,1743.4,1,1
CUS005105,27,two_year,dsl,credit_card,True,4,53.09,1379.64,1,0
CUS005106,71,month_to_month,dsl,electronic_check,True,0,32.24,2139.39,1,0
CUS005107,72,month_to_month,fiber,credit_card,True,3,64.27,4520.35,1,0
CUS005108,65,month_to_month,dsl,credit_card,True,2,33.77,2264.4,0,0
CUS005109,59,month_to_month,fiber,electronic_check,True,6,77.5,4798.07,0,1
CUS005110,43,two_year,dsl,mailed_check,True,1,44.88,1980.57,1,0
CUS005111,4,month_to_month,fiber,mailed_check,True,4,62.24,247.6,3,0
CUS005112,72,month_to_month,none,bank_transfer,False,6,53.89,4069.18,1,0
CUS005113,52,two_year,fiber,electronic_check,False,3,63.54,3193.59,0,0
CUS005114,2,month_to_month,dsl,electronic_check,True,1,37.17,73.84,0,1
CUS005115,63,month_to_month,dsl,credit_card,False,6,64.21,3997.78,0,0
CUS005116,46,month_to_month,dsl,bank_transfer,False,5,57.0,2584.79,0,0
CUS005117,42,one_year,dsl,mailed_check,True,5,55.8,2217.25,1,0
CUS005118,47,two_year,fiber,electronic_check,True,3,61.1,2919.4,1,0
CUS005119,13,month_to_month,dsl,mailed_check,False,4,52.12,633.22,0,0
CUS005120,14,one_year,dsl,electronic_check,True,1,37.4,527.51,0,0
CUS005121,5,one_year,fiber,electronic_check,True,1,46.41,232.18,2,1
CUS005122,19,month_to_month,dsl,mailed_check,True,3,51.9,964.59,1,0
CUS005123,72,two_year,dsl,electronic_check,False,2,46.16,3244.89,1,0
CUS005124,26,one_year,dsl,electronic_check,True,2,40.09,1000.03,0,0
CUS005125,21,month_to_month,dsl,bank_transfer,True,1,35.63,732.42,0,0
CUS005126,66,month_to_month,fiber,credit_card,True,4,64.21,4195.06,1,0
CUS005127,69,two_year,fiber,electronic_check,True,4,63.58,4382.56,1,0
CUS005128,39,one_year,fiber,credit_card,True,5,84.54,3167.38,1,0
CUS005129,16,month_to_month,dsl,bank_transfer,True,0,33.49,535.87,0,0
CUS005130,60,one_year,dsl,bank_transfer,False,1,37.21,2212.48,1,1
CUS005131,13,one_year,dsl,bank_transfer,False,3,45.8,572.14,0,0
CUS005132,48,month_to_month,fiber,electronic_check,False,6,75.59,3574.47,1,0
CUS005133,28,one_year,dsl,mailed_check,False,5,61.31,1629.04,1,0
CUS005134,46,month_to_month,fiber,electronic_check,True,0,37.44,1735.95,3,0
CUS005135,13,month_to_month,dsl,credit_card,True,6,67.98,825.47,1,0
CUS005136,69,two_year,fiber,electronic_check,True,0,50.32,3350.85,1,0
CUS005137,26,month_to_month,none,electronic_check,False,3,34.82,895.23,2,1
CUS005138,41,month_to_month,none,mailed_check,False,2,31.96,1286.7,1,0
CUS005139,43,month_to_month,fiber,credit_card,True,4,61.21,2478.36,1,0
CUS005140,56,month_to_month,fiber,credit_card,True,3,59.33,3145.03,0,0
CUS005141,15,month_to_month,dsl,electronic_check,False,1,38.04,578.34,0,1
CUS005142,38,month_to_month,none,electronic_check,True,3,42.81,1589.05,1,0
CUS005143,52,two_year,dsl,credit_card,True,6,62.94,3137.3,1,0
CUS005144,28,one_year,fiber,mailed_check,True,2,48.57,1267.33,0,0
CUS005145,24,two_year,fiber,bank_transfer,True,0,44.54,1056.12,0,0
CUS005146,54,one_year,fiber,electronic_check,False,5,73.81,3833.45,3,0
CUS005147,7,month_to_month,dsl,credit_card,False,4,48.31,324.93,0,0
CUS005148,42,month_to_month,dsl,mailed_check,True,1,41.43,1789.49,0,0
CUS005149,25,month_to_month,dsl,bank_transfer,True,2,47.43,1242.73,2,1
CUS005150,14,two_year,fiber,bank_transfer,False,0,44.34,622.44,0,0
CUS005151,28,two_year,fiber,bank_transfer,False,4,70.43,1858.02,0,0
CUS005152,56,month_to_month,fiber,electronic_check,True,0,48.74,2597.05,1,0
CUS005153,41,one_year,fiber,bank_transfer,True,6,81.94,3262.86,1,0
CUS005154,21,month_to_month,none,mailed_check,False,0,25.87,552.59,1,1
CUS005155,70,one_year,fiber,bank_transfer,True,6,72.6,4732.73,1,0
CUS005156,1,month_to_month,none,bank_transfer,False,3,35.93,,1,1
CUS005157,28,one_year,fiber,credit_card,True,1,41.93,1156.3,0,0
CUS005158,45,two_year,none,mailed_check,True,0,23.6,992.06,1,0
CUS005159,30,two_year,dsl,credit_card,True,1,36.21,1047.66,1,0
CUS005160,44,month_to_month,none,electronic_check,True,6,42.29,1890.61,0,0
CUS005161,30,month_to_month,fiber,credit_card,False,0,46.83,1464.03,1,0
CUS005162,15,month_to_month,dsl,mailed_check,False,0,31.03,434.19,0,1
CUS005163,42,month_to_month,fiber,electronic_check,True,6,78.63,3442.35,1,0
CUS005164,48,month_to_month,fiber,mailed_check,True,6,77.83,3618.59,1,0
CUS005165,37,one_year,fiber,electronic_check,False,2,54.29,1918.64,1,0
CUS005166,45,two_year,fiber,bank_transfer,True,6,69.1,3261.66,1,0
CUS005167,46,one_year,fiber,bank_transfer,True,3,58.7,2570.07,0,0
CUS005168,62,month_to_month,fiber,electronic_check,False,0,42.38,2594.91,1,0
CUS005169,69,month_to_month,fiber,mailed_check,True,2,65.31,4624.91,1,1
CUS005170,37,month_to_month,fiber,mailed_check,True,2,54.29,1910.71,1,0
CUS005171,27,month_to_month,fiber,credit_card,True,5,72.44,1920.58,0,0
CUS005172,47,month_to_month,none,bank_transfer,False,4,41.41,1868.31,2,0
CUS005173,33,month_to_month,dsl,credit_card,False,5,51.83,1694.28,0,0
CUS005174,5,month_to_month,dsl,electronic_check,True,4,53.72,281.15,1,1
CUS005175,56,one_year,fiber,mailed_check,False,0,48.15,2751.28,0,0
CUS005176,24,one_year,fiber,bank_transfer,True,1,43.07,1038.35,0,0
CUS005177,40,month_to_month,dsl,electronic_check,False,0,31.62,1200.5,1,0
CUS005178,47,month_to_month,fiber,credit_card,False,2,63.51,3085.03,2,0
CUS005179,57,one_year,dsl,electronic_check,True,2,38.63,2151.45,1,0
CUS005180,23,month_to_month,fiber,mailed_check,False,4,64.25,1467.71,0,0
CUS005181,28,month_to_month,none,mailed_check,True,2,30.24,813.65,2,1
CUS005182,30,month_to_month,fiber,electronic_check,True,2,58.01,1811.68,1,1
CUS005183,51,month_to_month,none,bank_transfer,False,2,32.6,1619.12,1,0
CUS005184,9,two_year,none,electronic_check,True,6,47.34,405.76,0,0
CUS005185,60,month_to_month,dsl,bank_transfer,True,1,27.12,1629.72,1,0
CUS005186,7,two_year,fiber,credit_card,True,2,55.61,396.22,0,0
CUS005187,19,month_to_month,fiber,bank_transfer,False,1,55.0,1015.13,0,0
CUS005188,7,two_year,none,mailed_check,True,0,14.08,100.08,0,0
CUS005189,43,month_to_month,fiber,electronic_check,False,2,55.32,2270.82,0,0
CUS005190,29,month_to_month,dsl,credit_card,False,1,33.83,979.99,0,1
CUS005191,49,one_year,none,electronic_check,True,1,20.83,983.94,2,0
CUS005192,1,one_year,fiber,credit_card,True,6,71.82,,0,1
CUS005193,32,one_year,dsl,mailed_check,False,0,31.35,969.9,1,0
CUS005194,64,month_to_month,none,credit_card,False,2,27.48,1752.08,0,0
CUS005195,39,month_to_month,dsl,electronic_check,False,0,33.69,1247.18,0,0
CUS005196,60,two_year,dsl,mailed_check,False,5,58.55,3600.15,1,0
CUS005197,24,month_to_month,fiber,credit_card,True,4,68.13,1556.69,1,0
CUS005198,35,month_to_month,dsl,electronic_check,True,4,49.57,1691.85,1,0
CUS005199,24,month_to_month,fiber,bank_transfer,True,4,51.53,1169.59,2,1
CUS005200,4,one_year,fiber,mailed_check,True,3,66.33,268.16,1,1
CUS005201,69,two_year,dsl,electronic_check,True,1,35.99,2406.22,0,0
CUS005202,13,month_to_month,fiber,electronic_check,False,2,55.7,711.07,1,1
CUS005203,16,month_to_month,fiber,credit_card,True,3,59.42,945.2,0,1
CUS005204,12,one_year,dsl,electronic_check,True,5,66.05,776.65,0,0
CUS005205,4,month_to_month,fiber,bank_transfer,False,3,55.1,221.0,0,0
CUS005206,4,month_to_month,none,mailed_check,False,0,16.74,69.8,0,0
CUS005207,47,month_to_month,dsl,credit_card,True,3,47.91,2286.3,1,0
CUS005208,40,month_to_month,fiber,credit_card,True,1,54.74,2054.95,0,0
CUS005209,71,month_to_month,dsl,electronic_check,True,3,49.9,3531.31,2,0
CUS005210,61,two_year,fiber,credit_card,True,0,46.52,2771.45,1,0
CUS005211,57,month_to_month,fiber,electronic_check,True,4,71.72,4236.01,0,0
CUS005212,35,month_to_month,fiber,electronic_check,True,0,38.69,1274.1,2,1
CUS005213,17,two_year,dsl,mailed_check,True,6,67.34,1099.36,1,0
CUS005214,4,one_year,none,credit_card,False,0,26.43,101.61,1,0
CUS005215,37,two_year,dsl,electronic_check,False,0,32.53,1207.41,0,0
CUS005216,69,month_to_month,fiber,bank_transfer,True,3,64.91,4207.06,0,0
CUS005217,72,month_to_month,dsl,mailed_check,True,2,50.38,3742.51,0,0
CUS005218,62,two_year,fiber,electronic_check,False,0,48.95,3158.45,1,0
CUS005219,21,two_year,fiber,credit_card,False,5,76.94,1690.63,1,0
CUS005220,62,two_year,dsl,electronic_check,False,0,33.3,2157.72,0,0
CUS005221,10,month_to_month,fiber,mailed_check,True,1,55.07,569.45,0,1
CUS005222,55,month_to_month,fiber,electronic_check,False,4,73.37,4011.54,1,0
CUS005223,23,two_year,none,bank_transfer,True,5,49.72,1144.52,1,0
CUS005224,26,two_year,none,bank_transfer,True,2,29.73,792.8,0,0
CUS005225,28,two_year,dsl,bank_transfer,True,4,51.56,1446.34,1,0
CUS005226,52,one_year,dsl,mailed_check,True,0,32.92,1656.83,0,0
CUS005227,53,month_to_month,dsl,mailed_check,True,2,40.93,2228.91,0,0
CUS005228,54,two_year,fiber,electronic_check,False,2,49.3,2664.94,1,0
CUS005229,9,two_year,fiber,electronic_check,False,2,64.97,565.64,0,0
CUS005230,70,month_to_month,fiber,bank_transfer,True,6,75.93,4971.81,2,0
CUS005231,33,one_year,dsl,electronic_check,True,3,51.61,1654.4,0,0
CUS005232,13,month_to_month,fiber,mailed_check,False,3,65.23,834.1,1,1
CUS005233,11,month_to_month,fiber,mailed_check,False,5,70.33,810.36,0,0
CUS005234,47,month_to_month,dsl,electronic_check,True,4,51.3,2318.5,0,0
CUS005235,7,two_year,dsl,credit_card,False,2,43.8,289.94,1,0
CUS005236,25,month_to_month,dsl,bank_transfer,True,6,62.88,1599.37,1,0
CUS005237,9,month_to_month,dsl,bank_transfer,True,4,55.22,467.76,0,0
CUS005238,44,month_to_month,none,bank_transfer,False,3,31.31,1292.22,0,0
CUS005239,60,month_to_month,fiber,electronic_check,True,6,80.23,4724.13,0,0
CUS005240,26,month_to_month,none,bank_transfer,False,2,19.45,530.46,0,1
CUS005241,49,month_to_month,fiber,mailed_check,True,3,57.34,2943.96,1,0
CUS005242,50,month_to_month,fiber,bank_transfer,False,0,40.15,1924.44,0,0
CUS005243,41,month_to_month,none,bank_transfer,True,2,27.73,1188.71,0,0
CUS005244,49,month_to_month,dsl,bank_transfer,True,6,61.06,3083.43,0,0
CUS005245,13,month_to_month,fiber,mailed_check,True,1,53.95,721.44,0,1
CUS005246,34,month_to_month,dsl,credit_card,True,5,52.27,1777.8,0,0
CUS005247,25,month_to_month,fiber,electronic_check,True,3,61.87,1508.19,0,0
CUS005248,20,month_to_month,fiber,bank_transfer,True,1,45.61,932.17,2,0
CUS005249,71,one_year,fiber,mailed_check,True,2,56.55,4104.19,0,0
CUS005250,19,month_to_month,none,mailed_check,True,5,47.22,924.18,1,1
CUS005251,63,one_year,fiber,mailed_check,True,4,66.48,4358.62,2,0
CUS005252,53,one_year,fiber,mailed_check,False,0,40.28,2119.62,1,0
CUS005253,30,one_year,fiber,credit_card,True,6,76.71,2287.73,0,0
CUS005254,46,month_to_month,none,credit_card,False,1,31.26,1496.68,1,0
CUS005255,6,month_to_month,fiber,electronic_check,True,2,52.95,331.69,1,1
CUS005256,14,two_year,fiber,electronic_check,False,5,70.95,1007.61,1,0
CUS005257,1,month_to_month,dsl,credit_card,True,3,52.01,,3,1
CUS005258,44,month_to_month,dsl,electronic_check,False,4,56.0,2507.48,0,0
CUS005259,10,two_year,fiber,bank_transfer,True,0,37.88,392.14,3,0
CUS005260,5,two_year,none,bank_transfer,False,1,26.2,131.69,0,0
CUS005261,72,one_year,fiber,bank_transfer,False,6,76.85,5458.68,0,0
CUS005262,40,one_year,none,electronic_check,True,4,41.09,1677.89,0,0
CUS005263,28,month_to_month,none,electronic_check,True,4,44.13,1196.74,0,0
CUS005264,11,month_to_month,fiber,bank_transfer,False,1,51.54,569.58,0,0
CUS005265,8,month_to_month,dsl,credit_card,False,5,59.59,470.98,0,1
CUS005266,52,month_to_month,dsl,mailed_check,False,1,39.15,2035.19,1,0
CUS005267,4,month_to_month,dsl,electronic_check,False,2,30.12,113.51,1,0
CUS005268,44,one_year,fiber,electronic_check,True,6,83.68,3495.32,1,0
CUS005269,6,two_year,fiber,electronic_check,True,1,58.27,336.88,2,0
CUS005270,42,two_year,dsl,mailed_check,True,3,43.67,1784.9,1,0
CUS005271,23,one_year,dsl,electronic_check,True,1,39.94,869.07,1,0
CUS005272,58,month_to_month,fiber,mailed_check,True,3,64.62,3534.45,0,0
CUS005273,45,one_year,fiber,credit_card,True,0,46.03,2106.62,1,0
CUS005274,3,month_to_month,fiber,electronic_check,False,1,50.5,156.75,2,1
CUS005275,36,month_to_month,fiber,credit_card,False,6,83.01,2976.3,0,0
CUS005276,68,month_to_month,fiber,credit_card,False,2,52.91,3389.35,0,0
CUS005277,55,month_to_month,fiber,bank_transfer,False,5,69.58,3911.63,1,0
CUS005278,54,month_to_month,dsl,credit_card,True,3,45.37,2392.47,0,0
CUS005279,25,two_year,dsl,mailed_check,True,1,34.64,805.77,0,0
CUS005280,61,one_year,dsl,bank_transfer,True,1,34.12,2025.67,0,0
CUS005281,2,two_year,dsl,bank_transfer,False,6,69.12,144.76,4,0
CUS005282,12,one_year,none,bank_transfer,False,3,32.94,396.48,1,0
CUS005283,5,month_to_month,none,mailed_check,True,3,31.48,147.02,1,0
CUS005284,31,month_to_month,fiber,electronic_check,True,0,47.69,1385.74,0,1
CUS005285,34,one_year,fiber,electronic_check,False,2,60.69,1998.07,1,0
CUS005286,29,month_to_month,none,electronic_check,False,6,49.14,1422.1,2,0
CUS005287,47,month_to_month,none,credit_card,False,4,45.08,2118.65,0,0
CUS005288,67,month_to_month,fiber,electronic_check,False,6,89.9,5782.81,2,0
CUS005289,27,month_to_month,fiber,electronic_check,True,4,67.68,1720.38,0,0
CUS005290,29,month_to_month,fiber,bank_transfer,False,5,74.48,2200.35,0,1
CUS005291,29,two_year,dsl,credit_card,False,0,30.74,841.47,1,0
CUS005292,59,two_year,fiber,credit_card,True,6,83.03,4578.72,0,0
CUS005293,41,month_to_month,fiber,credit_card,False,0,54.62,2222.61,1,0
CUS005294,28,month_to_month,fiber,electronic_check,False,2,48.7,1292.88,1,1
CUS005295,34,one_year,fiber,credit_card,True,4,61.86,2200.58,1,0
CUS005296,46,two_year,dsl,mailed_check,False,4,46.21,2107.57,0,0
CUS005297,67,month_to_month,fiber,electronic_check,True,1,43.01,2759.97,0,0
CUS005298,19,one_year,fiber,bank_transfer,False,4,69.05,1258.56,0,1
CUS005299,45,one_year,fiber,bank_transfer,True,1,46.45,2164.75,0,0
CUS005300,22,one_year,fiber,credit_card,False,6,69.56,1577.55,0,0
CUS005301,41,one_year,dsl,mailed_check,True,6,68.52,2838.04,0,0
CUS005302,27,month_to_month,dsl,credit_card,True,1,45.63,1217.61,0,0
CUS005303,24,two_year,none,electronic_check,True,5,43.75,1056.57,1,0
CUS005304,36,month_to_month,dsl,electronic_check,True,0,35.78,1265.54,1,1
CUS005305,47,month_to_month,fiber,electronic_check,True,2,55.09,2478.56,0,0
CUS005306,34,one_year,fiber,electronic_check,True,5,79.0,2732.48,0,0
CUS005307,46,one_year,none,electronic_check,False,0,23.62,1138.6,2,0
CUS005308,59,one_year,fiber,bank_transfer,True,6,84.45,4816.59,0,0
CUS005309,64,two_year,dsl,mailed_check,False,4,48.06,3123.43,1,0
CUS005310,68,two_year,none,electronic_check,False,6,49.3,3396.48,1,0
CUS005311,47,two_year,fiber,electronic_check,False,6,84.95,3849.45,1,0
CUS005312,53,month_to_month,dsl,bank_transfer,True,4,54.41,2883.45,2,0
CUS005313,51,month_to_month,fiber,bank_transfer,True,3,62.99,3251.23,4,0
CUS005314,12,two_year,dsl,bank_transfer,False,2,46.98,549.13,1,0
CUS005315,65,month_to_month,fiber,electronic_check,True,4,61.68,3979.97,1,0
CUS005316,34,month_to_month,none,mailed_check,True,3,36.41,1248.64,0,0
CUS005317,42,month_to_month,dsl,credit_card,True,1,31.77,1344.05,0,0
CUS005318,54,two_year,none,bank_transfer,True,2,35.16,1787.59,0,0
CUS005319,29,month_to_month,dsl,credit_card,False,3,53.66,1474.81,0,0
CUS005320,8,two_year,fiber,mailed_check,False,5,75.03,623.03,1,0
CUS005321,43,two_year,dsl,credit_card,False,1,39.19,1714.54,1,0
CUS005322,15,month_to_month,dsl,mailed_check,True,2,44.38,631.35,0,1
CUS005323,19,month_to_month,fiber,electronic_check,True,1,48.57,860.44,1,1
CUS005324,45,month_to_month,dsl,mailed_check,True,0,24.04,1066.72,0,0
CUS005325,5,one_year,none,credit_card,True,0,12.87,65.19,1,0
CUS005326,29,month_to_month,fiber,electronic_check,True,0,52.47,1480.57,1,1
CUS005327,53,month_to_month,fiber,electronic_check,True,4,66.33,3296.09,0,0
CUS005328,37,month_to_month,dsl,credit_card,False,3,47.62,1808.43,1,0
CUS005329,1,two_year,fiber,electronic_check,False,4,66.85,,1,0
CUS005330,6,month_to_month,dsl,credit_card,True,3,50.42,284.92,0,0
CUS005331,34,one_year,fiber,bank_transfer,False,6,74.59,2556.13,0,0
CUS005332,72,month_to_month,dsl,electronic_check,True,5,54.45,4011.34,0,0
CUS005333,71,one_year,none,credit_card,True,0,19.68,1347.06,0,0
CUS005334,14,two_year,fiber,electronic_check,True,4,69.24,963.4,1,1
CUS005335,33,two_year,fiber,bank_transfer,True,3,58.6,1806.24,0,0
CUS005336,14,two_year,dsl,credit_card,False,1,42.96,600.22,1,0
CUS005337,67,two_year,dsl,mailed_check,False,4,50.56,3440.09,1,0
CUS005338,67,month_to_month,dsl,bank_transfer,True,4,52.98,3679.93,1,0
CUS005339,63,month_to_month,dsl,credit_card,True,0,34.63,2259.75,1,0
CUS005340,35,one_year,dsl,mailed_check,False,1,34.33,1203.1,0,0
CUS005341,52,one_year,dsl,electronic_check,False,6,62.43,3383.62,0,0
CUS005342,13,month_to_month,fiber,electronic_check,True,3,65.3,868.88,0,0
CUS005343,50,month_to_month,none,mailed_check,True,2,22.94,1134.35,1,0
CUS005344,32,month_to_month,fiber,credit_card,False,5,68.82,2238.06,1,0
CUS005345,30,one_year,fiber,mailed_check,False,2,54.39,1529.97,2,0
CUS005346,62,month_to_month,fiber,bank_transfer,False,0,43.36,2767.02,1,0
CUS005347,19,two_year,fiber,credit_card,False,4,60.26,1154.22,0,0
CUS005348,59,month_to_month,fiber,credit_card,False,1,46.82,2627.07,0,0
CUS005349,15,month_to_month,fiber,mailed_check,True,1,54.11,826.06,1,1
CUS005350,38,two_year,fiber,electronic_check,True,6,79.36,2957.31,1,0
CUS005351,40,month_to_month,fiber,electronic_check,True,6,73.33,2947.53,0,0
CUS005352,72,month_to_month,dsl,electronic_check,True,3,39.52,2877.51,2,0
CUS005353,40,two_year,fiber,electronic_check,True,5,76.02,2890.55,0,0
CUS005354,42,month_to_month,dsl,credit_card,True,0,35.47,1391.46,1,0
CUS005355,43,one_year,dsl,electronic_check,True,1,36.04,1552.36,1,0
CUS005356,54,two_year,dsl,bank_transfer,True,5,55.01,2897.49,0,0
CUS005357,59,one_year,dsl,electronic_check,True,5,55.01,3397.19,0,0
CUS005358,41,month_to_month,fiber,credit_card,False,2,57.92,2433.31,1,0
CUS005359,56,one_year,dsl,electronic_check,False,3,47.04,2565.53,0,0
CUS005360,12,month_to_month,dsl,mailed_check,True,5,58.45,711.27,0,0
CUS005361,14,month_to_month,fiber,bank_transfer,True,3,75.05,1089.77,1,1
CUS005362,5,one_year,none,credit_card,True,1,30.6,142.53,0,0
CUS005363,12,month_to_month,fiber,credit_card,False,0,45.51,521.44,1,1
CUS005364,55,two_year,dsl,electronic_check,True,3,41.91,2334.09,0,0
CUS005365,45,month_to_month,dsl,bank_transfer,False,6,62.31,2707.26,1,0
CUS005366,67,one_year,none,credit_card,False,6,43.83,2758.36,1,0
CUS005367,48,month_to_month,fiber,credit_card,True,3,53.07,2573.73,0,0
CUS005368,32,month_to_month,fiber,bank_transfer,True,5,76.99,2296.38,0,0
CUS005369,43,one_year,fiber,electronic_check,True,2,54.55,2407.33,0,0
CUS005370,23,month_to_month,dsl,electronic_check,True,1,32.02,771.59,3,0
CUS005371,7,month_to_month,dsl,electronic_check,False,0,35.81,247.71,1,1
CUS005372,61,one_year,fiber,mailed_check,False,6,78.73,5036.79,1,0
CUS005373,25,month_to_month,fiber,credit_card,True,1,56.2,1337.79,1,1
CUS005374,43,month_to_month,dsl,bank_transfer,False,0,27.37,1200.42,0,0
CUS005375,65,month_to_month,dsl,credit_card,False,2,43.34,2680.76,0,0
CUS005376,18,month_to_month,none,bank_transfer,False,6,54.4,920.87,2,0
CUS005377,13,two_year,none,bank_transfer,True,0,20.63,275.55,1,0
CUS005378,7,two_year,fiber,bank_transfer,False,2,51.37,370.17,1,0
CUS005379,15,two_year,none,electronic_check,True,5,42.6,656.9,1,0
CUS005380,2,month_to_month,dsl,mailed_check,False,6,60.21,125.2,1,1
CUS005381,2,one_year,fiber,electronic_check,False,2,62.53,120.75,0,1
CUS005382,7,two_year,none,mailed_check,True,0,22.04,159.32,0,0
CUS005383,34,month_to_month,none,electronic_check,True,0,19.23,658.57,1,1
CUS005384,27,month_to_month,fiber,mailed_check,False,5,80.75,2177.58,1,1
CUS005385,65,one_year,none,mailed_check,True,6,54.25,3422.25,1,0
CUS005386,30,one_year,fiber,bank_transfer,True,5,76.4,2345.62,1,0
CUS005387,37,one_year,dsl,credit_card,True,6,68.69,2662.51,3,1
CUS005388,17,two_year,none,bank_transfer,True,0,12.13,208.07,1,0
CUS005389,14,month_to_month,fiber,bank_transfer,True,1,50.65,693.84,0,1
CUS005390,6,one_year,fiber,electronic_check,True,0,52.17,307.06,1,0
CUS005391,30,month_to_month,dsl,mailed_check,False,2,36.09,1084.86,0,0
CUS005392,32,one_year,dsl,electronic_check,True,0,33.79,1087.34,0,0
CUS005393,65,month_to_month,dsl,mailed_check,True,3,46.24,3138.09,1,0
CUS005394,21,one_year,fiber,credit_card,True,4,64.31,1311.19,1,0
CUS005395,34,one_year,fiber,mailed_check,False,5,70.48,2435.71,1,0
CUS005396,65,two_year,dsl,bank_transfer,True,6,64.64,4334.2,1,0
CUS005397,11,month_to_month,dsl,credit_card,False,6,60.99,650.64,1,0
CUS005398,41,month_to_month,fiber,mailed_check,True,4,69.77,2812.54,0,0
CUS005399,29,month_to_month,dsl,electronic_check,True,3,44.31,1227.43,0,0
CUS005400,2,month_to_month,fiber,credit_card,False,5,68.79,133.5,0,1
CUS005401,13,one_year,fiber,electronic_check,True,6,75.8,942.34,1,0
CUS005402,6,two_year,fiber,credit_card,False,0,43.06,249.2,1,0
CUS005403,59,month_to_month,none,electronic_check,True,5,46.85,2852.28,0,0
CUS005404,63,one_year,fiber,bank_transfer,False,6,77.14,5034.27,1,0
CUS005405,60,month_to_month,fiber,electronic_check,True,6,73.33,4265.6,1,0
CUS005406,24,one_year,dsl,credit_card,False,5,59.49,1333.97,1,0
CUS005407,72,month_to_month,fiber,credit_card,False,5,69.33,4812.78,0,0
CUS005408,10,one_year,dsl,mailed_check,True,2,46.99,440.68,0,0
CUS005409,16,month_to_month,none,credit_card,True,1,32.84,518.91,3,0
CUS005410,36,two_year,none,bank_transfer,False,6,51.98,1854.48,1,1
CUS005411,4,one_year,dsl,electronic_check,False,3,48.13,197.42,1,0
CUS005412,8,one_year,fiber,mailed_check,True,6,76.14,601.55,0,1
CUS005413,29,month_to_month,dsl,mailed_check,False,2,42.24,1212.78,1,0
CUS005414,69,month_to_month,dsl,electronic_check,True,6,69.89,4715.99,1,0
CUS005415,14,one_year,none,bank_transfer,True,5,50.64,686.16,2,0
CUS005416,64,month_to_month,dsl,bank_transfer,True,0,30.99,1855.56,1,0
CUS005417,54,month_to_month,fiber,credit_card,True,4,67.78,3732.29,0,0
CUS005418,12,month_to_month,fiber,credit_card,False,3,62.72,788.86,0,1
CUS005419,66,two_year,fiber,mailed_check,False,5,76.27,4975.18,1,0
CUS005420,24,month_to_month,dsl,bank_transfer,False,4,54.54,1302.53,1,0
CUS005421,3,month_to_month,dsl,mailed_check,True,4,58.85,175.29,0,1
CUS005422,40,two_year,fiber,credit_card,True,4,64.41,2632.41,0,0
CUS005423,47,two_year,dsl,electronic_check,False,5,40.86,1910.19,1,0
CUS005424,3,month_to_month,fiber,credit_card,False,6,67.94,201.53,1,1
CUS005425,64,one_year,dsl,credit_card,True,2,44.08,2849.02,2,0
CUS005426,25,one_year,none,mailed_check,True,4,37.46,911.1,1,0
CUS005427,28,month_to_month,dsl,electronic_check,False,5,58.53,1688.96,1,0
CUS005428,42,two_year,fiber,mailed_check,True,3,57.15,2259.1,0,0
CUS005429,38,one_year,fiber,electronic_check,True,4,60.0,2142.69,1,0
CUS005430,26,two_year,fiber,electronic_check,True,4,69.32,1792.05,1,0
CUS005431,6,two_year,fiber,mailed_check,False,6,77.99,461.81,1,1
CUS005432,44,one_year,fiber,bank_transfer,False,1,57.45,2442.92,0,0
CUS005433,30,month_to_month,fiber,bank_transfer,False,5,66.42,2014.67,0,0
CUS005434,1,month_to_month,fiber,mailed_check,True,3,57.61,,0,1
CUS005435,31,one_year,fiber,credit_card,True,3,64.01,1982.14,4,1
CUS005436,67,one_year,fiber,credit_card,True,2,50.24,3229.96,0,0
CUS005437,51,one_year,fiber,mailed_check,False,1,60.29,3138.63,0,1
CUS005438,18,month_to_month,dsl,mailed_check,True,3,53.61,916.49,1,0
CUS005439,38,month_to_month,dsl,credit_card,True,5,68.42,2437.17,1,0
CUS005440,65,month_to_month,dsl,electronic_check,False,3,49.82,3268.06,1,0
CUS005441,67,month_to_month,fiber,mailed_check,True,2,55.87,3639.06,1,0
CUS005442,28,month_to_month,none,electronic_check,True,4,38.92,1033.01,1,0
CUS005443,53,month_to_month,fiber,credit_card,True,1,49.64,2719.56,1,0
CUS005444,70,two_year,fiber,bank_transfer,True,4,75.49,5446.64,0,0
CUS005445,44,month_to_month,dsl,electronic_check,True,2,41.78,1758.41,2,0
CUS005446,23,month_to_month,fiber,credit_card,True,5,71.8,1650.13,1,0
CUS005447,11,month_to_month,none,credit_card,False,3,37.2,418.02,0,1
CUS005448,19,month_to_month,fiber,electronic_check,True,3,57.33,1120.16,0,0
CUS005449,15,month_to_month,none,electronic_check,True,1,18.64,263.03,1,1
CUS005450,44,one_year,dsl,electronic_check,True,0,21.06,882.44,1,0
CUS005451,32,two_year,fiber,electronic_check,True,4,67.9,2126.1,1,0
CUS005452,59,two_year,dsl,bank_transfer,True,6,68.61,4002.3,0,0
CUS005453,27,month_to_month,fiber,mailed_check,True,0,37.92,965.24,1,1
CUS005454,4,two_year,none,bank_transfer,False,6,58.28,224.23,0,0
CUS005455,65,one_year,fiber,credit_card,True,6,78.62,5153.82,1,0
CUS005456,17,two_year,none,electronic_check,True,5,47.51,791.5,1,0
CUS005457,12,two_year,fiber,credit_card,True,1,48.47,593.47,1,0
CUS005458,33,month_to_month,dsl,electronic_check,True,0,29.61,1025.18,0,0
CUS005459,18,month_to_month,dsl,electronic_check,True,2,50.29,949.91,0,1
CUS005460,10,month_to_month,fiber,bank_transfer,True,5,66.89,626.83,2,1
CUS005461,31,one_year,dsl,electronic_check,True,6,72.69,2293.55,1,0
CUS005462,72,month_to_month,fiber,bank_transfer,True,6,74.18,4987.47,0,0
CUS005463,1,one_year,fiber,credit_card,True,5,74.9,,1,0
CUS005464,7,month_to_month,none,mailed_check,False,1,29.49,194.72,0,0
CUS005465,45,one_year,fiber,credit_card,True,3,65.57,2787.54,0,0
CUS005466,58,two_year,none,credit_card,True,2,21.97,1277.79,0,0
CUS005467,2,two_year,dsl,bank_transfer,False,3,51.78,104.39,3,0
CUS005468,19,one_year,fiber,credit_card,True,6,74.04,1426.78,1,0
CUS005469,66,one_year,fiber,bank_transfer,False,5,73.46,4831.21,0,0
CUS005470,58,month_to_month,fiber,credit_card,False,4,74.82,4195.29,1,0
CUS005471,33,two_year,fiber,bank_transfer,True,5,70.59,2338.56,0,0
CUS005472,28,two_year,dsl,credit_card,True,2,38.58,1093.69,0,0
CUS005473,36,month_to_month,none,credit_card,True,4,42.21,1432.5,0,0
CUS005474,52,month_to_month,dsl,electronic_check,True,2,42.91,2225.94,1,0
CUS005475,53,month_to_month,none,mailed_check,True,2,36.26,1981.23,0,0
CUS005476,13,month_to_month,none,credit_card,False,1,27.39,340.46,1,0
CUS005477,2,two_year,fiber,mailed_check,True,1,47.9,98.01,0,0
CUS005478,57,month_to_month,fiber,electronic_check,True,4,62.57,3649.56,1,0
CUS005479,58,two_year,dsl,electronic_check,True,2,47.39,2716.97,1,0
CUS005480,40,one_year,fiber,credit_card,True,4,70.92,2698.41,1,0
CUS005481,3,month_to_month,fiber,electronic_check,True,6,74.57,212.51,2,1
CUS005482,20,month_to_month,dsl,credit_card,True,1,32.78,638.89,1,0
CUS005483,54,one_year,dsl,electronic_check,False,1,37.42,2043.82,0,0
CUS005484,27,one_year,dsl,credit_card,True,5,58.52,1630.31,1,0
CUS005485,34,one_year,fiber,credit_card,False,1,54.3,1740.63,1,0
CUS005486,10,one_year,fiber,bank_transfer,True,2,54.81,550.02,2,0
CUS005487,30,month_to_month,none,mailed_check,True,5,44.75,1313.9,0,0
CUS005488,15,two_year,fiber,mailed_check,True,4,75.3,1075.54,2,0
CUS005489,16,two_year,fiber,credit_card,False,3,61.82,938.07,0,0
CUS005490,46,month_to_month,fiber,electronic_check,True,5,72.19,3200.36,1,0
CUS005491,46,month_to_month,fiber,mailed_check,True,4,56.1,2616.43,1,0
CUS005492,6,month_to_month,fiber,bank_transfer,True,2,45.66,285.22,2,1
CUS005493,23,two_year,fiber,bank_transfer,True,6,76.83,1794.69,0,0
CUS005494,43,month_to_month,dsl,bank_transfer,True,6,57.51,2307.42,1,0
CUS005495,61,two_year,dsl,bank_transfer,True,0,40.09,2387.37,1,0
CUS005496,26,month_to_month,dsl,electronic_check,True,6,57.37,1561.61,1,1
CUS005497,50,month_to_month,none,mailed_check,False,6,49.49,2592.69,0,0
CUS005498,15,month_to_month,dsl,bank_transfer,True,3,45.01,705.16,1,1
CUS005499,35,two_year,fiber,mailed_check,False,4,68.5,2397.37,2,0
CUS005500,72,month_to_month,fiber,bank_transfer,False,1,54.48,4012.82,0,0
CUS005501,13,one_year,dsl,mailed_check,True,3,55.59,710.27,0,0
CUS005502,36,one_year,fiber,electronic_check,False,2,58.03,2160.73,1,1
CUS005503,56,one_year,fiber,credit_card,False,2,57.53,3221.2,0,0
CUS005504,59,month_to_month,none,mailed_check,True,3,38.37,2139.41,1,0
CUS005505,30,two_year,fiber,electronic_check,False,2,57.93,1803.22,0,0
CUS005506,30,month_to_month,dsl,bank_transfer,False,0,34.63,1015.78,0,0
CUS005507,18,month_to_month,fiber,credit_card,False,6,78.57,1354.18,0,1
CUS005508,53,one_year,none,bank_transfer,True,1,26.67,1346.2,1,0
CUS005509,6,one_year,dsl,electronic_check,True,5,55.57,337.04,0,0
CUS005510,9,month_to_month,none,electronic_check,True,5,44.36,375.61,0,0
CUS005511,25,month_to_month,none,electronic_check,False,3,36.88,947.52,0,0
CUS005512,27,one_year,dsl,electronic_check,False,1,35.91,919.55,1,0
CUS005513,52,month_to_month,dsl,bank_transfer,True,1,32.97,1660.6,1,0
CUS005514,28,month_to_month,dsl,credit_card,True,4,52.91,1531.61,0,0
CUS005515,3,one_year,dsl,mailed_check,True,0,30.64,94.52,0,0
CUS005516,20,month_to_month,none,credit_card,True,3,29.85,592.41,0,0
CUS005517,65,two_year,dsl,mailed_check,False,2,42.64,2694.25,2,0
CUS005518,51,one_year,fiber,credit_card,True,6,85.09,4090.95,1,0
CUS005519,27,month_to_month,fiber,mailed_check,False,5,69.28,1926.57,1,0
CUS005520,28,month_to_month,fiber,bank_transfer,True,2,60.9,1725.43,1,1
CUS005521,52,month_to_month,fiber,electronic_check,False,4,70.31,3725.93,1,1
CUS005522,19,two_year,dsl,electronic_check,False,5,58.3,1098.16,2,0
CUS005523,48,one_year,fiber,mailed_check,True,4,69.42,3158.07,1,0
CUS005524,11,month_to_month,dsl,electronic_check,True,5,53.75,550.5,0,1
CUS005525,61,month_to_month,none,bank_transfer,True,5,46.44,2661.48,1,0
CUS005526,25,one_year,fiber,bank_transfer,True,3,67.73,1639.75,0,1
CUS005527,20,month_to_month,fiber,electronic_check,False,4,66.03,1283.28,0,1
CUS005528,70,month_to_month,fiber,bank_transfer,True,3,53.51,3553.99,0,0
CUS005529,55,one_year,fiber,electronic_check,False,6,85.09,4437.03,0,0
CUS005530,11,two_year,none,mailed_check,False,1,17.84,198.56,0,0
CUS005531,24,two_year,fiber,mailed_check,False,1,60.56,1417.51,0,0
CUS005532,33,month_to_month,fiber,electronic_check,False,6,70.98,2354.06,1,1
CUS005533,60,month_to_month,dsl,mailed_check,True,1,41.08,2567.66,1,0
CUS005534,71,two_year,dsl,bank_transfer,False,0,34.27,2499.31,0,0
CUS005535,24,month_to_month,dsl,electronic_check,True,2,47.14,1059.51,1,0
CUS005536,8,one_year,none,credit_card,True,5,44.68,346.98,1,0
CUS005537,27,month_to_month,none,credit_card,True,1,22.56,624.05,0,0
CUS005538,62,one_year,dsl,bank_transfer,True,5,64.21,3752.47,0,0
CUS005539,27,month_to_month,fiber,bank_transfer,True,0,51.79,1362.65,1,0
CUS005540,9,two_year,fiber,mailed_check,True,6,80.33,738.16,2,0
CUS005541,35,month_to_month,dsl,electronic_check,False,2,43.49,1515.68,0,0
CUS005542,46,two_year,dsl,electronic_check,True,3,48.42,2203.84,0,0
CUS005543,11,one_year,dsl,credit_card,True,0,20.66,230.16,2,0
CUS005544,71,month_to_month,none,bank_transfer,True,0,20.02,1378.15,0,0
CUS005545,65,one_year,fiber,mailed_check,False,6,82.21,5124.46,1,0
CUS005546,36,month_to_month,none,mailed_check,True,1,22.39,753.07,0,0
CUS005547,57,month_to_month,fiber,electronic_check,False,2,60.17,3544.71,2,1
CUS005548,54,month_to_month,fiber,bank_transfer,True,3,52.36,2834.92,1,0
CUS005549,3,month_to_month,dsl,mailed_check,False,0,38.62,111.61,1,1
CUS005550,10,month_to_month,fiber,bank_transfer,False,0,42.29,439.11,1,0
CUS005551,34,month_to_month,fiber,bank_transfer,False,1,49.88,1620.9,0,0
CUS005552,12,month_to_month,none,credit_card,False,0,22.38,259.39,0,0
CUS005553,13,month_to_month,dsl,electronic_check,True,3,55.15,716.92,2,1
CUS005554,61,month_to_month,none,electronic_check,True,0,27.17,1690.44,1,0
CUS005555,54,month_to_month,dsl,mailed_check,False,3,58.96,3085.44,3,0
CUS005556,7,one_year,dsl,credit_card,True,1,47.39,318.98,0,0
CUS005557,4,month_to_month,fiber,bank_transfer,True,3,60.36,241.41,0,1
CUS005558,38,month_to_month,dsl,mailed_check,True,1,42.57,1531.8,0,0
CUS005559,40,two_year,dsl,credit_card,False,4,57.22,2252.63,1,0
CUS005560,25,one_year,dsl,bank_transfer,True,6,63.93,1499.3,0,0
CUS005561,41,one_year,fiber,electronic_check,False,4,71.22,3060.69,0,0
CUS005562,72,one_year,dsl,credit_card,True,2,47.56,3216.59,2,0
CUS005563,46,month_to_month,dsl,mailed_check,True,6,73.78,3258.2,1,0
CUS005564,28,month_to_month,fiber,mailed_check,True,6,67.88,1980.42,1,1
CUS005565,36,two_year,none,mailed_check,False,2,30.18,1099.11,0,0
CUS005566,18,one_year,none,electronic_check,True,4,43.1,785.55,2,1
CUS005567,36,month_to_month,fiber,credit_card,True,0,55.22,1944.78,1,1
CUS005568,10,month_to_month,fiber,electronic_check,False,5,68.35,669.71,1,1
CUS005569,30,two_year,none,credit_card,False,4,36.18,1134.9,0,0
CUS005570,19,month_to_month,none,electronic_check,True,0,18.8,364.99,1,0
CUS005571,29,month_to_month,none,bank_transfer,False,5,50.45,1515.97,0,0
CUS005572,64,one_year,none,mailed_check,False,4,35.38,2227.1,3,0
CUS005573,29,one_year,fiber,bank_transfer,False,6,70.38,1916.55,1,0
CUS005574,3,month_to_month,none,bank_transfer,True,1,17.11,48.44,0,1
CUS005575,72,month_to_month,fiber,electronic_check,True,2,52.85,3929.78,0,0
CUS005576,3,month_to_month,fiber,mailed_check,True,4,68.96,212.22,0,1
CUS005577,48,month_to_month,fiber,electronic_check,True,4,66.95,3133.59,0,1
CUS005578,39,month_to_month,dsl,bank_transfer,True,1,36.48,1450.68,1,0
CUS005579,56,month_to_month,dsl,credit_card,False,5,58.32,3181.92,0,0
CUS005580,68,month_to_month,fiber,electronic_check,False,4,63.7,4499.28,0,0
CUS005581,60,one_year,fiber,electronic_check,False,1,56.28,3479.19,0,0
CUS005582,14,one_year,none,bank_transfer,True,4,43.05,593.68,0,0
CUS005583,9,month_to_month,fiber,electronic_check,True,4,61.82,568.1,1,1
CUS005584,39,month_to_month,fiber,credit_card,True,2,53.93,2080.33,0,0
CUS005585,6,one_year,none,credit_card,False,3,39.42,222.09,1,0
CUS005586,55,one_year,dsl,bank_transfer,False,2,40.02,2178.41,2,0
CUS005587,55,month_to_month,none,mailed_check,True,4,42.22,2426.44,0,0
CUS005588,14,two_year,fiber,mailed_check,False,3,62.98,908.15,0,0
CUS005589,42,month_to_month,fiber,electronic_check,True,1,50.07,2189.95,1,1
CUS005590,29,month_to_month,none,bank_transfer,False,3,37.33,1103.21,0,0
CUS005591,33,month_to_month,fiber,electronic_check,True,4,74.14,2475.89,0,1
CUS005592,55,two_year,dsl,electronic_check,False,3,41.37,2179.26,0,0
CUS005593,24,month_to_month,dsl,credit_card,False,0,28.83,671.44,1,1
CUS005594,66,month_to_month,none,mailed_check,False,2,38.1,2548.67,0,0
CUS005595,7,two_year,fiber,electronic_check,True,6,71.72,467.71,1,0
CUS005596,27,month_to_month,dsl,mailed_check,False,6,66.59,1677.77,2,0
CUS005597,15,month_to_month,dsl,credit_card,True,4,62.57,903.98,1,1
CUS005598,70,month_to_month,dsl,credit_card,True,3,51.64,3499.79,0,0
CUS005599,10,month_to_month,fiber,bank_transfer,True,2,56.91,539.69,0,0
CUS005600,36,month_to_month,fiber,credit_card,True,5,73.8,2616.7,0,0
CUS005601,55,one_year,fiber,bank_transfer,False,5,71.99,3816.66,0,0
CUS005602,59,one_year,fiber,credit_card,False,4,65.92,3933.06,0,0
CUS005603,65,month_to_month,dsl,credit_card,False,0,29.4,1868.45,1,0
CUS005604,45,month_to_month,fiber,bank_transfer,True,6,75.35,3256.8,0,0
CUS005605,37,month_to_month,dsl,mailed_check,True,1,34.46,1334.32,1,1
CUS005606,29,month_to_month,fiber,bank_transfer,False,2,61.77,1732.53,0,0
CUS005607,27,month_to_month,fiber,bank_transfer,False,1,45.53,1243.62,1,0
CUS005608,66,month_to_month,none,credit_card,True,6,52.08,3247.35,0,0
CUS005609,66,month_to_month,dsl,credit_card,True,3,52.19,3441.22,0,0
CUS005610,62,two_year,dsl,electronic_check,True,6,70.4,4470.22,1,0
CUS005611,60,month_to_month,fiber,credit_card,True,3,56.08,3509.75,3,1
CUS005612,31,two_year,fiber,credit_card,True,2,60.38,1910.19,0,0
CUS005613,45,month_to_month,dsl,electronic_check,True,4,52.03,2269.42,1,0
CUS005614,51,month_to_month,dsl,electronic_check,True,4,53.63,2870.15,1,0
CUS005615,60,one_year,fiber,bank_transfer,False,2,60.87,3772.5,0,0
CUS005616,56,month_to_month,fiber,bank_transfer,False,0,49.16,2780.11,1,0
CUS005617,22,two_year,fiber,bank_transfer,False,4,62.4,1307.7,0,0
CUS005618,48,one_year,fiber,credit_card,True,3,57.42,2597.67,1,1
CUS005619,67,one_year,none,electronic_check,False,1,31.02,2165.31,0,0
CUS005620,57,month_to_month,dsl,electronic_check,True,3,43.95,2380.57,2,0
CUS005621,55,month_to_month,dsl,electronic_check,True,3,38.92,2098.25,1,0
CUS005622,48,month_to_month,dsl,bank_transfer,False,6,63.66,2864.96,1,0
CUS005623,55,two_year,fiber,electronic_check,False,0,50.58,2824.68,0,0
CUS005624,64,two_year,fiber,electronic_check,True,0,37.51,2435.04,1,0
CUS005625,7,one_year,none,electronic_check,True,6,50.9,346.99,0,1
CUS005626,58,month_to_month,dsl,mailed_check,True,0,28.35,1709.17,1,0
CUS005627,66,one_year,fiber,credit_card,False,6,73.6,4693.68,1,0
CUS005628,15,month_to_month,fiber,electronic_check,False,5,61.49,921.28,1,0
CUS005629,29,one_year,dsl,electronic_check,False,5,52.58,1547.14,0,0
CUS005630,37,month_to_month,none,credit_card,True,2,23.82,857.6,1,0
CUS005631,6,month_to_month,fiber,mailed_check,True,3,55.92,340.99,0,0
CUS005632,71,month_to_month,none,electronic_check,True,0,29.56,2047.15,0,0
CUS005633,18,month_to_month,dsl,bank_transfer,False,3,50.09,899.78,2,1
CUS005634,41,two_year,fiber,electronic_check,True,4,70.08,2766.24,0,0
CUS005635,54,one_year,fiber,bank_transfer,True,3,62.63,3470.45,0,0
CUS005636,26,month_to_month,dsl,electronic_check,True,5,58.33,1450.89,0,0
CUS005637,10,month_to_month,dsl,electronic_check,True,3,44.64,450.55,3,1
CUS005638,21,month_to_month,fiber,electronic_check,False,0,45.89,905.59,1,0
CUS005639,69,month_to_month,none,electronic_check,True,6,50.66,3299.64,1,0
CUS005640,37,month_to_month,fiber,electronic_check,False,6,78.7,2960.59,0,0
CUS005641,60,two_year,dsl,credit_card,True,6,60.56,3580.31,1,0
CUS005642,23,month_to_month,fiber,mailed_check,True,3,56.95,1258.68,0,0
CUS005643,48,one_year,fiber,bank_transfer,True,6,77.14,3493.26,1,0
CUS005644,8,month_to_month,dsl,mailed_check,True,1,37.57,302.07,1,1
CUS005645,19,one_year,none,electronic_check,True,2,29.98,592.33,0,0
CUS005646,4,one_year,fiber,electronic_check,True,1,47.62,192.96,0,0
CUS005647,54,month_to_month,dsl,electronic_check,True,2,42.9,2158.57,1,0
CUS005648,71,month_to_month,dsl,bank_transfer,True,4,59.19,4382.41,2,0
CUS005649,19,month_to_month,none,credit_card,True,0,17.98,353.51,0,0
CUS005650,19,month_to_month,none,electronic_check,True,2,33.02,585.66,1,1
CUS005651,11,month_to_month,fiber,credit_card,True,1,53.24,549.72,1,1
CUS005652,20,month_to_month,none,bank_transfer,True,1,21.59,409.41,1,0
CUS005653,33,two_year,fiber,electronic_check,True,0,47.47,1607.62,0,0
CUS005654,67,two_year,fiber,bank_transfer,True,2,60.04,3750.56,1,0
CUS005655,72,two_year,dsl,credit_card,True,4,55.39,3903.64,3,0
CUS005656,3,month_to_month,fiber,electronic_check,True,4,70.08,204.63,0,1
CUS005657,45,month_to_month,none,mailed_check,False,6,58.54,2511.16,0,0
CUS005658,8,one_year,none,electronic_check,True,2,33.69,259.31,0,0
CUS005659,48,month_to_month,dsl,bank_transfer,True,1,39.68,1920.56,2,0
CUS005660,18,one_year,fiber,bank_transfer,True,4,68.53,1152.83,2,1
CUS005661,7,month_to_month,dsl,credit_card,True,4,58.93,391.54,0,1
CUS005662,23,two_year,dsl,electronic_check,False,6,67.47,1465.91,0,0
CUS005663,12,one_year,dsl,credit_card,True,6,64.51,773.18,1,0
CUS005664,20,month_to_month,none,electronic_check,True,6,49.76,1009.92,0,1
CUS005665,44,month_to_month,fiber,electronic_check,True,5,67.08,3016.66,0,0
CUS005666,22,month_to_month,fiber,electronic_check,False,2,56.1,1254.29,0,1
CUS005667,31,two_year,fiber,electronic_check,False,5,69.21,2059.38,0,0
CUS005668,67,one_year,dsl,credit_card,True,1,37.5,2462.4,2,0
CUS005669,29,two_year,fiber,electronic_check,True,4,71.15,2117.23,0,0
CUS005670,67,one_year,dsl,electronic_check,False,4,55.1,3711.66,0,0
CUS005671,42,month_to_month,none,electronic_check,False,5,43.49,1892.03,0,0
CUS005672,52,two_year,fiber,bank_transfer,False,0,49.78,2614.93,5,0
CUS005673,67,month_to_month,fiber,electronic_check,True,2,54.11,3707.34,1,0
CUS005674,3,one_year,dsl,bank_transfer,False,1,40.78,116.67,1,1
CUS005675,44,one_year,dsl,bank_transfer,False,1,41.11,1809.28,0,0
CUS005676,37,month_to_month,dsl,credit_card,True,5,51.69,1823.97,0,0
CUS005677,50,month_to_month,dsl,mailed_check,True,4,50.49,2477.38,0,0
CUS005678,9,one_year,none,bank_transfer,True,4,32.89,278.44,0,0
CUS005679,26,two_year,fiber,credit_card,True,3,64.24,1621.85,0,0
CUS005680,19,month_to_month,none,credit_card,False,4,48.9,933.3,0,0
CUS005681,55,two_year,none,electronic_check,False,5,52.72,2939.17,1,0
CUS005682,21,month_to_month,none,mailed_check,False,1,26.14,546.84,0,0
CUS005683,67,two_year,dsl,bank_transfer,False,1,34.84,2203.95,2,0
CUS005684,13,month_to_month,dsl,credit_card,False,5,54.35,716.54,4,0
CUS005685,51,month_to_month,fiber,electronic_check,True,3,62.07,3122.69,2,1
CUS005686,39,one_year,dsl,electronic_check,True,4,54.26,2216.98,1,0
CUS005687,36,month_to_month,fiber,electronic_check,True,4,70.3,2394.22,1,0
CUS005688,17,two_year,fiber,bank_transfer,False,1,58.18,1009.63,1,0
CUS005689,28,month_to_month,fiber,electronic_check,False,3,68.2,1891.7,0,1
CUS005690,50,one_year,fiber,electronic_check,True,1,53.1,2688.87,1,0
CUS005691,48,month_to_month,fiber,credit_card,True,3,60.79,2920.29,1,0
CUS005692,40,one_year,dsl,mailed_check,True,2,34.53,1338.83,0,0
CUS005693,67,month_to_month,fiber,electronic_check,True,0,48.4,3090.05,0,0
CUS005694,62,month_to_month,dsl,bank_transfer,False,4,49.96,3072.35,2,0
CUS005695,62,one_year,fiber,mailed_check,True,3,59.28,3475.91,1,0
CUS005696,40,one_year,dsl,mailed_check,False,6,67.59,2559.33,1,0
CUS005697,17,month_to_month,dsl,credit_card,False,0,30.82,509.42,3,1
CUS005698,44,month_to_month,dsl,electronic_check,True,2,42.85,1793.1,1,0
CUS005699,69,two_year,none,mailed_check,False,4,39.92,2783.61,3,0
CUS005700,71,two_year,dsl,electronic_check,False,5,48.62,3417.63,0,0
CUS005701,41,month_to_month,fiber,bank_transfer,False,6,75.36,2988.81,1,1
CUS005702,17,one_year,dsl,electronic_check,False,4,56.59,942.77,1,0
CUS005703,9,month_to_month,fiber,mailed_check,False,1,46.14,422.16,0,0
CUS005704,19,two_year,fiber,electronic_check,False,5,68.5,1255.01,0,1
CUS005705,13,two_year,dsl,mailed_check,False,5,58.92,793.47,0,0
CUS005706,62,month_to_month,fiber,electronic_check,True,0,44.57,2800.45,1,1
CUS005707,1,month_to_month,dsl,electronic_check,False,4,49.14,,0,0
CUS005708,4,two_year,fiber,electronic_check,True,3,65.27,252.72,1,0
CUS005709,29,month_to_month,dsl,electronic_check,True,2,37.37,1089.45,0,1
CUS005710,19,month_to_month,dsl,credit_card,False,5,66.42,1257.84,0,0
CUS005711,37,month_to_month,fiber,electronic_check,False,5,72.84,2665.22,1,1
CUS005712,35,one_year,fiber,electronic_check,False,6,77.43,2763.89,1,1
CUS005713,43,one_year,fiber,electronic_check,False,1,49.6,2007.79,2,0
CUS005714,68,month_to_month,dsl,electronic_check,False,1,35.27,2356.06,1,0
CUS005715,8,month_to_month,fiber,electronic_check,True,1,50.07,401.53,2,1
CUS005716,47,one_year,fiber,mailed_check,False,5,76.01,3664.56,0,1
CUS005717,40,month_to_month,dsl,credit_card,False,2,46.1,1838.32,0,0
CUS005718,16,two_year,dsl,electronic_check,False,2,47.64,794.41,0,0
CUS005719,69,month_to_month,fiber,mailed_check,True,2,62.85,4506.55,2,1
CUS005720,7,month_to_month,dsl,mailed_check,False,6,61.65,433.5,1,1
CUS005721,3,one_year,fiber,mailed_check,False,0,53.06,149.55,0,0
CUS005722,59,two_year,fiber,electronic_check,True,0,39.37,2252.33,0,0
CUS005723,49,month_to_month,dsl,bank_transfer,True,4,52.1,2636.5,0,0
CUS005724,17,month_to_month,fiber,bank_transfer,True,6,77.41,1347.02,1,1
CUS005725,52,month_to_month,dsl,mailed_check,True,6,71.33,3517.95,0,0
CUS005726,58,one_year,fiber,electronic_check,True,3,66.47,3882.15,0,0
CUS005727,61,month_to_month,dsl,mailed_check,True,2,45.28,2653.33,2,0
CUS005728,51,two_year,dsl,mailed_check,False,1,32.38,1710.11,0,0
CUS005729,18,month_to_month,dsl,electronic_check,False,6,58.35,1041.6,0,0
CUS005730,12,month_to_month,fiber,electronic_check,True,6,81.14,1020.61,2,1
CUS005731,9,month_to_month,dsl,electronic_check,False,0,25.99,234.74,1,0
CUS005732,4,month_to_month,fiber,electronic_check,False,0,50.33,194.71,0,1
CUS005733,36,two_year,dsl,credit_card,False,6,63.87,2326.86,2,0
CUS005734,22,month_to_month,fiber,electronic_check,False,4,67.5,1493.27,1,1
CUS005735,3,month_to_month,fiber,electronic_check,False,6,77.26,232.21,0,1
CUS005736,65,month_to_month,fiber,electronic_check,True,2,63.38,3949.13,2,1
CUS005737,12,one_year,fiber,electronic_check,False,1,53.84,653.29,0,1
CUS005738,49,one_year,none,bank_transfer,False,0,13.55,628.73,1,0
CUS005739,37,month_to_month,fiber,credit_card,True,5,66.19,2543.34,0,0
CUS005740,52,two_year,fiber,bank_transfer,True,4,71.87,3797.33,1,0
CUS005741,50,two_year,dsl,electronic_check,False,1,34.0,1782.69,0,0
CUS005742,53,month_to_month,none,credit_card,True,4,41.48,2223.76,0,0
CUS005743,15,month_to_month,dsl,electronic_check,False,5,57.66,868.47,0,0
CUS005744,37,month_to_month,fiber,electronic_check,True,6,74.85,2905.27,1,0
CUS005745,4,two_year,dsl,mailed_check,False,0,29.96,119.24,0,0
CUS005746,12,month_to_month,none,bank_transfer,True,0,21.83,274.71,0,0
CUS005747,5,one_year,dsl,electronic_check,False,1,36.02,171.06,2,0
CUS005748,67,two_year,dsl,electronic_check,False,2,40.5,2828.58,1,0
CUS005749,3,one_year,fiber,bank_transfer,False,4,62.89,197.68,1,0
CUS005750,53,month_to_month,fiber,credit_card,True,2,58.26,3122.16,0,0
CUS005751,46,one_year,fiber,credit_card,True,6,70.04,3034.46,0,0
CUS005752,30,one_year,fiber,bank_transfer,False,1,41.83,1211.7,0,0
CUS005753,14,month_to_month,dsl,electronic_check,True,0,31.87,448.62,2,1
CUS005754,46,month_to_month,none,mailed_check,False,5,40.86,1779.65,1,0
CUS005755,69,one_year,fiber,electronic_check,True,3,59.08,3876.6,0,0
CUS005756,26,month_to_month,dsl,bank_transfer,True,5,50.35,1365.4,0,0
CUS005757,12,month_to_month,fiber,credit_card,True,4,66.15,780.35,0,0
CUS005758,65,two_year,fiber,bank_transfer,False,4,65.5,4062.73,2,0
CUS005759,48,two_year,dsl,bank_transfer,True,6,65.8,3294.5,0,0
CUS005760,10,month_to_month,fiber,credit_card,False,6,79.41,762.82,0,0
CUS005761,37,month_to_month,dsl,electronic_check,True,5,58.04,2117.44,0,0
CUS005762,24,two_year,fiber,electronic_check,True,1,55.2,1333.77,1,0
CUS005763,42,one_year,none,bank_transfer,True,3,44.23,1788.9,0,0
CUS005764,58,month_to_month,none,mailed_check,True,5,48.57,2636.68,0,0
CUS005765,9,one_year,fiber,electronic_check,False,1,46.45,392.53,0,1
CUS005766,6,month_to_month,fiber,electronic_check,False,3,59.35,362.74,0,1
CUS005767,47,one_year,fiber,credit_card,False,6,70.63,3290.43,0,0
CUS005768,62,month_to_month,fiber,mailed_check,False,3,61.68,3772.89,1,0
CUS005769,29,one_year,dsl,electronic_check,False,4,56.51,1591.66,0,0
CUS005770,44,month_to_month,dsl,electronic_check,True,4,58.67,2484.47,1,0
CUS005771,29,one_year,dsl,credit_card,True,3,53.47,1475.69,0,0
CUS005772,56,two_year,fiber,bank_transfer,False,5,67.15,3667.85,2,0
CUS005773,31,one_year,fiber,bank_transfer,True,5,76.48,2295.68,1,1
CUS005774,61,month_to_month,fiber,electronic_check,False,1,49.84,3159.04,0,0
CUS005775,47,month_to_month,fiber,bank_transfer,False,3,66.35,3210.12,1,0
CUS005776,55,month_to_month,fiber,credit_card,False,3,60.26,3395.36,0,0
CUS005777,8,month_to_month,dsl,mailed_check,False,3,48.76,364.58,1,1
CUS005778,64,two_year,dsl,electronic_check,True,2,37.39,2317.85,0,0
CUS005779,46,month_to_month,fiber,mailed_check,False,4,62.57,2852.9,1,1
CUS005780,37,two_year,fiber,bank_transfer,False,5,80.09,2760.86,1,0
CUS005781,5,one_year,none,credit_card,False,4,39.56,193.36,1,0
CUS005782,62,one_year,fiber,mailed_check,True,2,54.18,3254.15,0,0
CUS005783,34,month_to_month,fiber,electronic_check,True,5,73.97,2484.74,0,1
CUS005784,66,two_year,dsl,bank_transfer,False,3,50.09,3282.89,0,0
CUS005785,11,month_to_month,fiber,mailed_check,True,4,60.46,642.84,1,0
CUS005786,46,month_to_month,fiber,mailed_check,True,3,61.66,2815.48,0,0
CUS005787,13,two_year,dsl,bank_transfer,False,2,38.53,519.65,0,0
CUS005788,21,one_year,fiber,bank_transfer,False,5,69.23,1367.91,1,0
CUS005789,11,month_to_month,dsl,bank_transfer,False,2,38.18,393.74,0,1
CUS005790,70,one_year,none,bank_transfer,False,2,27.16,1945.7,0,0
CUS005791,17,one_year,fiber,electronic_check,False,4,68.74,1181.68,0,0
CUS005792,7,two_year,fiber,mailed_check,False,0,43.83,321.44,1,0
CUS005793,36,one_year,dsl,bank_transfer,True,0,26.7,998.04,2,0
CUS005794,56,two_year,fiber,mailed_check,True,2,61.58,3390.43,0,0
CUS005795,42,month_to_month,fiber,electronic_check,True,0,46.82,2057.22,0,1
CUS005796,33,month_to_month,fiber,bank_transfer,False,4,71.84,2381.83,1,0
CUS005797,19,month_to_month,dsl,bank_transfer,False,3,55.89,1059.72,0,0
CUS005798,70,two_year,fiber,bank_transfer,True,0,50.62,3562.38,3,0
CUS005799,13,two_year,dsl,bank_transfer,False,1,39.11,523.55,1,0
CUS005800,35,month_to_month,none,electronic_check,False,5,43.29,1490.52,2,0
CUS005801,61,month_to_month,none,electronic_check,True,0,21.22,1346.81,1,0
CUS005802,55,month_to_month,fiber,electronic_check,True,6,81.7,4672.16,2,0
CUS005803,16,two_year,fiber,mailed_check,True,1,46.66,694.71,0,0
CUS005804,48,month_to_month,fiber,electronic_check,False,5,66.3,3335.1,1,1
CUS005805,20,month_to_month,dsl,electronic_check,False,6,64.36,1279.82,0,0
CUS005806,35,month_to_month,fiber,credit_card,True,6,74.2,2647.26,1,0
CUS005807,46,one_year,none,electronic_check,False,1,16.83,741.35,0,0
CUS005808,66,one_year,fiber,credit_card,False,2,61.37,3775.22,1,0
CUS005809,15,one_year,dsl,bank_transfer,True,6,65.22,967.8,0,0
CUS005810,49,two_year,dsl,electronic_check,True,5,48.51,2470.59,0,0
CUS005811,2,month_to_month,dsl,credit_card,True,5,57.42,114.1,0,0
CUS005812,20,month_to_month,dsl,credit_card,False,5,59.66,1136.18,3,0
CUS005813,12,month_to_month,none,bank_transfer,False,3,34.3,425.4,1,1
CUS005814,65,month_to_month,none,credit_card,True,2,34.27,2298.08,2,0
CUS005815,13,month_to_month,fiber,credit_card,False,6,73.63,952.93,1,0
CUS005816,2,month_to_month,none,electronic_check,False,1,24.99,52.44,0,1
CUS005817,15,one_year,none,credit_card,True,3,38.83,593.55,0,0
CUS005818,37,month_to_month,none,electronic_check,False,1,23.57,881.24,0,0
CUS005819,72,two_year,fiber,credit_card,True,6,73.65,5283.7,1,0
CUS005820,4,month_to_month,none,electronic_check,True,0,21.81,84.38,1,1
CUS005821,31,one_year,fiber,credit_card,True,0,46.25,1358.67,0,0
CUS005822,55,month_to_month,none,electronic_check,False,3,39.28,2171.6,0,0
CUS005823,63,month_to_month,fiber,bank_transfer,True,0,49.62,3176.04,0,0
CUS005824,11,month_to_month,none,mailed_check,False,5,47.85,551.51,1,0
CUS005825,49,one_year,dsl,bank_transfer,False,6,59.83,2744.97,0,0
CUS005826,69,month_to_month,fiber,electronic_check,True,1,47.8,3168.02,0,0
CUS005827,54,month_to_month,dsl,credit_card,False,6,64.37,3448.7,0,0
CUS005828,53,one_year,fiber,bank_transfer,True,1,53.0,2862.51,0,0
CUS005829,54,two_year,dsl,electronic_check,False,1,34.36,1864.27,0,0
CUS005830,39,two_year,fiber,credit_card,True,5,64.06,2331.31,1,0
CUS005831,27,one_year,dsl,electronic_check,True,0,40.94,1125.82,0,0
CUS005832,12,month_to_month,dsl,electronic_check,True,6,69.09,830.49,0,0
CUS005833,31,month_to_month,fiber,credit_card,True,5,68.86,2105.61,2,0
CUS005834,45,one_year,fiber,mailed_check,True,1,49.91,2298.66,1,0
CUS005835,21,two_year,fiber,credit_card,False,0,51.33,1003.63,0,0
CUS005836,65,two_year,dsl,credit_card,True,0,16.46,1045.85,0,0
CUS005837,54,two_year,dsl,credit_card,False,0,29.38,1646.82,0,0
CUS005838,22,month_to_month,dsl,bank_transfer,True,0,40.92,839.45,0,0
CUS005839,35,two_year,fiber,bank_transfer,False,6,77.01,2742.92,0,0
CUS005840,58,month_to_month,dsl,electronic_check,False,1,34.85,2088.83,2,0
CUS005841,55,month_to_month,none,credit_card,True,1,29.93,1608.83,1,0
CUS005842,39,two_year,none,mailed_check,True,2,40.58,1495.37,0,0
CUS005843,27,two_year,fiber,electronic_check,True,5,74.13,2014.19,0,0
CUS005844,58,two_year,fiber,electronic_check,False,3,64.93,3851.87,0,0
CUS005845,42,month_to_month,dsl,bank_transfer,True,3,44.77,1884.75,0,0
CUS005846,40,month_to_month,none,credit_card,False,5,44.23,1767.06,0,0
CUS005847,66,month_to_month,fiber,mailed_check,True,2,56.24,3533.93,1,0
CUS005848,70,month_to_month,fiber,mailed_check,False,1,47.07,3182.83,0,0
CUS005849,49,one_year,dsl,bank_transfer,True,5,66.45,3287.67,1,0
CUS005850,10,one_year,fiber,credit_card,True,1,59.53,599.74,0,0
CUS005851,24,month_to_month,none,credit_card,True,6,44.44,1080.83,2,0
CUS005852,68,month_to_month,fiber,bank_transfer,True,3,69.49,4678.7,0,0
CUS005853,27,two_year,fiber,mailed_check,True,3,61.43,1740.79,0,0
CUS005854,51,month_to_month,dsl,electronic_check,True,6,63.83,3391.74,0,0
CUS005855,26,one_year,dsl,mailed_check,False,0,35.51,958.12,0,0
CUS005856,24,month_to_month,none,bank_transfer,True,5,54.45,1280.98,0,0
CUS005857,39,month_to_month,fiber,electronic_check,True,2,58.1,2330.79,0,0
CUS005858,60,month_to_month,dsl,credit_card,True,5,63.64,3874.66,1,0
CUS005859,1,one_year,fiber,credit_card,True,3,63.81,,1,0
CUS005860,49,month_to_month,dsl,electronic_check,False,1,30.18,1450.84,1,0
CUS005861,53,month_to_month,fiber,electronic_check,False,0,44.85,2269.65,0,1
CUS005862,5,two_year,none,credit_card,False,5,50.13,252.79,1,0
CUS005863,72,one_year,fiber,electronic_check,False,3,71.21,5270.41,0,0
CUS005864,18,month_to_month,dsl,electronic_check,False,2,33.96,632.99,0,0
CUS005865,27,month_to_month,fiber,electronic_check,True,3,64.74,1682.19,2,1
CUS005866,64,two_year,dsl,electronic_check,True,3,49.23,2989.2,1,0
CUS005867,46,month_to_month,fiber,electronic_check,True,6,78.65,3370.91,1,0
CUS005868,51,two_year,none,credit_card,False,5,43.34,2188.97,1,0
CUS005869,43,one_year,fiber,electronic_check,False,0,50.56,2273.93,0,0
CUS005870,4,two_year,dsl,credit_card,True,6,60.69,240.23,0,0
CUS005871,71,month_to_month,fiber,bank_transfer,True,0,46.8,3292.36,1,0
CUS005872,24,month_to_month,fiber,bank_transfer,False,5,67.18,1687.26,0,1
CUS005873,65,month_to_month,fiber,bank_transfer,True,3,59.44,3887.91,2,0
CUS005874,54,one_year,none,electronic_check,True,5,42.43,2209.86,1,0
CUS005875,71,month_to_month,dsl,electronic_check,True,3,58.28,4330.69,2,0
CUS005876,70,month_to_month,fiber,credit_card,True,5,76.23,4963.16,1,0
CUS005877,53,month_to_month,fiber,credit_card,True,6,72.49,3998.6,2,0
CUS005878,67,month_to_month,fiber,credit_card,False,4,67.44,4471.42,1,0
CUS005879,9,month_to_month,dsl,mailed_check,False,2,37.03,342.99,0,1
CUS005880,24,month_to_month,fiber,electronic_check,False,5,76.79,1848.59,1,1
CUS005881,62,one_year,fiber,credit_card,True,4,70.31,4245.84,0,0
CUS005882,45,month_to_month,fiber,electronic_check,False,4,67.32,3026.34,0,0
CUS005883,49,month_to_month,fiber,credit_card,False,3,66.0,3268.42,0,0
CUS005884,42,month_to_month,none,credit_card,True,5,48.05,2093.11,0,0
CUS005885,30,one_year,dsl,electronic_check,False,5,61.07,1746.32,1,1
CUS005886,46,month_to_month,dsl,mailed_check,False,3,52.79,2402.0,1,0
CUS005887,55,two_year,dsl,bank_transfer,True,3,42.56,2437.24,0,0
CUS005888,56,two_year,dsl,electronic_check,False,3,52.29,3053.71,1,0
CUS005889,32,one_year,none,credit_card,True,6,54.04,1748.04,1,0
CUS005890,29,month_to_month,dsl,credit_card,True,4,58.22,1651.26,0,1
CUS005891,21,one_year,fiber,electronic_check,True,2,54.78,1096.12,1,0
CUS005892,35,two_year,fiber,electronic_check,True,2,50.18,1656.2,1,0
CUS005893,21,month_to_month,fiber,electronic_check,False,4,72.55,1425.38,2,0
CUS005894,57,month_to_month,fiber,electronic_check,True,5,67.82,3935.51,0,0
CUS005895,53,two_year,dsl,credit_card,True,1,36.0,1911.74,1,0
CUS005896,18,month_to_month,fiber,mailed_check,False,1,52.65,979.73,0,0
CUS005897,6,two_year,dsl,credit_card,True,5,53.95,319.35,0,0
CUS005898,27,month_to_month,fiber,mailed_check,False,2,58.9,1482.58,0,0
CUS005899,39,one_year,dsl,bank_transfer,False,6,57.42,2138.19,2,0
CUS005900,67,two_year,none,credit_card,True,0,15.58,1013.71,0,0
CUS005901,28,month_to_month,fiber,bank_transfer,False,2,58.94,1605.07,2,0
CUS005902,67,month_to_month,none,bank_transfer,True,0,11.9,773.5,1,0
CUS005903,6,one_year,fiber,mailed_check,False,0,43.84,269.81,0,0
CUS005904,67,two_year,dsl,electronic_check,True,1,40.27,2649.67,2,0
CUS005905,8,month_to_month,dsl,electronic_check,True,5,64.26,533.67,2,1
CUS005906,50,month_to_month,fiber,bank_transfer,True,5,77.44,3730.47,0,0
CUS005907,24,month_to_month,none,bank_transfer,False,2,28.44,676.02,1,0
CUS005908,42,month_to_month,dsl,credit_card,True,3,51.94,2250.39,0,0
CUS005909,5,month_to_month,dsl,bank_transfer,True,4,40.35,197.94,0,0
CUS005910,51,two_year,none,electronic_check,True,1,21.05,1003.04,1,0
CUS005911,17,month_to_month,fiber,electronic_check,False,6,74.2,1218.11,1,1
CUS005912,4,month_to_month,fiber,mailed_check,False,3,59.35,243.1,1,1
CUS005913,12,two_year,dsl,electronic_check,True,5,63.73,776.21,0,0
CUS005914,72,month_to_month,fiber,mailed_check,True,6,72.86,5481.38,0,0
CUS005915,60,month_to_month,fiber,electronic_check,False,1,49.81,3080.8,0,0
CUS005916,39,two_year,dsl,electronic_check,True,3,47.39,1871.35,0,0
CUS005917,5,month_to_month,fiber,electronic_check,False,0,54.89,264.31,0,1
CUS005918,47,month_to_month,fiber,mailed_check,True,3,56.31,2691.98,1,0
CUS005919,29,two_year,fiber,bank_transfer,True,0,40.82,1199.45,2,0
CUS005920,16,month_to_month,fiber,credit_card,False,4,70.08,1128.48,2,0
CUS005921,54,month_to_month,fiber,bank_transfer,False,2,44.49,2503.43,1,1
CUS005922,14,two_year,dsl,bank_transfer,False,5,57.34,791.22,3,0
CUS005923,28,month_to_month,dsl,credit_card,False,3,46.93,1319.56,1,0
CUS005924,22,month_to_month,fiber,credit_card,False,0,47.52,994.97,0,1
CUS005925,56,one_year,fiber,credit_card,True,6,75.19,4026.91,3,0
CUS005926,10,one_year,fiber,credit_card,True,0,53.72,528.11,1,0
CUS005927,3,month_to_month,fiber,electronic_check,True,6,76.81,219.92,0,1
CUS005928,40,one_year,dsl,credit_card,False,5,66.97,2531.29,2,0
CUS005929,31,month_to_month,dsl,mailed_check,True,0,35.31,1114.21,0,0
CUS005930,4,one_year,none,mailed_check,True,1,23.6,89.23,1,0
CUS005931,70,month_to_month,dsl,bank_transfer,True,6,60.05,4390.05,0,0
CUS005932,38,month_to_month,dsl,electronic_check,True,4,60.77,2417.68,3,0
CUS005933,69,one_year,fiber,electronic_check,False,4,64.14,4192.47,1,0
CUS005934,3,month_to_month,fiber,mailed_check,False,5,69.24,215.76,1,0
CUS005935,32,month_to_month,none,electronic_check,True,2,33.62,1059.98,1,0
CUS005936,52,month_to_month,dsl,bank_transfer,True,3,49.77,2693.67,1,0
CUS005937,3,one_year,fiber,electronic_check,False,0,44.31,131.15,1,1
CUS005938,27,one_year,none,electronic_check,False,6,53.95,1482.97,0,0
CUS005939,2,month_to_month,fiber,mailed_check,True,6,74.17,140.67,1,1
CUS005940,25,month_to_month,none,credit_card,True,4,44.47,1081.43,0,0
CUS005941,63,two_year,fiber,mailed_check,False,1,52.15,3243.96,2,0
CUS005942,61,one_year,fiber,electronic_check,False,2,59.16,3715.78,1,0
CUS005943,8,month_to_month,fiber,mailed_check,False,0,47.88,366.48,0,1
CUS005944,22,two_year,none,credit_card,False,0,17.1,377.29,2,0
CUS005945,51,month_to_month,dsl,bank_transfer,False,3,49.68,2363.42,0,0
CUS005946,19,one_year,fiber,mailed_check,False,4,69.89,1327.19,1,0
CUS005947,39,month_to_month,dsl,bank_transfer,True,4,56.6,2237.29,0,0
CUS005948,64,two_year,fiber,bank_transfer,True,3,59.63,3716.66,0,0
CUS005949,25,one_year,fiber,bank_transfer,False,4,67.47,1643.14,1,0
CUS005950,15,two_year,none,credit_card,False,0,29.03,429.37,0,0
CUS005951,14,month_to_month,dsl,electronic_check,False,1,38.61,562.28,1,1
CUS005952,44,month_to_month,dsl,mailed_check,True,6,62.24,2723.02,1,0
CUS005953,5,two_year,fiber,bank_transfer,False,5,74.61,383.14,0,0
CUS005954,50,month_to_month,none,bank_transfer,False,3,35.81,1707.0,1,0
CUS005955,66,month_to_month,fiber,credit_card,False,0,44.63,3033.63,0,0
CUS005956,19,one_year,none,electronic_check,True,3,36.46,645.56,0,0
CUS005957,19,two_year,fiber,mailed_check,True,3,58.04,1100.32,0,0
CUS005958,4,month_to_month,dsl,bank_transfer,True,6,70.49,291.15,1,0
CUS005959,34,month_to_month,fiber,mailed_check,True,3,61.62,2160.15,3,0
CUS005960,38,month_to_month,dsl,credit_card,True,0,26.44,1007.76,1,0
CUS005961,34,month_to_month,dsl,mailed_check,True,2,47.09,1497.53,0,0
CUS005962,12,month_to_month,fiber,credit_card,True,3,62.85,725.62,1,0
CUS005963,64,month_to_month,none,mailed_check,False,1,36.09,2330.45,0,0
CUS005964,25,month_to_month,dsl,credit_card,True,6,66.4,1587.16,1,0
CUS005965,62,month_to_month,dsl,bank_transfer,True,2,39.52,2453.32,0,0
CUS005966,4,month_to_month,dsl,bank_transfer,False,4,50.96,205.17,0,1
CUS005967,39,two_year,fiber,bank_transfer,False,5,71.87,2618.76,1,0
CUS005968,47,two_year,dsl,credit_card,True,6,64.77,3132.7,0,0
CUS005969,39,one_year,dsl,electronic_check,False,2,40.51,1500.89,2,0
CUS005970,30,two_year,fiber,credit_card,False,4,60.01,1714.31,1,0
CUS005971,16,month_to_month,none,electronic_check,False,5,44.53,738.65,2,1
CUS005972,24,two_year,fiber,electronic_check,True,0,47.36,1137.79,2,0
CUS005973,11,month_to_month,fiber,electronic_check,False,6,81.2,875.62,1,1
CUS005974,21,month_to_month,none,credit_card,False,3,40.09,834.88,0,0
CUS005975,10,month_to_month,dsl,electronic_check,True,1,38.62,396.95,1,0
CUS005976,2,month_to_month,dsl,credit_card,False,1,37.34,77.38,0,0
CUS005977,12,two_year,dsl,electronic_check,True,4,53.12,658.49,1,0
CUS005978,26,one_year,none,electronic_check,True,0,18.74,489.07,0,0
CUS005979,51,month_to_month,dsl,mailed_check,True,0,35.46,1851.64,0,0
CUS005980,15,month_to_month,none,electronic_check,False,6,50.93,751.78,3,0
CUS005981,64,two_year,none,electronic_check,True,0,19.89,1275.27,1,0
CUS005982,32,two_year,fiber,credit_card,False,0,47.93,1589.93,0,0
CUS005983,33,month_to_month,fiber,electronic_check,False,0,48.27,1671.67,0,0
CUS005984,3,month_to_month,fiber,mailed_check,True,5,70.18,218.69,0,1
CUS005985,31,two_year,none,credit_card,True,2,32.89,951.19,1,0
CUS005986,67,month_to_month,fiber,bank_transfer,False,0,34.26,2362.11,2,0
CUS005987,18,two_year,dsl,bank_transfer,False,2,36.75,668.21,2,1
CUS005988,20,month_to_month,fiber,electronic_check,False,0,54.95,1083.23,1,0
CUS005989,13,month_to_month,fiber,bank_transfer,True,3,60.71,805.23,0,0
CUS005990,35,month_to_month,fiber,bank_transfer,True,1,47.47,1744.51,1,0
CUS005991,3,one_year,dsl,electronic_check,True,5,52.41,153.52,0,0
CUS005992,53,month_to_month,fiber,credit_card,True,6,77.12,4289.37,1,0
CUS005993,18,one_year,dsl,mailed_check,True,2,38.43,721.36,1,0
CUS005994,6,month_to_month,fiber,bank_transfer,False,2,58.64,363.93,0,1
CUS005995,16,month_to_month,fiber,mailed_check,False,4,56.35,921.14,0,0
CUS005996,21,month_to_month,fiber,electronic_check,False,5,66.16,1394.36,2,0
CUS005997,1,month_to_month,dsl,credit_card,False,3,47.09,,2,0
CUS005998,55,month_to_month,dsl,electronic_check,True,6,70.27,3610.76,1,0
CUS005999,36,month_to_month,fiber,bank_transfer,True,6,79.98,2736.7,0,0
CUS006000,25,two_year,fiber,credit_card,True,5,70.8,1744.81,0,0
CUS006001,40,two_year,fiber,bank_transfer,True,0,45.48,1759.56,0,0
CUS006002,8,two_year,none,electronic_check,True,6,55.91,441.8,1,0
CUS006003,72,month_to_month,none,mailed_check,True,4,44.45,3128.84,1,0
CUS006004,44,one_year,dsl,mailed_check,True,2,41.38,1867.82,0,0
CUS006005,42,month_to_month,fiber,bank_transfer,True,1,54.27,2370.79,1,0
CUS006006,47,one_year,dsl,credit_card,True,4,55.85,2687.09,0,1
CUS006007,29,one_year,fiber,mailed_check,False,1,48.14,1347.53,0,0
CUS006008,32,month_to_month,dsl,credit_card,False,3,41.64,1298.04,0,0
CUS006009,22,month_to_month,dsl,credit_card,True,1,36.13,753.55,1,0
CUS006010,18,month_to_month,fiber,credit_card,True,0,40.92,696.65,0,1
CUS006011,37,month_to_month,none,bank_transfer,False,5,43.16,1548.96,1,0
CUS006012,31,month_to_month,fiber,electronic_check,True,0,48.9,1571.48,0,0
CUS006013,62,two_year,dsl,credit_card,False,3,46.92,2965.8,2,0
CUS006014,41,one_year,dsl,electronic_check,True,4,51.69,2109.9,0,0
CUS006015,50,two_year,fiber,bank_transfer,True,2,56.4,2797.13,0,0
CUS006016,14,month_to_month,dsl,bank_transfer,True,5,52.09,763.54,0,0
CUS006017,32,one_year,fiber,electronic_check,True,2,61.26,2034.87,2,0
CUS006018,14,month_to_month,fiber,electronic_check,False,0,48.22,679.34,0,1
CUS006019,26,month_to_month,fiber,mailed_check,False,5,71.43,1779.35,0,0
CUS006020,17,one_year,fiber,electronic_check,True,0,47.91,839.6,1,0
CUS006021,65,month_to_month,fiber,electronic_check,False,2,51.08,3412.79,1,0
CUS006022,62,month_to_month,fiber,electronic_check,True,3,57.17,3570.64,2,1
CUS006023,58,month_to_month,fiber,credit_card,False,6,82.64,4523.67,0,0
CUS006024,42,month_to_month,dsl,credit_card,False,6,57.07,2437.74,1,0
CUS006025,1,month_to_month,fiber,credit_card,False,0,53.35,,1,1
CUS006026,48,month_to_month,fiber,bank_transfer,False,0,43.24,2041.8,2,0
CUS006027,67,two_year,fiber,electronic_check,False,6,77.06,5239.46,1,0
CUS006028,26,month_to_month,fiber,mailed_check,False,2,57.5,1517.32,0,0
CUS006029,4,month_to_month,none,electronic_check,False,6,62.33,258.33,1,1
CUS006030,7,two_year,fiber,credit_card,False,1,52.9,386.64,1,0
CUS006031,58,month_to_month,fiber,electronic_check,True,3,62.29,3378.68,1,0
CUS006032,67,month_to_month,dsl,credit_card,False,5,54.11,3474.09,1,0
CUS006033,2,month_to_month,fiber,bank_transfer,True,5,78.03,147.53,0,1
CUS006034,33,one_year,none,bank_transfer,True,4,44.71,1404.34,1,0
CUS006035,30,month_to_month,dsl,electronic_check,False,2,46.56,1322.54,1,1
CUS006036,28,month_to_month,fiber,mailed_check,False,3,57.8,1552.07,1,0
CUS006037,57,month_to_month,dsl,bank_transfer,True,0,26.5,1441.61,1,0
CUS006038,18,month_to_month,dsl,electronic_check,True,5,56.35,975.74,0,1
CUS006039,39,month_to_month,dsl,bank_transfer,True,1,38.49,1557.14,1,0
CUS006040,27,one_year,fiber,credit_card,False,6,68.52,1827.86,2,0
CUS006041,34,month_to_month,none,credit_card,True,0,20.49,684.88,1,0
CUS006042,51,one_year,none,electronic_check,True,5,52.74,2748.05,0,0
CUS006043,16,two_year,dsl,credit_card,True,3,45.68,686.5,0,0
CUS006044,35,month_to_month,none,credit_card,False,0,15.87,534.27,1,0
CUS006045,67,one_year,fiber,electronic_check,False,5,74.37,5151.2,0,0
CUS006046,10,month_to_month,fiber,credit_card,False,6,72.75,695.54,0,0
CUS006047,48,one_year,fiber,mailed_check,True,2,57.24,2699.64,0,0
CUS006048,48,one_year,fiber,electronic_check,False,2,60.12,2966.03,1,1
CUS006049,2,month_to_month,none,bank_transfer,True,4,40.67,83.09,0,0
CUS006050,50,one_year,fiber,bank_transfer,True,3,68.19,3505.14,0,0
CUS006051,72,two_year,dsl,credit_card,False,1,41.81,2902.89,1,0
CUS006052,52,month_to_month,dsl,mailed_check,False,0,29.27,1556.44,3,1
CUS006053,71,month_to_month,fiber,electronic_check,True,1,53.45,3801.65,0,0
CUS006054,13,month_to_month,fiber,bank_transfer,True,4,65.59,809.56,0,0
CUS006055,12,one_year,dsl,electronic_check,False,5,56.76,648.62,0,0
CUS006056,28,one_year,fiber,mailed_check,True,4,55.28,1606.63,2,0
CUS006057,19,one_year,fiber,credit_card,False,4,68.16,1323.57,0,0
CUS006058,27,month_to_month,dsl,electronic_check,False,3,47.03,1190.69,0,1
CUS006059,63,one_year,none,credit_card,True,5,49.37,2958.89,0,0
CUS006060,72,one_year,fiber,bank_transfer,True,5,73.01,4906.58,0,0
CUS006061,54,month_to_month,none,credit_card,False,4,40.85,2255.97,2,0
CUS006062,71,month_to_month,fiber,credit_card,False,2,55.73,3803.17,0,0
CUS006063,4,one_year,dsl,mailed_check,True,2,38.82,162.17,1,0
CUS006064,22,month_to_month,fiber,credit_card,False,5,74.23,1584.05,1,1
CUS006065,38,one_year,dsl,electronic_check,True,0,19.26,750.07,1,0
CUS006066,67,month_to_month,dsl,bank_transfer,False,6,63.86,4362.62,0,0
CUS006067,63,two_year,none,credit_card,True,6,47.96,2834.07,0,0
CUS006068,66,two_year,fiber,credit_card,False,6,82.52,5675.4,0,0
CUS006069,34,two_year,fiber,bank_transfer,False,1,53.03,1814.54,0,0
CUS006070,10,month_to_month,dsl,mailed_check,True,1,26.6,275.35,1,1
CUS006071,56,month_to_month,none,bank_transfer,True,3,37.77,2005.2,2,1
CUS006072,47,one_year,fiber,electronic_check,True,4,66.1,3185.12,2,1
CUS006073,10,month_to_month,dsl,mailed_check,True,6,55.27,525.81,0,0
CUS006074,44,one_year,fiber,electronic_check,False,0,42.74,1835.69,0,0
CUS006075,44,month_to_month,fiber,mailed_check,False,5,73.36,3257.92,0,1
CUS006076,33,month_to_month,fiber,credit_card,False,5,66.43,2077.36,2,0
CUS006077,46,one_year,fiber,electronic_check,True,0,41.75,1866.68,2,0
CUS006078,17,month_to_month,dsl,credit_card,True,0,33.21,557.94,0,0
CUS006079,54,month_to_month,dsl,mailed_check,False,3,50.38,2652.93,2,0
CUS006080,64,month_to_month,dsl,bank_transfer,True,0,29.56,1896.15,2,0
CUS006081,2,month_to_month,fiber,electronic_check,False,6,74.69,140.4,1,1
CUS006082,37,one_year,fiber,credit_card,True,1,47.98,1744.61,1,0
CUS006083,39,month_to_month,none,electronic_check,False,6,50.7,1850.72,0,1
CUS006084,42,month_to_month,fiber,credit_card,True,4,63.1,2493.05,0,0
CUS006085,28,one_year,fiber,electronic_check,True,1,50.04,1350.92,1,0
CUS006086,25,one_year,dsl,credit_card,True,4,50.93,1325.28,0,0
CUS006087,37,one_year,fiber,electronic_check,True,4,66.49,2396.26,0,1
CUS006088,24,month_to_month,dsl,electronic_check,True,0,29.59,680.09,0,0
CUS006089,56,one_year,dsl,mailed_check,True,6,55.06,3093.86,0,0
CUS006090,27,month_to_month,dsl,bank_transfer,True,3,45.26,1279.98,2,1
CUS006091,10,month_to_month,fiber,electronic_check,False,4,70.02,691.46,0,1
CUS006092,35,month_to_month,fiber,electronic_check,True,4,64.62,2218.89,1,0
CUS006093,69,month_to_month,none,electronic_check,True,1,26.5,1784.76,0,0
CUS006094,19,month_to_month,dsl,electronic_check,False,4,52.56,1023.76,0,1
CUS006095,29,one_year,fiber,bank_transfer,True,0,49.83,1462.53,0,0
CUS006096,62,month_to_month,fiber,credit_card,True,0,48.79,3144.74,0,0
CUS006097,5,two_year,fiber,electronic_check,False,5,72.68,343.45,0,1
CUS006098,14,month_to_month,fiber,bank_transfer,False,6,78.72,1051.28,0,1
CUS006099,41,month_to_month,dsl,bank_transfer,True,6,60.11,2483.37,0,0
CUS006100,58,one_year,fiber,bank_transfer,False,3,71.65,4265.76,0,0
CUS006101,9,month_to_month,fiber,credit_card,False,2,53.59,478.06,1,1
CUS006102,10,month_to_month,dsl,bank_transfer,True,0,30.7,294.4,0,0
CUS006103,25,month_to_month,fiber,credit_card,False,0,43.22,1041.53,0,0
CUS006104,22,one_year,fiber,electronic_check,False,3,67.19,1422.26,1,1
CUS006105,37,month_to_month,none,mailed_check,False,4,40.91,1552.77,0,1
CUS006106,38,month_to_month,dsl,credit_card,False,2,36.21,1379.97,0,0
CUS006107,71,month_to_month,dsl,electronic_check,True,0,31.42,2118.34,0,0
CUS006108,3,two_year,fiber,electronic_check,False,3,66.49,189.6,1,1
CUS006109,43,two_year,none,mailed_check,True,0,21.16,880.09,0,0
CUS006110,66,month_to_month,dsl,electronic_check,True,5,45.88,3176.49,2,0
CUS006111,47,month_to_month,none,electronic_check,False,1,24.55,1098.1,2,0
CUS006112,18,month_to_month,dsl,electronic_check,True,0,32.06,557.52,1,1
CUS006113,66,month_to_month,fiber,electronic_check,True,1,52.28,3430.28,1,1
CUS006114,33,two_year,fiber,credit_card,True,2,53.13,1838.37,1,0
CUS006115,4,one_year,dsl,credit_card,True,4,47.78,199.2,0,1
CUS006116,66,one_year,none,mailed_check,False,0,17.52,1101.44,3,0
CUS006117,71,month_to_month,dsl,electronic_check,True,0,34.37,2387.29,0,0
CUS006118,38,two_year,dsl,bank_transfer,True,2,43.82,1614.35,1,0
CUS006119,31,month_to_month,dsl,electronic_check,False,6,55.8,1673.86,1,0
CUS006120,63,month_to_month,dsl,electronic_check,False,0,33.7,2136.33,1,0
CUS006121,61,one_year,fiber,mailed_check,True,0,41.7,2387.9,0,0
CUS006122,36,two_year,dsl,electronic_check,True,5,56.23,2077.31,0,0
CUS006123,43,month_to_month,dsl,credit_card,True,0,41.63,1797.57,0,0
CUS006124,30,two_year,none,bank_transfer,False,1,25.18,746.99,0,0
CUS006125,49,month_to_month,fiber,bank_transfer,True,0,45.35,2200.68,0,0
CUS006126,29,month_to_month,dsl,bank_transfer,True,1,34.98,944.05,2,1
CUS006127,51,one_year,dsl,bank_transfer,False,4,48.76,2449.84,2,0
CUS006128,72,month_to_month,dsl,electronic_check,True,6,61.76,4603.37,0,0
CUS006129,56,month_to_month,none,credit_card,True,6,50.32,2844.06,0,0
CUS006130,44,two_year,none,electronic_check,False,2,34.21,1459.24,0,0
CUS006131,8,two_year,dsl,bank_transfer,True,6,61.27,456.78,2,1
CUS006132,47,two_year,fiber,credit_card,False,0,47.98,2111.55,0,0
CUS006133,19,month_to_month,dsl,bank_transfer,False,4,50.7,912.79,0,1
CUS006134,2,month_to_month,fiber,bank_transfer,False,4,74.11,153.38,0,1
CUS006135,50,month_to_month,fiber,electronic_check,False,4,69.51,3578.83,1,0
CUS006136,44,month_to_month,dsl,mailed_check,True,5,60.11,2692.64,1,0
CUS006137,27,month_to_month,fiber,credit_card,True,4,61.91,1606.04,1,1
CUS006138,63,one_year,none,credit_card,True,0,21.53,1385.38,0,0
CUS006139,24,month_to_month,none,electronic_check,True,1,17.77,415.98,1,0
CUS006140,25,two_year,dsl,credit_card,True,4,53.96,1326.74,3,0
CUS006141,31,one_year,dsl,credit_card,True,6,59.14,1883.07,0,0
CUS006142,8,one_year,dsl,bank_transfer,False,2,39.2,294.73,0,0
CUS006143,43,month_to_month,fiber,credit_card,False,5,69.15,2875.95,2,1
CUS006144,60,two_year,fiber,bank_transfer,True,2,55.76,3313.51,0,0
CUS006145,55,month_to_month,fiber,bank_transfer,True,6,76.62,4232.84,0,0
CUS006146,10,two_year,dsl,electronic_check,False,5,56.56,535.12,0,0
CUS006147,12,month_to_month,fiber,mailed_check,False,3,55.37,691.6,2,1
CUS006148,68,two_year,dsl,credit_card,True,2,35.92,2311.35,1,0
CUS006149,64,month_to_month,fiber,credit_card,False,5,69.85,4187.42,1,0
CUS006150,62,month_to_month,fiber,credit_card,True,3,61.55,3746.79,1,1
CUS006151,48,month_to_month,dsl,electronic_check,False,1,38.71,1867.86,1,0
CUS006152,49,month_to_month,fiber,bank_transfer,False,4,60.73,2969.93,1,0
CUS006153,26,month_to_month,fiber,electronic_check,True,4,77.24,1965.38,0,0
CUS006154,31,month_to_month,none,electronic_check,True,5,43.02,1340.29,1,0
CUS006155,48,month_to_month,dsl,electronic_check,False,6,54.73,2579.91,1,0
CUS006156,2,one_year,fiber,credit_card,False,2,54.22,104.57,0,1
CUS006157,3,one_year,fiber,electronic_check,True,2,59.92,180.82,1,0
CUS006158,57,month_to_month,fiber,credit_card,True,1,50.86,2788.97,0,0
CUS006159,67,one_year,fiber,electronic_check,True,5,69.54,4837.37,1,0
CUS006160,18,month_to_month,dsl,credit_card,True,3,45.03,839.1,0,1
CUS006161,67,one_year,dsl,bank_transfer,False,3,48.54,3352.28,1,0
CUS006162,36,month_to_month,fiber,credit_card,True,1,44.19,1566.17,1,0
CUS006163,9,one_year,dsl,electronic_check,True,6,60.9,553.77,1,0
CUS006164,9,month_to_month,dsl,bank_transfer,False,6,67.9,598.94,2,0
CUS006165,9,two_year,none,credit_card,False,4,48.37,445.58,0,0
CUS006166,51,month_to_month,dsl,electronic_check,False,5,59.53,3146.01,0,0
CUS006167,46,month_to_month,none,credit_card,False,2,28.19,1252.98,2,0
CUS006168,34,two_year,none,electronic_check,True,6,49.26,1692.83,0,0
CUS006169,51,month_to_month,fiber,credit_card,True,1,55.96,2936.89,0,0
CUS006170,36,one_year,dsl,credit_card,True,3,43.86,1623.67,1,0
CUS006171,2,month_to_month,fiber,credit_card,False,1,56.37,108.62,1,1
CUS006172,10,month_to_month,none,electronic_check,True,1,27.84,262.08,0,0
CUS006173,67,month_to_month,dsl,electronic_check,False,6,66.29,4464.57,2,0
CUS006174,48,two_year,none,bank_transfer,False,1,29.11,1429.73,2,0
CUS006175,47,one_year,fiber,mailed_check,False,4,62.21,2876.37,1,0
CUS006176,12,month_to_month,dsl,electronic_check,True,1,39.87,494.25,2,1
CUS006177,60,month_to_month,dsl,bank_transfer,True,1,41.79,2554.8,0,0
CUS006178,52,month_to_month,none,bank_transfer,True,2,34.1,1687.81,0,0
CUS006179,40,month_to_month,fiber,electronic_check,False,6,72.51,2702.84,1,0
CUS006180,14,month_to_month,fiber,credit_card,False,3,63.52,860.16,2,1
CUS006181,50,month_to_month,dsl,credit_card,True,2,46.12,2187.37,1,0
CUS006182,9,month_to_month,dsl,electronic_check,True,5,67.67,636.49,1,0
CUS006183,67,one_year,fiber,bank_transfer,True,4,68.31,4781.63,1,0
CUS006184,50,two_year,none,electronic_check,True,6,57.67,2794.3,0,0
CUS006185,33,month_to_month,dsl,bank_transfer,False,0,37.29,1167.89,1,0
CUS006186,48,two_year,dsl,electronic_check,True,2,37.94,1795.21,2,1
CUS006187,52,month_to_month,fiber,electronic_check,True,5,72.82,3562.55,0,0
CUS006188,3,month_to_month,fiber,credit_card,False,1,47.08,132.79,1,1
CUS006189,18,one_year,fiber,bank_transfer,False,0,46.12,810.07,0,0
CUS006190,33,two_year,fiber,electronic_check,True,2,56.04,1923.92,4,0
CUS006191,58,month_to_month,fiber,credit_card,False,0,46.05,2609.84,0,0
CUS006192,17,month_to_month,none,bank_transfer,True,6,47.08,748.14,1,0
CUS006193,23,one_year,none,electronic_check,False,1,23.72,519.1,0,0
CUS006194,20,one_year,fiber,electronic_check,True,0,50.93,1018.59,1,0
CUS006195,22,month_to_month,fiber,bank_transfer,False,4,64.85,1443.1,0,0
CUS006196,48,two_year,none,bank_transfer,True,0,15.4,748.25,1,0
CUS006197,72,two_year,none,mailed_check,False,4,39.04,2940.69,2,0
CUS006198,8,two_year,dsl,credit_card,True,0,29.79,235.65,2,0
CUS006199,32,month_to_month,fiber,electronic_check,True,6,74.74,2399.16,0,1
CUS006200,17,month_to_month,none,mailed_check,True,3,38.23,674.43,0,0
CUS006201,41,month_to_month,dsl,credit_card,False,5,56.19,2275.25,0,0
CUS006202,53,month_to_month,dsl,credit_card,False,0,28.57,1582.62,1,0
CUS006203,30,month_to_month,fiber,credit_card,True,6,77.71,2184.79,0,0
CUS006204,48,one_year,dsl,electronic_check,True,6,65.97,3101.4,0,0
CUS006205,69,month_to_month,dsl,bank_transfer,True,4,53.98,3748.42,0,0
CUS006206,21,two_year,dsl,credit_card,True,3,35.59,731.8,1,0
CUS006207,57,month_to_month,none,bank_transfer,True,5,39.21,2095.53,3,0
CUS006208,69,month_to_month,fiber,mailed_check,True,0,52.75,3391.71,0,0
CUS006209,29,two_year,fiber,bank_transfer,False,1,46.71,1291.44,1,0
CUS006210,61,month_to_month,fiber,mailed_check,False,6,79.76,4698.81,1,0
CUS006211,11,one_year,dsl,credit_card,True,2,42.26,486.86,1,0
CUS006212,65,month_to_month,fiber,credit_card,True,1,42.32,2721.83,0,0
CUS006213,34,month_to_month,fiber,mailed_check,True,4,68.27,2389.83,1,0
CUS006214,71,month_to_month,dsl,electronic_check,True,4,45.15,3015.56,1,0
CUS006215,34,one_year,none,credit_card,True,4,43.44,1437.62,0,0
CUS006216,61,month_to_month,none,electronic_check,True,6,47.41,2922.14,1,0
CUS006217,39,two_year,none,bank_transfer,True,4,39.37,1578.05,4,0
CUS006218,70,one_year,dsl,electronic_check,False,6,59.57,4105.79,0,0
CUS006219,38,month_to_month,none,electronic_check,True,3,36.28,1332.0,1,0
CUS006220,41,month_to_month,fiber,electronic_check,True,5,70.27,2706.15,1,1
CUS006221,4,one_year,fiber,electronic_check,False,1,59.28,224.63,1,0
CUS006222,38,one_year,fiber,bank_transfer,False,3,62.77,2434.84,0,0
CUS006223,29,two_year,none,electronic_check,True,0,15.73,431.54,2,0
CUS006224,6,month_to_month,fiber,electronic_check,True,0,41.84,236.59,1,1
CUS006225,68,month_to_month,fiber,bank_transfer,True,4,63.37,4492.07,0,0
CUS006226,72,month_to_month,dsl,electronic_check,True,2,34.98,2437.2,1,0
CUS006227,32,month_to_month,fiber,credit_card,True,6,75.83,2504.45,2,1
CUS006228,17,month_to_month,fiber,electronic_check,False,4,69.8,1209.4,1,1
CUS006229,55,one_year,dsl,electronic_check,True,4,46.25,2514.38,0,0
CUS006230,52,month_to_month,dsl,mailed_check,True,4,57.67,3002.78,1,0
CUS006231,30,month_to_month,dsl,electronic_check,False,4,53.86,1666.11,0,1
CUS006232,7,one_year,fiber,electronic_check,True,5,80.07,544.92,0,1
CUS006233,57,month_to_month,fiber,electronic_check,True,1,54.02,3188.58,0,0
CUS006234,21,month_to_month,none,bank_transfer,False,2,28.3,566.62,2,0
CUS006235,8,month_to_month,fiber,electronic_check,True,4,66.39,520.84,1,0
CUS006236,70,two_year,none,credit_card,True,5,47.22,3143.98,1,0
CUS006237,62,month_to_month,none,bank_transfer,False,2,24.63,1496.01,0,0
CUS006238,63,one_year,fiber,electronic_check,False,6,71.29,4321.67,0,0
CUS006239,4,one_year,none,bank_transfer,True,1,27.76,107.32,1,0
CUS006240,71,month_to_month,fiber,credit_card,False,0,48.67,3446.16,0,0
CUS006241,58,month_to_month,fiber,mailed_check,True,3,63.23,3552.06,1,0
CUS006242,44,one_year,fiber,electronic_check,True,2,67.96,2850.74,0,1
CUS006243,67,two_year,dsl,mailed_check,False,2,36.97,2354.75,0,0
CUS006244,8,month_to_month,fiber,credit_card,False,0,42.57,330.6,1,1
CUS006245,67,two_year,fiber,mailed_check,True,1,46.19,3246.22,1,0
CUS006246,28,month_to_month,dsl,bank_transfer,True,4,60.53,1631.58,1,0
CUS006247,50,one_year,none,bank_transfer,True,2,28.51,1389.22,2,0
CUS006248,46,month_to_month,fiber,electronic_check,True,3,59.91,2602.32,0,0
CUS006249,35,month_to_month,dsl,credit_card,False,1,34.72,1232.99,0,0
CUS006250,70,one_year,dsl,bank_transfer,True,3,48.39,3162.04,0,0
CUS006251,39,one_year,none,bank_transfer,True,3,32.93,1246.11,0,0
CUS006252,40,month_to_month,dsl,mailed_check,True,1,34.98,1419.1,1,0
CUS006253,7,one_year,fiber,electronic_check,False,4,60.25,434.03,1,0
CUS006254,51,one_year,dsl,electronic_check,True,2,37.59,1847.42,0,0
CUS006255,36,month_to_month,fiber,electronic_check,False,5,81.41,2868.52,1,0
CUS006256,39,two_year,fiber,bank_transfer,True,2,59.12,2317.37,1,0
CUS006257,9,month_to_month,dsl,electronic_check,False,5,63.86,564.02,0,0
CUS006258,46,month_to_month,dsl,mailed_check,False,0,35.58,1716.4,0,1
CUS006259,19,one_year,fiber,electronic_check,False,2,50.32,984.02,1,1
CUS006260,34,one_year,dsl,electronic_check,True,6,60.81,2090.9,1,0
CUS006261,14,month_to_month,fiber,mailed_check,False,1,45.47,603.9,1,0
CUS006262,69,two_year,none,mailed_check,False,2,34.52,2255.08,1,0
CUS006263,48,month_to_month,fiber,credit_card,True,6,71.65,3530.12,0,0
CUS006264,65,two_year,none,electronic_check,True,1,37.24,2428.03,0,0
CUS006265,66,one_year,fiber,mailed_check,False,3,67.47,4240.87,0,1
CUS006266,47,two_year,dsl,credit_card,True,0,23.45,1085.81,0,0
CUS006267,17,month_to_month,fiber,credit_card,True,2,58.67,1025.01,2,1
CUS006268,22,month_to_month,dsl,mailed_check,True,3,48.25,1100.29,0,0
CUS006269,5,two_year,none,bank_transfer,False,4,44.59,227.67,0,0
CUS006270,51,month_to_month,fiber,electronic_check,False,6,78.37,4134.99,0,0
CUS006271,47,one_year,dsl,bank_transfer,True,1,41.08,1820.11,1,0
CUS006272,4,one_year,fiber,bank_transfer,False,2,57.54,240.55,0,0
CUS006273,46,month_to_month,none,credit_card,True,5,45.79,2015.23,0,0
CUS006274,44,month_to_month,none,credit_card,False,1,23.85,1034.82,1,0
CUS006275,71,month_to_month,fiber,electronic_check,False,5,69.61,4745.3,1,0
CUS006276,40,one_year,fiber,credit_card,False,0,46.89,1914.6,0,0
CUS006277,25,two_year,fiber,mailed_check,True,2,57.61,1474.86,1,0
CUS006278,48,month_to_month,fiber,bank_transfer,True,2,59.25,2935.2,0,0
CUS006279,62,month_to_month,fiber,mailed_check,True,0,48.97,2849.25,1,0
CUS006280,40,month_to_month,none,electronic_check,True,6,49.73,1968.41,0,0
CUS006281,12,month_to_month,dsl,credit_card,False,1,29.15,335.76,0,0
CUS006282,16,month_to_month,dsl,electronic_check,True,6,69.92,1123.11,0,1
CUS006283,14,two_year,none,mailed_check,False,6,44.47,648.46,0,0
CUS006284,70,month_to_month,dsl,bank_transfer,True,0,32.4,2276.18,3,0
CUS006285,62,two_year,fiber,mailed_check,True,2,62.25,3823.8,1,0
CUS006286,65,month_to_month,fiber,electronic_check,True,5,72.75,4776.49,0,0
CUS006287,60,month_to_month,dsl,electronic_check,True,1,41.99,2642.84,2,0
CUS006288,16,one_year,fiber,electronic_check,False,1,49.36,773.39,1,1
CUS006289,9,month_to_month,fiber,bank_transfer,True,1,54.57,484.42,0,0
CUS006290,48,month_to_month,dsl,mailed_check,False,0,33.95,1696.25,1,0
CUS006291,6,month_to_month,fiber,credit_card,True,1,54.49,340.74,1,1
CUS006292,47,one_year,dsl,electronic_check,True,3,45.15,2128.54,1,0
CUS006293,12,month_to_month,fiber,mailed_check,True,1,52.42,651.9,0,0
CUS006294,46,one_year,dsl,electronic_check,False,0,31.67,1428.03,1,0
CUS006295,14,month_to_month,fiber,electronic_check,False,5,71.25,977.46,0,1
CUS006296,68,two_year,none,mailed_check,True,3,37.42,2553.19,3,0
CUS006297,57,month_to_month,dsl,bank_transfer,False,3,42.71,2384.56,1,0
CUS006298,32,two_year,fiber,credit_card,False,3,57.87,1760.17,0,0
CUS006299,34,month_to_month,fiber,electronic_check,True,1,47.59,1607.52,1,0
CUS006300,45,month_to_month,fiber,electronic_check,True,3,56.59,2621.22,1,0
CUS006301,66,month_to_month,dsl,electronic_check,False,5,58.44,3597.66,0,0
CUS006302,4,month_to_month,none,electronic_check,False,2,29.59,116.06,2,1
CUS006303,32,two_year,dsl,mailed_check,True,4,51.99,1654.18,1,0
CUS006304,61,two_year,fiber,credit_card,True,2,58.63,3637.84,2,0
CUS006305,68,month_to_month,fiber,electronic_check,True,6,79.68,5076.25,1,0
CUS006306,54,month_to_month,dsl,electronic_check,False,5,58.61,3029.87,2,0
CUS006307,53,two_year,fiber,mailed_check,True,2,59.95,3231.29,1,0
CUS006308,13,one_year,dsl,bank_transfer,True,1,30.25,382.33,0,0
CUS006309,8,one_year,fiber,bank_transfer,False,2,57.89,440.32,0,0
CUS006310,14,two_year,dsl,electronic_check,True,5,53.04,774.9,1,0
CUS006311,45,month_to_month,fiber,electronic_check,True,6,79.26,3370.38,1,0
CUS006312,23,two_year,fiber,bank_transfer,True,1,49.85,1078.28,1,0
CUS006313,2,month_to_month,dsl,electronic_check,False,4,56.82,107.51,1,0
CUS006314,66,one_year,fiber,credit_card,False,5,74.74,5067.21,1,0
CUS006315,48,month_to_month,fiber,credit_card,True,6,79.2,3969.65,0,0
CUS006316,32,one_year,dsl,credit_card,True,3,44.97,1485.83,0,0
CUS006317,42,month_to_month,fiber,electronic_check,False,3,71.03,2936.91,1,1
CUS006318,59,month_to_month,fiber,credit_card,True,4,69.1,3859.83,0,0
CUS006319,3,month_to_month,dsl,credit_card,True,1,32.7,94.84,0,0
CUS006320,14,two_year,fiber,bank_transfer,False,1,45.44,604.51,2,0
CUS006321,63,one_year,none,bank_transfer,True,6,49.04,3187.71,0,0
CUS006322,22,month_to_month,fiber,bank_transfer,True,4,69.22,1421.63,0,0
CUS006323,13,month_to_month,fiber,bank_transfer,False,3,64.81,845.68,3,1
CUS006324,10,month_to_month,fiber,credit_card,True,3,51.32,515.15,0,0
CUS006325,53,month_to_month,none,credit_card,False,5,46.0,2277.89,0,0
CUS006326,35,two_year,fiber,mailed_check,True,6,70.64,2382.59,0,0
CUS006327,8,month_to_month,dsl,bank_transfer,False,4,57.43,432.96,0,1
CUS006328,40,month_to_month,none,mailed_check,True,3,35.9,1433.91,0,0
CUS006329,71,month_to_month,none,electronic_check,False,5,41.76,2840.12,0,0
CUS006330,71,two_year,fiber,electronic_check,True,1,50.42,3595.35,1,0
CUS006331,17,two_year,none,bank_transfer,True,1,18.65,330.82,0,0
CUS006332,45,two_year,fiber,electronic_check,True,0,44.89,2003.07,0,0
CUS006333,22,month_to_month,dsl,credit_card,False,1,38.64,876.29,0,0
CUS006334,28,month_to_month,fiber,credit_card,False,1,51.49,1363.65,1,0
CUS006335,44,one_year,dsl,credit_card,True,6,62.74,2696.59,0,0
CUS006336,27,one_year,dsl,bank_transfer,True,2,42.65,1072.49,1,0
CUS006337,7,one_year,none,credit_card,True,2,40.12,286.18,0,0
CUS006338,41,month_to_month,fiber,electronic_check,False,1,58.45,2340.02,2,0
CUS006339,66,month_to_month,fiber,credit_card,True,1,49.36,3340.32,1,0
CUS006340,36,month_to_month,none,electronic_check,False,3,36.95,1304.57,1,0
CUS006341,48,one_year,none,electronic_check,True,2,28.71,1365.18,0,0
CUS006342,44,two_year,fiber,credit_card,True,0,43.36,1786.33,1,0
CUS006343,2,one_year,fiber,mailed_check,True,2,60.78,124.77,1,1
CUS006344,41,month_to_month,fiber,mailed_check,False,6,78.96,3396.01,0,0
CUS006345,54,two_year,none,bank_transfer,False,1,32.64,1791.32,1,0
CUS006346,4,month_to_month,fiber,bank_transfer,False,5,74.43,297.75,1,0
CUS006347,31,two_year,fiber,credit_card,False,3,66.4,2048.6,1,0
CUS006348,27,month_to_month,dsl,bank_transfer,False,3,47.27,1303.85,0,0
CUS006349,49,two_year,none,electronic_check,True,4,35.75,1682.25,0,0
CUS006350,64,month_to_month,dsl,mailed_check,False,5,59.33,3966.66,4,0
CUS006351,28,month_to_month,dsl,bank_transfer,True,6,57.08,1490.91,0,0
CUS006352,13,two_year,fiber,mailed_check,True,0,49.7,654.62,1,0
CUS006353,23,month_to_month,fiber,electronic_check,False,1,41.63,965.4,0,0
CUS006354,72,one_year,fiber,electronic_check,False,0,43.14,3208.48,1,0
CUS006355,61,two_year,fiber,electronic_check,False,1,50.8,3235.71,1,0
CUS006356,43,two_year,dsl,mailed_check,True,5,59.52,2423.28,1,0
CUS006357,9,month_to_month,dsl,electronic_check,True,1,34.55,297.24,1,1
CUS006358,26,month_to_month,dsl,electronic_check,False,4,48.93,1303.89,2,0
CUS006359,14,month_to_month,dsl,electronic_check,True,1,36.23,476.1,0,0
CUS006360,2,one_year,dsl,bank_transfer,False,2,36.68,73.8,0,0
CUS006361,43,one_year,none,bank_transfer,True,5,44.88,1984.46,0,0
CUS006362,9,one_year,none,bank_transfer,False,6,52.62,480.36,1,0
CUS006363,2,month_to_month,fiber,credit_card,False,4,63.82,128.68,0,1
CUS006364,33,two_year,none,mailed_check,False,3,36.42,1199.18,1,0
CUS006365,33,two_year,fiber,bank_transfer,False,4,68.32,2225.57,0,0
CUS006366,44,month_to_month,fiber,electronic_check,False,5,74.55,3169.41,0,0
CUS006367,14,month_to_month,none,electronic_check,True,3,47.86,641.48,0,1
CUS006368,39,month_to_month,none,electronic_check,True,0,18.7,718.39,1,0
CUS006369,3,one_year,fiber,credit_card,True,3,58.13,175.07,1,0
CUS006370,29,one_year,dsl,bank_transfer,False,0,34.1,1009.67,0,0
CUS006371,12,one_year,fiber,bank_transfer,True,0,48.64,576.43,0,0
CUS006372,56,two_year,dsl,bank_transfer,True,2,43.22,2384.58,1,0
CUS006373,53,month_to_month,fiber,mailed_check,True,0,52.85,2878.3,0,0
CUS006374,5,two_year,fiber,credit_card,False,3,59.07,298.16,0,0
CUS006375,3,two_year,fiber,bank_transfer,False,2,51.83,157.55,0,0
CUS006376,33,one_year,fiber,bank_transfer,True,0,38.48,1314.55,2,0
CUS006377,46,month_to_month,fiber,electronic_check,True,3,66.94,3068.26,0,0
CUS006378,34,month_to_month,dsl,mailed_check,False,5,58.05,1890.48,1,0
CUS006379,26,month_to_month,none,electronic_check,True,4,42.99,1107.57,1,0
CUS006380,30,month_to_month,fiber,credit_card,True,3,55.76,1726.37,0,1
CUS006381,69,month_to_month,fiber,bank_transfer,False,4,75.05,5369.51,1,0
CUS006382,47,month_to_month,fiber,credit_card,False,1,49.79,2180.15,0,0
CUS006383,18,month_to_month,none,bank_transfer,False,3,39.43,717.79,1,0
CUS006384,59,month_to_month,dsl,bank_transfer,False,2,36.5,2046.44,2,0
CUS006385,63,two_year,dsl,bank_transfer,False,6,57.79,3669.98,2,0
CUS006386,46,month_to_month,fiber,credit_card,False,5,73.08,3345.5,0,0
CUS006387,58,month_to_month,dsl,credit_card,False,0,29.11,1710.79,1,0
CUS006388,42,month_to_month,dsl,electronic_check,True,4,52.19,2187.76,2,0
CUS006389,38,month_to_month,fiber,mailed_check,True,5,66.68,2524.41,0,0
CUS006390,55,two_year,dsl,bank_transfer,False,0,27.13,1432.06,0,0
CUS006391,41,month_to_month,fiber,bank_transfer,True,2,57.13,2356.55,1,1
CUS006392,39,month_to_month,dsl,mailed_check,True,3,48.72,1864.21,0,0
CUS006393,20,one_year,fiber,credit_card,False,5,68.27,1340.85,0,0
CUS006394,22,one_year,fiber,bank_transfer,True,5,77.36,1734.93,0,0
CUS006395,32,one_year,none,credit_card,False,1,26.62,876.33,1,0
CUS006396,69,month_to_month,fiber,credit_card,True,6,67.08,4550.31,1,0
CUS006397,54,one_year,none,bank_transfer,False,2,32.21,1624.45,2,0
CUS006398,53,month_to_month,dsl,electronic_check,True,0,30.46,1670.48,1,0
CUS006399,65,one_year,dsl,electronic_check,True,1,39.4,2415.0,1,0
CUS006400,8,month_to_month,dsl,mailed_check,False,2,45.0,344.33,1,0
CUS006401,14,month_to_month,none,credit_card,True,2,19.03,273.57,1,0
CUS006402,3,month_to_month,dsl,credit_card,True,3,44.95,129.87,0,0
CUS006403,28,month_to_month,none,bank_transfer,True,4,46.79,1256.97,1,0
CUS006404,11,two_year,none,electronic_check,True,5,40.52,460.69,0,0
CUS006405,36,month_to_month,none,electronic_check,False,4,36.93,1348.22,0,0
CUS006406,3,two_year,fiber,electronic_check,False,6,80.02,250.1,0,0
CUS006407,64,one_year,fiber,mailed_check,True,4,66.69,4028.46,0,0
CUS006408,58,one_year,dsl,credit_card,False,5,59.75,3398.93,0,0
CUS006409,31,one_year,fiber,electronic_check,True,1,48.29,1555.76,0,0
CUS006410,32,month_to_month,dsl,credit_card,False,6,59.39,1992.9,0,0
CUS006411,34,month_to_month,fiber,electronic_check,False,6,73.0,2313.12,1,0
CUS006412,29,month_to_month,fiber,credit_card,True,2,55.28,1635.72,1,0
CUS006413,26,two_year,dsl,bank_transfer,False,3,56.42,1370.63,0,0
CUS006414,48,month_to_month,fiber,mailed_check,True,4,74.48,3499.75,2,0
CUS006415,59,month_to_month,fiber,electronic_check,True,3,64.11,3701.13,3,1
CUS006416,8,month_to_month,dsl,credit_card,True,3,48.49,363.16,1,0
CUS006417,29,month_to_month,dsl,mailed_check,False,6,63.3,1803.53,2,1
CUS006418,57,two_year,dsl,electronic_check,True,4,48.96,2869.18,1,0
CUS006419,4,month_to_month,dsl,bank_transfer,True,4,64.71,269.25,0,1
CUS006420,44,month_to_month,none,electronic_check,True,0,4.46,182.8,3,0
CUS006421,3,month_to_month,none,electronic_check,False,6,48.94,151.47,0,0
CUS006422,69,one_year,dsl,bank_transfer,False,0,32.85,2114.95,0,0
CUS006423,36,month_to_month,fiber,electronic_check,True,3,66.79,2315.43,0,0
CUS006424,38,two_year,fiber,bank_transfer,False,6,72.36,2763.92,0,0
CUS006425,65,month_to_month,dsl,electronic_check,True,5,57.75,3789.36,2,0
CUS006426,68,two_year,fiber,electronic_check,True,1,52.68,3359.62,1,0
CUS006427,22,month_to_month,dsl,mailed_check,True,3,49.88,1041.99,1,0
CUS006428,42,two_year,fiber,bank_transfer,True,3,62.08,2620.94,0,0
CUS006429,40,two_year,none,electronic_check,True,0,19.5,731.9,0,0
CUS006430,58,two_year,fiber,bank_transfer,False,5,75.03,4403.13,0,0
CUS006431,48,two_year,dsl,credit_card,True,2,42.51,2075.61,1,0
CUS006432,58,month_to_month,fiber,credit_card,True,2,49.33,2892.22,0,0
CUS006433,25,month_to_month,none,electronic_check,False,1,20.55,528.65,1,1
CUS006434,64,one_year,fiber,credit_card,True,4,66.67,4282.07,2,0
CUS006435,45,month_to_month,fiber,credit_card,True,1,46.71,2169.64,1,1
CUS006436,12,one_year,none,credit_card,True,1,24.94,291.53,1,0
CUS006437,5,month_to_month,none,credit_card,False,3,39.75,188.44,2,0
CUS006438,8,one_year,dsl,electronic_check,False,2,43.78,326.17,1,0
CUS006439,61,month_to_month,fiber,electronic_check,True,4,62.67,3728.63,1,0
CUS006440,16,month_to_month,none,electronic_check,False,0,21.07,346.9,3,0
CUS006441,35,month_to_month,fiber,credit_card,True,0,52.85,1921.11,1,1
CUS006442,69,two_year,none,bank_transfer,True,2,29.06,1964.75,1,0
CUS006443,63,month_to_month,fiber,mailed_check,False,1,46.73,3072.86,0,0
CUS006444,56,two_year,none,mailed_check,True,4,37.74,2174.4,0,0
CUS006445,59,month_to_month,dsl,credit_card,False,1,32.85,1984.17,2,0
CUS006446,68,month_to_month,dsl,bank_transfer,False,3,44.57,3101.53,1,0
CUS006447,69,month_to_month,fiber,mailed_check,True,3,61.92,4358.57,1,0
CUS006448,34,month_to_month,fiber,bank_transfer,False,4,63.97,2189.48,0,0
CUS006449,14,two_year,dsl,mailed_check,True,4,56.62,784.38,1,0
CUS006450,4,month_to_month,dsl,electronic_check,True,3,49.64,193.95,1,1
CUS006451,48,month_to_month,none,mailed_check,False,5,46.04,2315.88,1,0
CUS006452,59,month_to_month,dsl,credit_card,False,0,23.05,1342.24,1,1
CUS006453,72,one_year,fiber,mailed_check,True,0,45.4,3282.96,2,0
CUS006454,70,two_year,fiber,bank_transfer,True,1,53.47,3680.43,2,0
CUS006455,49,one_year,dsl,electronic_check,True,2,36.29,1808.75,0,0
CUS006456,65,two_year,dsl,mailed_check,True,2,44.67,2882.57,0,0
CUS006457,61,two_year,fiber,credit_card,False,5,68.58,4036.35,1,0
CUS006458,28,month_to_month,fiber,credit_card,True,0,42.73,1248.91,2,1
CUS006459,3,two_year,none,bank_transfer,True,4,34.66,102.33,0,0
CUS006460,42,month_to_month,dsl,credit_card,True,2,39.0,1696.95,1,0
CUS006461,61,month_to_month,fiber,electronic_check,True,5,80.53,4988.61,0,0
CUS006462,48,two_year,fiber,bank_transfer,False,5,69.69,3504.64,1,0
CUS006463,23,month_to_month,dsl,credit_card,True,2,44.42,1019.82,0,0
CUS006464,39,month_to_month,fiber,credit_card,False,1,55.84,2154.77,1,0
CUS006465,37,month_to_month,fiber,bank_transfer,False,0,37.72,1403.77,2,1
CUS006466,19,two_year,none,bank_transfer,True,4,45.53,861.84,0,0
CUS006467,11,month_to_month,dsl,electronic_check,False,2,44.37,504.25,1,1
CUS006468,64,two_year,dsl,credit_card,True,3,42.68,2814.34,1,0
CUS006469,45,month_to_month,none,bank_transfer,True,4,40.44,1695.63,0,0
CUS006470,21,one_year,fiber,credit_card,False,4,66.84,1456.38,0,0
CUS006471,54,one_year,none,electronic_check,True,5,46.46,2586.74,0,0
CUS006472,34,month_to_month,dsl,electronic_check,False,2,40.7,1364.09,0,0
CUS006473,33,one_year,dsl,electronic_check,True,3,45.96,1446.22,0,0
CUS006474,30,month_to_month,none,mailed_check,True,3,38.97,1204.95,0,0
CUS006475,23,two_year,dsl,mailed_check,False,0,34.65,773.89,0,0
CUS006476,19,month_to_month,dsl,electronic_check,False,3,49.78,901.5,0,0
CUS006477,49,month_to_month,fiber,mailed_check,True,6,69.84,3360.34,0,0
CUS006478,66,two_year,fiber,credit_card,True,6,76.19,5107.92,0,0
CUS006479,72,month_to_month,fiber,electronic_check,True,4,67.22,4665.2,1,0
CUS006480,26,month_to_month,fiber,mailed_check,False,5,76.84,2047.32,0,0
CUS006481,66,one_year,dsl,credit_card,True,4,46.41,2940.0,0,0
CUS006482,28,month_to_month,none,electronic_check,False,3,33.75,907.9,2,0
CUS006483,67,two_year,fiber,bank_transfer,True,1,52.81,3639.96,0,0
CUS006484,21,month_to_month,dsl,electronic_check,False,2,36.84,779.66,0,0
CUS006485,28,month_to_month,fiber,mailed_check,True,4,71.19,1874.16,0,0
CUS006486,15,month_to_month,fiber,bank_transfer,True,6,76.16,1134.71,0,0
CUS006487,54,month_to_month,dsl,bank_transfer,True,5,65.27,3432.93,0,0
CUS006488,68,month_to_month,dsl,credit_card,False,6,66.93,4446.2,1,0
CUS006489,31,month_to_month,fiber,bank_transfer,True,2,54.81,1774.52,1,0
CUS006490,13,one_year,none,credit_card,True,4,40.7,494.11,1,1
CUS006491,1,month_to_month,fiber,bank_transfer,False,2,58.8,,1,1
CUS006492,52,month_to_month,dsl,bank_transfer,True,6,56.72,2823.44,0,0
CUS006493,45,month_to_month,dsl,electronic_check,False,2,37.81,1773.97,0,0
CUS006494,3,one_year,dsl,electronic_check,True,6,60.19,178.51,0,0
CUS006495,46,month_to_month,fiber,electronic_check,True,6,83.24,3920.51,0,0
CUS006496,1,month_to_month,dsl,credit_card,True,2,42.11,,1,1
CUS006497,30,month_to_month,fiber,electronic_check,False,6,77.8,2399.02,1,0
CUS006498,60,two_year,fiber,bank_transfer,False,5,77.35,4792.62,1,0
CUS006499,51,two_year,fiber,bank_transfer,True,5,77.39,3826.45,1,0
CUS006500,28,month_to_month,dsl,mailed_check,False,6,51.9,1359.48,0,0
CUS006501,24,one_year,none,electronic_check,True,2,31.6,720.23,1,0
CUS006502,33,month_to_month,fiber,bank_transfer,True,4,63.13,2130.27,0,0
CUS006503,51,two_year,fiber,electronic_check,True,4,69.58,3482.99,0,0
CUS006504,4,month_to_month,fiber,mailed_check,True,6,68.54,284.66,0,0
CUS006505,5,month_to_month,none,electronic_check,True,1,23.94,117.24,0,0
CUS006506,33,month_to_month,fiber,bank_transfer,False,4,61.4,2054.91,1,0
CUS006507,50,one_year,dsl,electronic_check,True,0,26.74,1269.79,1,0
CUS006508,36,month_to_month,dsl,credit_card,True,0,29.94,1048.66,0,0
CUS006509,54,two_year,none,credit_card,False,6,43.37,2224.1,0,0
CUS006510,69,two_year,dsl,credit_card,True,1,34.92,2241.21,1,0
CUS006511,46,month_to_month,none,credit_card,True,5,38.94,1849.45,2,0
CUS006512,5,two_year,fiber,mailed_check,False,3,60.96,294.94,0,0
CUS006513,68,two_year,none,bank_transfer,False,3,34.06,2328.7,1,0
CUS006514,68,month_to_month,none,mailed_check,False,1,26.43,1749.95,2,0
CUS006515,61,two_year,dsl,electronic_check,True,0,31.25,1803.19,2,0
CUS006516,72,one_year,fiber,electronic_check,True,3,69.09,5073.43,0,0
CUS006517,30,two_year,dsl,electronic_check,False,0,33.03,942.61,0,0
CUS006518,45,month_to_month,fiber,mailed_check,False,6,83.65,3660.9,0,1
CUS006519,23,one_year,dsl,electronic_check,True,2,41.48,900.8,2,0
CUS006520,57,one_year,fiber,mailed_check,False,2,48.71,2632.25,1,0
CUS006521,20,one_year,dsl,bank_transfer,False,4,56.49,1152.46,1,0
CUS006522,19,two_year,dsl,bank_transfer,True,0,26.92,496.25,0,0
CUS006523,51,month_to_month,dsl,bank_transfer,True,1,44.96,2300.42,2,0
CUS006524,3,two_year,fiber,credit_card,False,2,52.37,157.13,0,0
CUS006525,24,one_year,fiber,mailed_check,True,5,73.68,1851.68,2,0
CUS006526,55,one_year,fiber,bank_transfer,True,0,46.87,2649.23,0,0
CUS006527,41,month_to_month,dsl,bank_transfer,False,3,50.04,1995.63,1,0
CUS006528,35,two_year,fiber,credit_card,True,6,79.2,2798.1,1,0
CUS006529,38,two_year,fiber,electronic_check,True,3,65.56,2555.5,1,0
CUS006530,8,month_to_month,fiber,bank_transfer,False,1,45.13,360.6,0,1
CUS006531,43,month_to_month,fiber,mailed_check,True,0,45.06,2000.86,1,0
CUS006532,67,one_year,dsl,credit_card,True,5,58.86,3696.37,2,0
CUS006533,32,month_to_month,dsl,bank_transfer,False,3,36.13,1091.1,1,0
CUS006534,43,month_to_month,dsl,electronic_check,False,4,54.78,2314.41,0,0
CUS006535,35,two_year,none,bank_transfer,True,2,32.11,1103.05,0,0
CUS006536,46,two_year,fiber,credit_card,False,2,55.55,2619.11,1,0
CUS006537,46,month_to_month,fiber,mailed_check,False,5,66.07,3167.48,1,0
CUS006538,35,month_to_month,none,electronic_check,True,4,40.84,1436.07,0,0
CUS006539,20,two_year,fiber,bank_transfer,False,0,42.69,879.88,1,1
CUS006540,30,two_year,none,electronic_check,False,6,49.75,1394.69,1,0
CUS006541,72,two_year,fiber,electronic_check,False,0,40.61,2912.06,0,0
CUS006542,11,one_year,fiber,electronic_check,True,5,71.29,804.89,2,0
CUS006543,69,month_to_month,dsl,credit_card,False,0,30.31,2064.59,1,0
CUS006544,66,one_year,dsl,bank_transfer,True,4,48.92,3312.21,0,0
CUS006545,69,month_to_month,none,bank_transfer,False,2,42.44,2969.55,1,0
CUS006546,22,two_year,fiber,electronic_check,True,6,80.38,1679.87,2,1
CUS006547,8,month_to_month,fiber,credit_card,True,2,61.69,483.97,3,1
CUS006548,38,month_to_month,fiber,electronic_check,False,5,73.9,2658.2,2,0
CUS006549,31,month_to_month,dsl,electronic_check,True,0,36.93,1144.24,0,0
CUS006550,61,two_year,fiber,mailed_check,True,6,79.03,4796.17,2,0
CUS006551,63,two_year,fiber,electronic_check,False,0,41.58,2679.34,1,0
CUS006552,36,two_year,none,bank_transfer,False,0,16.21,567.44,0,0
CUS006553,58,month_to_month,none,credit_card,True,4,42.73,2329.93,0,0
CUS006554,71,one_year,fiber,mailed_check,True,2,52.42,3510.29,0,0
CUS006555,61,month_to_month,fiber,mailed_check,True,0,46.55,2953.4,1,1
CUS006556,2,month_to_month,dsl,bank_transfer,True,0,31.52,63.05,0,1
CUS006557,66,two_year,fiber,electronic_check,True,4,63.19,4156.22,1,0
CUS006558,28,one_year,dsl,electronic_check,False,3,39.18,1067.02,1,0
CUS006559,62,two_year,dsl,electronic_check,False,5,56.7,3299.2,0,0
CUS006560,22,two_year,none,mailed_check,True,3,37.95,861.19,1,0
CUS006561,48,one_year,none,credit_card,False,1,22.19,1080.37,1,0
CUS006562,68,month_to_month,fiber,bank_transfer,True,3,60.29,4297.47,2,0
CUS006563,42,one_year,dsl,electronic_check,False,0,36.45,1467.54,0,0
CUS006564,14,month_to_month,dsl,credit_card,True,2,39.21,539.25,1,1
CUS006565,8,one_year,fiber,bank_transfer,True,5,75.44,627.29,1,0
CUS006566,15,one_year,dsl,electronic_check,True,1,37.45,544.99,3,0
CUS006567,52,month_to_month,fiber,mailed_check,True,3,53.98,2811.38,1,1
CUS006568,68,two_year,fiber,credit_card,True,3,69.65,4536.14,3,0
CUS006569,42,one_year,dsl,electronic_check,True,3,49.75,2144.77,1,0
CUS006570,46,month_to_month,fiber,bank_transfer,True,5,66.87,2952.11,1,1
CUS006571,18,month_to_month,fiber,electronic_check,True,0,32.82,562.32,1,1
CUS006572,42,one_year,fiber,credit_card,False,6,76.26,3218.29,0,0
CUS006573,6,one_year,dsl,electronic_check,False,4,55.18,339.04,0,0
CUS006574,57,month_to_month,fiber,bank_transfer,True,6,78.58,4665.84,2,0
CUS006575,36,month_to_month,fiber,electronic_check,False,4,70.43,2509.25,2,1
CUS006576,20,one_year,dsl,bank_transfer,False,6,62.14,1198.11,0,0
CUS006577,9,two_year,none,credit_card,False,6,59.89,505.4,0,0
CUS006578,50,two_year,dsl,electronic_check,True,2,45.02,2105.36,0,0
CUS006579,63,two_year,none,electronic_check,True,5,49.93,2950.41,0,0
CUS006580,67,one_year,fiber,mailed_check,True,0,52.67,3683.16,3,0
CUS006581,5,one_year,fiber,credit_card,True,3,67.46,336.84,1,0
CUS006582,49,one_year,fiber,electronic_check,True,3,60.93,2919.1,0,0
CUS006583,59,month_to_month,dsl,bank_transfer,True,4,54.17,3302.75,0,0
CUS006584,8,one_year,none,mailed_check,False,0,15.05,118.28,2,0
CUS006585,57,month_to_month,fiber,mailed_check,False,0,43.88,2364.35,0,0
CUS006586,10,month_to_month,dsl,credit_card,True,4,51.3,524.69,1,0
CUS006587,8,one_year,fiber,credit_card,False,3,67.86,507.2,0,0
CUS006588,33,one_year,dsl,electronic_check,False,3,44.61,1460.66,1,0
CUS006589,44,month_to_month,none,mailed_check,True,1,17.21,782.43,0,0
CUS006590,8,month_to_month,fiber,electronic_check,False,2,52.63,414.74,0,1
CUS006591,24,month_to_month,fiber,electronic_check,True,0,49.18,1111.47,2,1
CUS006592,35,month_to_month,dsl,electronic_check,True,6,60.87,2153.37,1,0
CUS006593,26,two_year,none,mailed_check,False,6,54.81,1396.05,1,0
CUS006594,25,month_to_month,fiber,mailed_check,False,1,56.03,1455.44,0,1
CUS006595,8,month_to_month,dsl,credit_card,True,5,65.37,486.56,0,0
CUS006596,10,month_to_month,dsl,mailed_check,True,1,36.38,371.92,0,1
CUS006597,39,month_to_month,fiber,electronic_check,True,6,87.18,3506.31,1,1
CUS006598,13,one_year,fiber,electronic_check,True,0,46.88,617.94,0,1
CUS006599,39,month_to_month,dsl,credit_card,False,3,54.34,2023.77,0,0
CUS006600,12,month_to_month,dsl,credit_card,False,3,45.52,555.78,0,1
CUS006601,7,month_to_month,fiber,bank_transfer,False,1,50.64,333.43,0,0
CUS006602,28,one_year,dsl,bank_transfer,True,2,53.34,1507.16,0,0
CUS006603,55,month_to_month,fiber,electronic_check,True,5,78.44,4499.39,0,0
CUS006604,64,one_year,fiber,mailed_check,True,5,68.22,4376.37,0,0
CUS006605,28,month_to_month,fiber,bank_transfer,False,5,74.69,2012.29,0,0
CUS006606,43,one_year,fiber,mailed_check,False,6,81.48,3659.45,0,0
CUS006607,32,two_year,none,mailed_check,True,4,41.57,1296.98,0,0
CUS006608,25,month_to_month,fiber,electronic_check,False,5,76.59,1795.37,0,0
CUS006609,71,two_year,dsl,electronic_check,True,0,33.17,2339.03,2,0
CUS006610,49,two_year,dsl,credit_card,True,6,61.99,3065.88,0,0
CUS006611,17,one_year,dsl,electronic_check,True,1,40.22,692.57,0,0
CUS006612,60,two_year,none,credit_card,True,1,25.71,1459.71,0,0
CUS006613,17,month_to_month,dsl,electronic_check,True,1,45.2,757.53,2,1
CUS006614,15,one_year,fiber,mailed_check,False,5,71.84,1052.56,1,0
CUS006615,51,month_to_month,fiber,electronic_check,False,2,60.0,2897.86,0,0
CUS006616,52,month_to_month,fiber,bank_transfer,True,1,52.45,2673.01,1,0
CUS006617,71,two_year,fiber,electronic_check,True,6,81.43,5975.49,0,0
CUS006618,36,two_year,dsl,electronic_check,True,2,39.78,1499.44,0,0
CUS006619,70,one_year,fiber,bank_transfer,False,2,53.78,3765.02,1,0
CUS006620,58,month_to_month,dsl,electronic_check,False,0,27.25,1546.5,2,0
CUS006621,2,month_to_month,fiber,credit_card,False,2,60.51,118.69,1,1
CUS006622,29,month_to_month,fiber,bank_transfer,True,6,81.96,2294.87,0,0
CUS006623,63,one_year,dsl,credit_card,True,1,34.8,2221.68,0,0
CUS006624,66,one_year,none,credit_card,True,5,45.0,2835.76,0,0
CUS006625,6,month_to_month,dsl,credit_card,True,1,36.05,201.41,0,0
CUS006626,38,month_to_month,dsl,mailed_check,False,2,41.53,1606.6,0,0
CUS006627,34,month_to_month,none,bank_transfer,False,4,51.82,1713.06,2,0
CUS006628,3,month_to_month,dsl,bank_transfer,False,5,51.74,157.34,0,0
CUS006629,34,two_year,dsl,mailed_check,True,0,34.69,1107.92,0,0
CUS006630,10,two_year,none,credit_card,True,2,31.24,327.18,1,0
CUS006631,67,one_year,dsl,electronic_check,True,0,35.63,2419.89,0,0
CUS006632,56,two_year,none,electronic_check,True,6,48.11,2811.35,1,0
CUS006633,13,two_year,dsl,mailed_check,True,0,22.21,279.59,0,0
CUS006634,46,two_year,fiber,electronic_check,False,5,73.62,3265.49,2,0
CUS006635,63,month_to_month,fiber,electronic_check,True,5,77.8,4874.18,1,0
CUS006636,70,month_to_month,fiber,bank_transfer,False,4,70.71,4919.42,1,1
CUS006637,30,month_to_month,fiber,electronic_check,False,5,69.09,2087.19,0,0
CUS006638,68,one_year,none,credit_card,False,0,26.07,1802.56,1,0
CUS006639,60,month_to_month,dsl,bank_transfer,True,5,58.09,3463.0,0,0
CUS006640,34,month_to_month,none,bank_transfer,True,1,26.68,880.98,0,0
CUS006641,5,one_year,fiber,credit_card,True,3,57.17,281.39,1,1
CUS006642,72,month_to_month,fiber,electronic_check,True,1,57.94,4186.56,0,1
CUS006643,36,month_to_month,none,credit_card,True,3,43.06,1538.23,3,0
CUS006644,59,month_to_month,dsl,credit_card,False,2,46.23,2729.11,1,0
CUS006645,11,one_year,dsl,credit_card,True,6,62.07,643.03,1,0
CUS006646,43,one_year,dsl,credit_card,True,3,52.51,2362.55,1,0
CUS006647,7,month_to_month,fiber,credit_card,True,6,73.16,483.95,0,1
CUS006648,47,one_year,dsl,bank_transfer,False,4,50.03,2405.07,0,0
CUS006649,27,month_to_month,fiber,bank_transfer,True,2,53.37,1422.87,1,0
CUS006650,47,one_year,none,credit_card,True,5,48.28,2303.93,0,0
CUS006651,58,one_year,fiber,credit_card,False,5,68.34,3738.51,0,0
CUS006652,24,month_to_month,fiber,electronic_check,False,1,54.65,1348.38,0,0
CUS006653,50,month_to_month,dsl,credit_card,True,1,36.52,1894.64,0,0
CUS006654,8,two_year,dsl,credit_card,False,0,29.88,238.07,4,0
CUS006655,23,two_year,fiber,credit_card,False,2,55.74,1253.62,1,0
CUS006656,60,two_year,dsl,bank_transfer,True,4,47.28,2681.47,0,0
CUS006657,63,month_to_month,dsl,mailed_check,False,0,29.9,1824.03,1,0
CUS006658,45,one_year,fiber,electronic_check,True,5,80.55,3779.94,0,0
CUS006659,23,one_year,fiber,credit_card,False,3,65.87,1574.76,1,0
CUS006660,52,month_to_month,fiber,mailed_check,True,1,48.51,2602.98,1,0
CUS006661,14,month_to_month,dsl,electronic_check,True,1,37.1,512.54,0,1
CUS006662,64,month_to_month,fiber,bank_transfer,False,5,70.44,4655.87,0,0
CUS006663,7,one_year,fiber,electronic_check,False,2,58.1,396.15,2,0
CUS006664,49,month_to_month,fiber,bank_transfer,False,1,48.02,2465.88,1,0
CUS006665,26,month_to_month,dsl,bank_transfer,False,1,35.48,965.04,0,0
CUS006666,30,month_to_month,dsl,electronic_check,True,2,38.58,1085.34,1,0
CUS006667,43,one_year,fiber,electronic_check,False,6,79.47,3440.4,2,0
CUS006668,66,month_to_month,fiber,credit_card,False,1,48.66,3089.02,1,0
CUS006669,8,one_year,none,bank_transfer,False,1,25.57,191.86,1,0
CUS006670,43,month_to_month,dsl,credit_card,True,3,50.22,2245.75,3,0
CUS006671,13,two_year,none,electronic_check,True,0,16.63,224.02,0,0
CUS006672,2,month_to_month,dsl,electronic_check,False,3,57.41,119.66,0,1
CUS006673,43,month_to_month,none,bank_transfer,True,0,18.22,810.86,0,0
CUS006674,41,one_year,fiber,electronic_check,True,5,76.71,3014.98,1,0
CUS006675,46,month_to_month,fiber,electronic_check,True,0,46.97,2142.72,1,0
CUS006676,1,month_to_month,fiber,electronic_check,True,5,76.29,,1,1
CUS006677,34,one_year,dsl,electronic_check,False,5,55.64,1828.86,1,0
CUS006678,26,one_year,fiber,credit_card,True,2,60.6,1496.86,0,1
CUS006679,57,month_to_month,none,electronic_check,False,3,27.51,1580.16,0,1
CUS006680,11,month_to_month,fiber,mailed_check,False,6,77.08,802.41,1,1
CUS006681,60,month_to_month,dsl,mailed_check,True,2,45.19,2671.61,1,0
CUS006682,5,month_to_month,dsl,electronic_check,True,2,46.65,235.01,1,1
CUS006683,29,two_year,fiber,credit_card,False,3,64.19,1816.84,1,0
CUS006684,64,one_year,fiber,bank_transfer,True,0,38.68,2457.33,0,0
CUS006685,13,month_to_month,none,electronic_check,False,3,29.82,362.87,2,0
CUS006686,36,one_year,none,electronic_check,True,4,43.41,1591.73,0,0
CUS006687,61,month_to_month,fiber,credit_card,True,4,60.73,3481.24,3,1
CUS006688,40,month_to_month,fiber,electronic_check,False,6,74.65,3026.75,1,0
CUS006689,29,one_year,dsl,electronic_check,True,5,55.18,1531.22,0,0
CUS006690,47,one_year,fiber,electronic_check,False,3,55.41,2614.28,0,0
CUS006691,47,two_year,dsl,credit_card,True,6,54.7,2574.46,1,0
CUS006692,61,one_year,fiber,mailed_check,True,4,71.61,4398.95,0,0
CUS006693,50,month_to_month,fiber,mailed_check,True,3,62.99,2962.73,1,0
CUS006694,67,two_year,fiber,bank_transfer,True,4,59.43,4163.16,0,0
CUS006695,14,one_year,dsl,bank_transfer,True,6,70.35,996.88,0,0
CUS006696,11,month_to_month,none,electronic_check,False,0,21.67,242.24,0,1
CUS006697,51,month_to_month,none,bank_transfer,True,1,36.57,1932.86,0,0
CUS006698,54,two_year,dsl,bank_transfer,True,6,70.69,3921.02,0,0
CUS006699,53,one_year,dsl,mailed_check,True,1,40.17,2199.34,0,0
CUS006700,52,month_to_month,fiber,credit_card,True,6,76.66,3908.1,0,0
CUS006701,40,month_to_month,dsl,mailed_check,False,4,50.44,2098.58,0,0
CUS006702,6,one_year,fiber,electronic_check,True,0,47.51,279.12,2,1
CUS006703,54,month_to_month,none,bank_transfer,True,3,36.65,1842.37,0,0
CUS006704,36,one_year,dsl,credit_card,False,2,40.68,1497.6,1,0
CUS006705,45,month_to_month,fiber,bank_transfer,False,0,46.38,2166.5,1,1
CUS006706,34,month_to_month,dsl,electronic_check,False,2,35.53,1186.77,0,1
CUS006707,53,month_to_month,fiber,electronic_check,True,0,43.4,2333.69,0,0
CUS006708,19,two_year,fiber,bank_transfer,True,4,61.49,1103.17,2,0
CUS006709,58,one_year,fiber,bank_transfer,True,0,47.23,2861.48,0,0
CUS006710,41,month_to_month,dsl,electronic_check,True,4,41.59,1782.8,0,0
CUS006711,69,one_year,none,credit_card,True,4,35.61,2472.82,0,0
CUS006712,21,month_to_month,dsl,credit_card,False,4,54.93,1170.96,0,0
CUS006713,41,two_year,none,electronic_check,True,6,45.3,1852.73,1,0
CUS006714,45,month_to_month,none,bank_transfer,True,5,49.7,2277.49,0,0
CUS006715,17,month_to_month,fiber,mailed_check,True,2,53.08,896.83,0,0
CUS006716,70,two_year,none,mailed_check,True,6,48.9,3270.34,1,0
CUS006717,34,month_to_month,fiber,electronic_check,True,6,73.47,2464.13,2,0
CUS006718,67,month_to_month,fiber,electronic_check,False,1,52.52,3578.19,2,0
CUS006719,58,one_year,none,electronic_check,True,2,32.88,1992.81,0,0
CUS006720,12,two_year,dsl,credit_card,False,4,52.1,589.28,0,0
CUS006721,62,month_to_month,fiber,electronic_check,True,5,78.67,4871.83,0,0
CUS006722,50,month_to_month,fiber,bank_transfer,False,1,55.99,2715.92,1,1
CUS006723,58,month_to_month,fiber,electronic_check,True,0,44.11,2603.98,4,0
CUS006724,24,one_year,dsl,mailed_check,True,4,52.88,1244.89,1,0
CUS006725,20,one_year,fiber,mailed_check,True,1,54.25,1095.35,0,1
CUS006726,29,month_to_month,fiber,credit_card,False,0,41.92,1241.95,2,1
CUS006727,48,month_to_month,fiber,bank_transfer,False,2,51.44,2380.58,1,0
CUS006728,62,two_year,dsl,bank_transfer,False,0,32.99,1926.49,0,0
CUS006729,61,month_to_month,fiber,credit_card,False,3,73.51,4254.06,2,0
CUS006730,57,two_year,fiber,bank_transfer,True,5,65.17,3652.45,0,0
CUS006731,41,two_year,dsl,electronic_check,True,2,43.27,1832.37,1,0
CUS006732,7,two_year,fiber,credit_card,False,2,53.08,354.71,2,1
CUS006733,55,month_to_month,dsl,mailed_check,False,3,44.78,2515.69,1,0
CUS006734,17,one_year,fiber,electronic_check,False,1,51.53,817.94,0,0
CUS006735,3,month_to_month,dsl,bank_transfer,True,4,56.5,159.59,1,0
CUS006736,57,month_to_month,none,mailed_check,True,0,18.56,1042.61,1,0
CUS006737,19,one_year,fiber,electronic_check,True,4,65.19,1192.88,0,1
CUS006738,58,one_year,fiber,bank_transfer,True,5,68.29,4131.18,0,0
CUS006739,58,two_year,fiber,electronic_check,True,1,52.62,3055.73,1,0
CUS006740,42,one_year,fiber,mailed_check,True,1,49.35,2066.5,1,0
CUS006741,37,month_to_month,dsl,electronic_check,True,2,42.56,1534.69,1,0
CUS006742,44,month_to_month,fiber,electronic_check,True,5,69.01,2831.49,2,0
CUS006743,43,month_to_month,fiber,electronic_check,True,3,62.63,2639.71,0,0
CUS006744,67,month_to_month,fiber,electronic_check,True,2,59.05,4103.46,1,0
CUS006745,56,month_to_month,fiber,mailed_check,False,0,51.7,2773.3,1,0
CUS006746,55,month_to_month,fiber,credit_card,False,5,68.74,3958.4,1,0
CUS006747,43,month_to_month,fiber,mailed_check,True,2,63.22,2775.43,2,1
CUS006748,63,month_to_month,none,bank_transfer,False,0,18.42,1100.18,0,0
CUS006749,21,one_year,dsl,bank_transfer,True,5,62.6,1356.04,1,0
CUS006750,17,month_to_month,fiber,credit_card,True,2,51.24,904.52,0,1
CUS006751,27,month_to_month,fiber,credit_card,True,6,81.17,2136.7,3,1
CUS006752,42,month_to_month,none,mailed_check,True,2,20.05,849.79,0,0
CUS006753,24,one_year,dsl,mailed_check,False,2,45.12,1028.08,0,0
CUS006754,8,one_year,dsl,electronic_check,True,1,33.56,281.58,1,1
CUS006755,60,one_year,dsl,electronic_check,True,2,43.56,2464.0,0,0
CUS006756,33,month_to_month,fiber,electronic_check,True,5,74.55,2445.85,1,1
CUS006757,53,two_year,none,credit_card,True,6,55.02,2745.74,0,0
CUS006758,70,two_year,fiber,bank_transfer,True,5,67.25,4746.01,0,0
CUS006759,18,one_year,fiber,electronic_check,True,4,73.88,1242.83,0,0
CUS006760,20,month_to_month,none,credit_card,True,6,48.77,978.03,0,0
CUS006761,51,month_to_month,dsl,mailed_check,True,6,61.08,3118.06,0,0
CUS006762,67,month_to_month,none,credit_card,False,3,38.47,2566.33,0,0
CUS006763,46,month_to_month,fiber,electronic_check,True,4,60.64,2728.24,0,1
CUS006764,41,month_to_month,none,electronic_check,True,4,35.56,1392.78,0,0
CUS006765,68,month_to_month,fiber,bank_transfer,False,6,71.06,4774.88,0,0
CUS006766,40,month_to_month,fiber,mailed_check,True,0,50.47,1996.61,0,0
CUS006767,41,month_to_month,fiber,electronic_check,False,3,65.0,2798.0,4,1
CUS006768,22,month_to_month,fiber,mailed_check,True,4,59.57,1259.9,1,0
CUS006769,13,month_to_month,fiber,electronic_check,False,2,62.29,823.34,1,1
CUS006770,13,month_to_month,fiber,mailed_check,False,2,51.65,625.17,0,1
CUS006771,15,month_to_month,none,mailed_check,False,4,39.97,568.31,0,0
CUS006772,41,one_year,fiber,electronic_check,True,6,68.79,2764.02,0,0
CUS006773,6,month_to_month,fiber,bank_transfer,True,0,49.91,286.43,2,0
CUS006774,31,month_to_month,fiber,mailed_check,False,1,51.72,1521.97,2,1
CUS006775,64,two_year,fiber,electronic_check,False,4,63.72,3875.86,0,0
CUS006776,63,one_year,dsl,mailed_check,True,2,37.81,2443.75,0,0
CUS006777,60,two_year,dsl,electronic_check,False,6,64.74,3754.42,0,0
CUS006778,9,month_to_month,none,mailed_check,False,0,23.48,221.19,2,1
CUS006779,58,two_year,fiber,mailed_check,True,1,39.39,2181.96,1,0
CUS006780,23,one_year,fiber,mailed_check,False,6,80.94,1883.29,0,0
CUS006781,21,month_to_month,dsl,credit_card,False,4,57.23,1119.88,0,0
CUS006782,49,month_to_month,dsl,credit_card,False,2,28.72,1328.48,0,0
CUS006783,54,month_to_month,fiber,credit_card,False,3,57.73,3171.92,1,0
CUS006784,58,month_to_month,fiber,mailed_check,True,0,43.75,2372.95,0,0
CUS006785,42,month_to_month,none,electronic_check,True,4,42.89,1876.2,1,0
CUS006786,26,month_to_month,fiber,mailed_check,True,6,71.89,1811.54,1,1
CUS006787,59,month_to_month,fiber,electronic_check,True,2,52.79,3130.71,1,0
CUS006788,44,month_to_month,dsl,electronic_check,False,6,57.77,2428.94,4,0
CUS006789,3,one_year,dsl,electronic_check,True,0,29.66,90.8,1,1
CUS006790,47,month_to_month,fiber,electronic_check,True,1,45.28,2017.6,0,1
CUS006791,8,month_to_month,fiber,mailed_check,True,0,42.76,357.72,2,1
CUS006792,15,month_to_month,fiber,electronic_check,True,4,61.59,904.6,1,0
CUS006793,45,month_to_month,fiber,mailed_check,True,5,69.19,3026.31,3,0
CUS006794,28,one_year,dsl,mailed_check,False,3,43.39,1254.55,0,0
CUS006795,55,month_to_month,fiber,electronic_check,True,4,70.03,3870.08,0,0
CUS006796,40,month_to_month,dsl,electronic_check,True,3,54.0,2055.37,2,1
CUS006797,40,month_to_month,dsl,mailed_check,False,6,63.42,2601.27,2,1
CUS006798,19,one_year,fiber,mailed_check,False,4,59.29,1055.28,0,0
CUS006799,12,two_year,dsl,bank_transfer,True,4,52.58,599.66,0,0
CUS006800,14,month_to_month,dsl,bank_transfer,False,4,49.78,718.41,1,0
CUS006801,26,month_to_month,none,bank_transfer,False,0,24.33,590.22,3,0
CUS006802,13,two_year,fiber,credit_card,False,1,54.81,731.66,1,1
CUS006803,15,month_to_month,fiber,electronic_check,False,3,72.54,1140.29,0,1
CUS006804,1,month_to_month,fiber,mailed_check,True,5,74.38,,1,1
CUS006805,61,month_to_month,fiber,mailed_check,True,4,75.59,4660.14,2,0
CUS006806,58,month_to_month,fiber,bank_transfer,True,3,68.24,4061.42,1,0
CUS006807,47,month_to_month,dsl,credit_card,False,4,63.21,3096.06,0,0
CUS006808,17,two_year,fiber,bank_transfer,False,6,73.91,1258.0,0,0
CUS006809,4,month_to_month,fiber,electronic_check,True,4,67.02,259.63,0,0
CUS006810,56,one_year,fiber,electronic_check,True,0,43.93,2355.71,0,0
CUS006811,57,two_year,fiber,credit_card,True,6,74.11,4218.35,1,0
CUS006812,14,month_to_month,fiber,bank_transfer,False,6,79.27,1153.14,0,0
CUS006813,60,month_to_month,dsl,credit_card,False,5,50.83,2944.07,1,0
CUS006814,2,one_year,dsl,credit_card,True,2,36.96,74.95,0,0
CUS006815,3,month_to_month,none,electronic_check,True,2,27.83,79.5,0,0
CUS006816,43,month_to_month,fiber,electronic_check,True,0,51.1,2120.35,0,1
CUS006817,38,month_to_month,dsl,electronic_check,True,5,57.8,2192.14,1,0
CUS006818,14,month_to_month,fiber,electronic_check,False,2,58.17,835.2,0,1
CUS006819,38,month_to_month,dsl,electronic_check,True,6,61.97,2351.98,0,0
CUS006820,72,month_to_month,fiber,electronic_check,True,2,50.47,3643.62,0,0
CUS006821,11,two_year,none,electronic_check,True,3,29.64,324.81,1,0
CUS006822,13,one_year,dsl,bank_transfer,False,4,56.9,747.77,1,0
CUS006823,4,one_year,fiber,electronic_check,True,5,77.03,294.16,1,1
CUS006824,69,month_to_month,fiber,bank_transfer,True,5,75.17,5275.98,1,0
CUS006825,20,two_year,fiber,electronic_check,True,1,51.82,1042.98,1,1
CUS006826,11,month_to_month,dsl,credit_card,False,2,53.26,572.85,1,0
CUS006827,56,month_to_month,dsl,credit_card,False,5,56.6,3194.63,3,0
CUS006828,72,month_to_month,fiber,credit_card,False,4,67.95,4669.97,1,0
CUS006829,15,one_year,fiber,electronic_check,True,0,42.66,665.98,0,0
CUS006830,25,two_year,fiber,bank_transfer,False,6,76.34,1862.56,0,0
CUS006831,34,month_to_month,fiber,bank_transfer,True,5,67.47,2263.97,1,1
CUS006832,31,month_to_month,fiber,credit_card,False,4,75.94,2278.0,1,0
CUS006833,23,month_to_month,dsl,electronic_check,True,6,71.65,1715.72,1,0
CUS006834,66,one_year,fiber,mailed_check,False,5,74.63,4724.88,2,0
CUS006835,11,month_to_month,fiber,mailed_check,False,1,55.94,613.24,0,0
CUS006836,6,two_year,fiber,credit_card,False,3,65.44,382.29,1,1
CUS006837,27,month_to_month,dsl,electronic_check,True,2,41.42,1072.46,0,0
CUS006838,55,month_to_month,fiber,credit_card,False,4,68.42,3842.02,0,0
CUS006839,67,one_year,none,electronic_check,True,2,24.59,1619.83,1,0
CUS006840,62,two_year,dsl,credit_card,True,6,64.72,4191.34,0,0
CUS006841,69,two_year,fiber,credit_card,True,0,50.53,3457.1,0,0
CUS006842,35,two_year,fiber,electronic_check,True,6,77.89,2814.39,0,0
CUS006843,65,month_to_month,fiber,credit_card,True,3,54.05,3572.95,2,0
CUS006844,70,month_to_month,fiber,electronic_check,True,5,71.82,5239.61,1,1
CUS006845,16,one_year,dsl,mailed_check,False,2,40.35,674.65,0,0
CUS006846,29,two_year,none,electronic_check,True,6,52.09,1481.39,0,0
CUS006847,14,month_to_month,dsl,bank_transfer,False,2,36.54,512.02,1,0
CUS006848,19,one_year,fiber,credit_card,True,1,46.42,918.68,2,0
CUS006849,26,month_to_month,fiber,mailed_check,True,0,46.21,1200.14,0,0
CUS006850,8,month_to_month,fiber,electronic_check,True,4,63.22,513.65,1,0
CUS006851,37,month_to_month,fiber,electronic_check,False,6,68.6,2401.16,2,0
CUS006852,13,month_to_month,none,bank_transfer,False,3,32.9,412.62,0,0
CUS006853,49,month_to_month,fiber,bank_transfer,False,2,61.29,2941.6,1,0
CUS006854,49,month_to_month,dsl,mailed_check,False,2,45.64,2175.13,0,0
CUS006855,38,month_to_month,fiber,credit_card,True,1,48.66,1776.69,0,0
CUS006856,43,two_year,fiber,mailed_check,True,0,51.77,2188.31,0,0
CUS006857,14,month_to_month,none,credit_card,True,2,36.78,508.39,2,1
CUS006858,27,month_to_month,fiber,bank_transfer,True,6,77.41,2177.35,1,1
CUS006859,33,month_to_month,fiber,bank_transfer,True,3,57.84,1903.54,0,1
CUS006860,66,month_to_month,fiber,bank_transfer,False,3,58.27,3762.85,0,0
CUS006861,47,month_to_month,dsl,credit_card,True,4,51.42,2261.25,0,0
CUS006862,57,month_to_month,dsl,credit_card,False,6,63.42,3389.18,0,0
CUS006863,24,two_year,fiber,credit_card,True,5,69.9,1617.26,0,0
CUS006864,26,two_year,dsl,bank_transfer,True,0,29.42,794.62,1,0
CUS006865,13,month_to_month,fiber,electronic_check,True,1,44.07,583.5,0,1
CUS006866,13,one_year,fiber,bank_transfer,False,0,40.78,549.34,3,0
CUS006867,25,one_year,dsl,electronic_check,True,0,29.47,690.76,0,0
CUS006868,3,two_year,fiber,mailed_check,False,1,63.53,197.98,1,0
CUS006869,38,month_to_month,fiber,electronic_check,False,1,55.63,2070.72,1,1
CUS006870,63,one_year,dsl,electronic_check,True,0,34.95,2262.03,1,0
CUS006871,53,two_year,none,bank_transfer,True,6,57.1,2878.18,1,0
CUS006872,64,one_year,fiber,electronic_check,True,5,70.53,4238.55,0,0
CUS006873,61,month_to_month,fiber,credit_card,False,0,49.89,2923.48,1,0
CUS006874,35,two_year,fiber,credit_card,False,3,60.18,2124.65,0,0
CUS006875,66,month_to_month,none,credit_card,False,5,45.33,2962.4,0,0
CUS006876,27,one_year,dsl,credit_card,True,3,44.68,1235.73,1,0
CUS006877,19,month_to_month,fiber,mailed_check,True,0,53.97,1027.72,0,1
CUS006878,8,one_year,none,credit_card,False,2,35.21,289.7,1,0
CUS006879,17,month_to_month,dsl,mailed_check,False,1,40.93,679.63,0,0
CUS006880,72,month_to_month,dsl,bank_transfer,False,4,57.86,4049.45,2,0
CUS006881,60,month_to_month,fiber,mailed_check,False,6,80.02,4619.42,2,0
CUS006882,19,two_year,dsl,bank_transfer,False,0,23.6,419.22,1,0
CUS006883,22,month_to_month,fiber,credit_card,False,1,57.72,1327.35,1,0
CUS006884,15,one_year,none,credit_card,True,6,50.64,717.06,0,0
CUS006885,63,two_year,dsl,bank_transfer,False,3,51.8,3202.51,1,0
CUS006886,9,one_year,dsl,bank_transfer,True,0,28.97,255.43,0,0
CUS006887,28,month_to_month,none,bank_transfer,True,2,24.59,657.38,1,0
CUS006888,4,two_year,none,credit_card,True,6,54.5,216.88,0,0
CUS006889,6,one_year,dsl,electronic_check,False,6,58.78,329.54,1,0
CUS006890,68,one_year,fiber,credit_card,True,6,77.71,5465.79,1,0
CUS006891,40,one_year,fiber,bank_transfer,True,6,76.07,3057.01,1,0
CUS006892,19,one_year,fiber,electronic_check,True,3,63.64,1247.42,1,0
CUS006893,13,month_to_month,fiber,bank_transfer,True,5,72.3,899.0,2,1
CUS006894,60,one_year,fiber,credit_card,True,1,49.84,3099.62,0,0
CUS006895,54,month_to_month,none,credit_card,False,2,28.79,1598.4,0,0
CUS006896,17,month_to_month,dsl,mailed_check,True,6,65.17,1048.05,1,0
CUS006897,7,one_year,none,electronic_check,True,0,18.56,136.04,0,1
CUS006898,22,two_year,none,mailed_check,True,6,57.41,1323.37,1,0
CUS006899,24,month_to_month,fiber,credit_card,True,3,60.61,1408.01,2,1
CUS006900,9,month_to_month,fiber,bank_transfer,False,0,42.13,365.91,0,0
CUS006901,38,month_to_month,fiber,electronic_check,True,4,65.7,2339.66,2,0
CUS006902,2,month_to_month,none,credit_card,False,4,30.07,59.32,1,1
CUS006903,42,one_year,none,credit_card,True,2,31.27,1357.8,0,0
CUS006904,2,month_to_month,fiber,electronic_check,True,0,41.57,83.37,0,1
CUS006905,57,month_to_month,dsl,bank_transfer,False,5,54.56,2994.06,1,0
CUS006906,13,two_year,dsl,electronic_check,True,1,37.24,501.41,1,0
CUS006907,10,month_to_month,dsl,mailed_check,True,1,47.47,453.33,2,1
CUS006908,22,one_year,fiber,bank_transfer,True,5,75.23,1547.31,0,0
CUS006909,66,two_year,fiber,bank_transfer,False,5,75.35,5175.16,0,0
CUS006910,2,month_to_month,fiber,bank_transfer,True,5,74.94,139.9,0,0
CUS006911,70,month_to_month,dsl,electronic_check,False,1,27.98,2047.79,0,0
CUS006912,70,month_to_month,dsl,bank_transfer,False,4,59.67,3965.2,1,0
CUS006913,37,month_to_month,dsl,credit_card,False,4,50.71,1877.63,1,0
CUS006914,39,month_to_month,dsl,bank_transfer,True,0,25.81,1022.43,0,1
CUS006915,19,month_to_month,fiber,electronic_check,True,1,53.18,951.09,0,0
CUS006916,32,one_year,fiber,credit_card,False,3,62.79,1985.91,0,0
CUS006917,65,one_year,fiber,electronic_check,True,2,55.68,3652.17,0,0
CUS006918,43,month_to_month,none,bank_transfer,True,6,49.62,2029.5,0,0
CUS006919,38,month_to_month,fiber,mailed_check,True,6,75.7,2915.95,2,0
CUS006920,49,two_year,dsl,mailed_check,True,3,46.84,2170.5,0,0
CUS006921,36,one_year,fiber,electronic_check,False,0,48.41,1624.35,1,0
CUS006922,59,month_to_month,none,bank_transfer,True,0,12.69,706.36,2,0
CUS006923,64,month_to_month,none,bank_transfer,True,4,42.11,2622.9,1,0
CUS006924,44,month_to_month,fiber,credit_card,False,2,59.34,2667.87,0,0
CUS006925,68,month_to_month,fiber,electronic_check,False,3,57.54,3851.25,1,0
CUS006926,20,two_year,fiber,electronic_check,False,0,42.24,845.08,0,0
CUS006927,5,month_to_month,dsl,electronic_check,True,4,50.19,236.27,2,1
CUS006928,71,one_year,none,electronic_check,True,5,42.71,3064.91,0,0
CUS006929,46,one_year,none,electronic_check,True,6,45.16,2106.14,0,0
CUS006930,63,two_year,fiber,electronic_check,False,0,39.58,2421.23,1,0
CUS006931,38,month_to_month,fiber,mailed_check,False,0,48.8,1858.92,2,0
CUS006932,63,one_year,fiber,bank_transfer,True,0,41.5,2660.43,1,0
CUS006933,31,one_year,dsl,credit_card,False,2,41.58,1333.02,3,0
CUS006934,29,month_to_month,fiber,bank_transfer,False,4,69.54,1876.97,0,0
CUS006935,18,month_to_month,dsl,credit_card,False,4,49.62,835.43,1,1
CUS006936,13,month_to_month,dsl,bank_transfer,False,2,41.55,560.84,0,0
CUS006937,64,one_year,dsl,electronic_check,True,6,68.93,4434.6,0,0
CUS006938,65,month_to_month,fiber,mailed_check,False,2,54.76,3432.54,0,0
CUS006939,72,one_year,fiber,credit_card,True,4,66.22,4605.83,1,0
CUS006940,71,month_to_month,fiber,credit_card,True,3,62.16,4492.82,1,0
CUS006941,56,month_to_month,fiber,bank_transfer,True,3,71.93,3746.5,0,0
CUS006942,40,one_year,fiber,electronic_check,True,6,83.55,3241.44,1,1
CUS006943,53,month_to_month,fiber,bank_transfer,True,2,59.27,3207.83,1,0
CUS006944,17,one_year,dsl,bank_transfer,True,3,53.27,899.86,1,0
CUS006945,59,month_to_month,none,mailed_check,True,4,46.04,2569.06,2,0
CUS006946,62,two_year,fiber,credit_card,False,5,69.93,4268.01,0,0
CUS006947,43,one_year,fiber,credit_card,False,4,70.6,2918.86,0,0
CUS006948,4,month_to_month,fiber,credit_card,True,5,68.97,269.28,1,0
CUS006949,72,month_to_month,fiber,electronic_check,False,0,47.95,3225.48,1,0
CUS006950,23,one_year,fiber,credit_card,False,2,55.31,1190.29,1,0
CUS006951,60,one_year,fiber,electronic_check,True,6,80.07,4634.01,1,0
CUS006952,62,month_to_month,dsl,bank_transfer,True,4,61.24,3714.51,0,0
CUS006953,5,month_to_month,dsl,credit_card,True,6,60.35,315.6,1,0
CUS006954,14,one_year,dsl,electronic_check,True,0,30.98,431.89,0,0
CUS006955,51,month_to_month,dsl,electronic_check,True,2,43.25,2156.28,1,0
CUS006956,40,month_to_month,dsl,electronic_check,False,2,47.29,1763.87,0,0
CUS006957,22,month_to_month,fiber,electronic_check,True,0,47.15,967.03,0,1
CUS006958,27,one_year,none,electronic_check,False,6,52.77,1410.6,2,0
CUS006959,55,two_year,fiber,electronic_check,True,2,51.27,2916.99,0,0
CUS006960,40,month_to_month,fiber,credit_card,False,1,48.95,1946.89,0,0
CUS006961,52,two_year,fiber,electronic_check,False,0,43.1,2193.44,1,0
CUS006962,53,two_year,dsl,bank_transfer,True,5,53.14,2632.97,1,0
CUS006963,4,month_to_month,dsl,bank_transfer,True,1,31.81,124.36,1,1
CUS006964,25,one_year,none,electronic_check,False,2,28.42,677.77,0,0
CUS006965,20,two_year,dsl,mailed_check,True,0,30.79,623.04,1,0
CUS006966,38,two_year,fiber,bank_transfer,True,0,42.37,1497.84,3,0
CUS006967,59,two_year,fiber,electronic_check,True,0,50.34,2949.63,1,0
CUS006968,34,month_to_month,fiber,bank_transfer,True,6,81.49,2828.86,1,1
CUS006969,24,one_year,fiber,mailed_check,True,3,63.11,1454.16,4,1
CUS006970,30,two_year,fiber,credit_card,False,0,39.8,1208.01,3,0
CUS006971,57,two_year,dsl,mailed_check,False,2,43.37,2315.27,0,0
CUS006972,27,month_to_month,fiber,electronic_check,True,1,53.61,1401.38,1,1
CUS006973,45,month_to_month,fiber,electronic_check,False,5,79.79,3393.99,1,0
CUS006974,36,month_to_month,dsl,mailed_check,True,5,56.08,1941.03,0,0
CUS006975,10,one_year,fiber,bank_transfer,True,3,63.98,657.97,0,1
CUS006976,68,month_to_month,fiber,electronic_check,True,0,47.54,3358.37,0,0
CUS006977,37,month_to_month,none,mailed_check,False,5,39.97,1383.65,1,0
CUS006978,53,month_to_month,fiber,electronic_check,True,1,53.23,2797.84,2,1
CUS006979,46,month_to_month,dsl,electronic_check,True,4,53.46,2358.81,3,1
CUS006980,43,one_year,dsl,bank_transfer,True,2,38.51,1674.78,1,0
CUS006981,14,one_year,dsl,credit_card,False,2,43.34,601.43,0,0
CUS006982,8,month_to_month,fiber,electronic_check,True,4,62.31,492.98,1,1
CUS006983,16,two_year,fiber,electronic_check,True,2,55.45,885.94,1,1
CUS006984,18,one_year,dsl,bank_transfer,True,0,36.48,655.65,0,0
CUS006985,66,one_year,none,credit_card,True,4,47.63,3062.18,0,0
CUS006986,8,one_year,dsl,bank_transfer,True,3,54.25,440.15,4,0
CUS006987,31,month_to_month,fiber,mailed_check,True,2,57.77,1741.52,0,1
CUS006988,54,month_to_month,dsl,electronic_check,True,4,51.47,2802.02,2,0
CUS006989,66,month_to_month,none,mailed_check,True,5,43.6,2879.33,0,0
CUS006990,43,one_year,dsl,credit_card,False,0,26.68,1068.83,0,0
CUS006991,31,month_to_month,dsl,bank_transfer,False,4,54.53,1620.55,1,0
CUS006992,49,month_to_month,dsl,bank_transfer,True,2,50.99,2611.95,2,0
CUS006993,41,month_to_month,dsl,bank_transfer,False,6,65.03,2648.88,1,0
CUS006994,18,month_to_month,none,credit_card,False,6,50.91,936.88,1,0
CUS006995,26,month_to_month,fiber,credit_card,True,3,62.19,1631.93,0,0
CUS006996,5,one_year,none,mailed_check,False,4,42.97,209.69,0,0
CUS006997,43,month_to_month,fiber,mailed_check,True,2,47.86,2057.09,0,0
CUS006998,17,month_to_month,dsl,electronic_check,True,1,36.63,644.04,2,0
CUS006999,18,month_to_month,fiber,bank_transfer,False,0,44.98,794.55,0,0
CUS007000,46,two_year,fiber,bank_transfer,True,5,76.62,3409.79,0,0
CUS007001,31,one_year,dsl,credit_card,True,5,48.34,1465.98,1,0
CUS007002,25,month_to_month,fiber,electronic_check,False,1,52.59,1289.24,0,1
CUS007003,7,month_to_month,none,credit_card,True,5,40.09,262.39,2,0
CUS007004,12,two_year,none,credit_card,False,5,41.39,464.85,0,0
CUS007005,40,one_year,none,electronic_check,False,3,47.89,1924.03,0,1
CUS007006,52,month_to_month,none,credit_card,False,5,47.92,2376.94,0,0
CUS007007,18,one_year,fiber,credit_card,True,2,53.42,928.97,1,0
CUS007008,67,month_to_month,fiber,electronic_check,True,4,72.79,4588.4,1,0
CUS007009,32,month_to_month,fiber,credit_card,True,0,46.13,1438.69,0,0
CUS007010,67,month_to_month,fiber,electronic_check,True,1,41.9,2875.34,1,1
CUS007011,54,month_to_month,fiber,bank_transfer,True,2,57.56,3247.08,1,1
CUS007012,71,one_year,fiber,electronic_check,False,1,51.57,3611.4,1,0
CUS007013,57,two_year,dsl,credit_card,True,4,45.19,2669.82,0,0
CUS007014,71,month_to_month,fiber,mailed_check,True,3,63.14,4283.37,2,1
CUS007015,54,month_to_month,none,credit_card,True,2,27.29,1432.29,1,0
CUS007016,39,two_year,none,bank_transfer,False,0,20.42,766.19,0,0
CUS007017,4,month_to_month,none,credit_card,False,5,49.14,192.38,1,0
CUS007018,18,one_year,fiber,electronic_check,True,3,58.39,1078.68,0,0
CUS007019,38,month_to_month,fiber,bank_transfer,False,0,53.76,1902.98,1,0
CUS007020,62,one_year,dsl,credit_card,True,1,48.8,2930.31,2,0
CUS007021,35,month_to_month,fiber,electronic_check,True,0,38.76,1320.52,0,1
CUS007022,8,two_year,fiber,bank_transfer,True,4,67.4,508.37,2,1
CUS007023,17,month_to_month,fiber,mailed_check,True,1,54.14,879.31,1,1
CUS007024,50,two_year,fiber,bank_transfer,True,5,69.37,3574.35,1,0
CUS007025,52,month_to_month,none,electronic_check,True,1,20.48,1047.77,1,1
CUS007026,65,two_year,fiber,electronic_check,False,2,50.5,3178.51,2,0
CUS007027,49,month_to_month,fiber,mailed_check,True,2,55.11,2735.14,0,0
CUS007028,5,two_year,fiber,mailed_check,True,2,52.3,262.22,1,0
CUS007029,57,month_to_month,dsl,mailed_check,True,5,55.81,3176.95,1,0
CUS007030,18,one_year,none,credit_card,True,4,39.83,704.89,1,0
CUS007031,23,two_year,dsl,credit_card,False,2,38.45,869.09,1,0
CUS007032,57,two_year,dsl,mailed_check,False,5,51.27,2819.25,2,0
CUS007033,16,month_to_month,dsl,electronic_check,False,3,45.59,761.41,1,0
CUS007034,16,one_year,dsl,mailed_check,True,3,43.03,689.62,1,0
CUS007035,3,month_to_month,fiber,credit_card,True,5,76.48,224.26,1,1
CUS007036,42,one_year,none,credit_card,True,3,32.13,1320.01,0,0
CUS007037,20,month_to_month,fiber,electronic_check,True,0,42.93,830.3,2,1
CUS007038,64,month_to_month,dsl,mailed_check,True,3,43.4,2632.91,1,0
CUS007039,54,month_to_month,dsl,bank_transfer,False,4,58.22,3027.58,1,0
CUS007040,12,one_year,none,credit_card,False,1,28.03,337.11,0,0
CUS007041,68,two_year,none,bank_transfer,True,6,53.91,3554.94,0,0
CUS007042,49,month_to_month,dsl,electronic_check,False,5,54.49,2645.3,0,0
CUS007043,44,month_to_month,fiber,mailed_check,True,4,69.14,3137.47,1,0
CUS007044,55,month_to_month,fiber,electronic_check,False,3,62.54,3387.15,4,0
CUS007045,17,month_to_month,fiber,bank_transfer,True,4,70.11,1150.48,1,0
CUS007046,49,month_to_month,fiber,electronic_check,True,2,63.79,2913.66,1,1
CUS007047,66,month_to_month,fiber,mailed_check,False,4,68.13,4383.92,1,0
CUS007048,12,month_to_month,dsl,credit_card,True,4,58.29,707.49,1,0
CUS007049,65,month_to_month,dsl,bank_transfer,True,6,65.68,4057.02,2,0
CUS007050,41,month_to_month,dsl,electronic_check,True,4,47.47,1971.41,0,1
CUS007051,38,month_to_month,fiber,bank_transfer,True,3,58.13,2200.94,2,0
CUS007052,33,two_year,none,electronic_check,True,6,41.57,1355.07,0,0
CUS007053,25,month_to_month,fiber,credit_card,True,3,61.41,1586.63,0,0
CUS007054,8,one_year,dsl,electronic_check,True,4,49.31,394.26,1,1
CUS007055,10,month_to_month,fiber,bank_transfer,True,3,61.9,586.42,1,1
CUS007056,43,two_year,dsl,electronic_check,True,4,49.89,2156.96,2,0
CUS007057,39,month_to_month,none,credit_card,False,4,37.61,1369.09,0,0
CUS007058,57,month_to_month,fiber,mailed_check,True,6,77.25,4561.95,0,0
CUS007059,50,one_year,fiber,bank_transfer,False,4,69.71,3401.68,0,0
CUS007060,48,one_year,dsl,electronic_check,False,2,42.33,2077.48,1,0
CUS007061,56,month_to_month,fiber,credit_card,False,2,52.5,2795.27,1,0
CUS007062,44,month_to_month,none,credit_card,False,5,44.67,2059.85,2,0
CUS007063,2,month_to_month,fiber,electronic_check,True,4,58.74,121.11,0,1
CUS007064,50,month_to_month,fiber,bank_transfer,True,0,54.36,2624.13,0,0
CUS007065,49,month_to_month,fiber,electronic_check,True,2,54.82,2502.14,2,0
CUS007066,48,month_to_month,fiber,credit_card,True,1,51.84,2473.41,1,0
CUS007067,54,one_year,fiber,bank_transfer,True,3,67.03,3476.35,0,0
CUS007068,45,month_to_month,fiber,bank_transfer,True,4,56.56,2441.86,1,0
CUS007069,3,two_year,fiber,bank_transfer,True,4,66.35,207.01,1,0
CUS007070,29,month_to_month,dsl,electronic_check,False,1,24.08,665.78,2,0
CUS007071,1,one_year,dsl,credit_card,False,2,43.44,,0,0
CUS007072,72,month_to_month,dsl,bank_transfer,True,4,52.81,3905.51,0,0
CUS007073,5,one_year,fiber,bank_transfer,True,5,72.4,376.01,1,0
CUS007074,63,month_to_month,fiber,bank_transfer,True,2,56.48,3309.75,0,0
CUS007075,60,month_to_month,dsl,electronic_check,True,6,69.74,3923.69,0,0
CUS007076,24,month_to_month,fiber,electronic_check,True,2,51.71,1185.12,1,0
CUS007077,1,month_to_month,fiber,bank_transfer,True,6,79.07,,1,1
CUS007078,1,two_year,dsl,credit_card,True,6,56.6,,1,0
CUS007079,47,one_year,fiber,bank_transfer,True,2,51.91,2326.79,0,0
CUS007080,54,one_year,none,bank_transfer,True,0,18.57,1049.76,0,0
CUS007081,49,two_year,dsl,bank_transfer,True,3,46.18,2314.98,0,0
CUS007082,10,one_year,fiber,bank_transfer,False,4,63.66,661.04,0,0
CUS007083,10,one_year,dsl,credit_card,True,0,24.93,242.27,0,0
CUS007084,2,two_year,dsl,credit_card,False,3,44.3,92.11,0,0
CUS007085,38,month_to_month,none,credit_card,True,5,45.3,1659.29,2,0
CUS007086,20,two_year,dsl,electronic_check,True,6,60.56,1225.16,0,0
CUS007087,56,month_to_month,fiber,bank_transfer,False,3,67.03,3554.71,0,0
CUS007088,52,month_to_month,fiber,bank_transfer,True,4,63.44,3312.95,0,0
CUS007089,13,one_year,fiber,credit_card,False,0,49.78,639.04,2,0
CUS007090,10,month_to_month,fiber,electronic_check,False,6,77.55,760.66,1,1
CUS007091,10,month_to_month,none,bank_transfer,False,0,24.12,243.8,2,0
CUS007092,34,month_to_month,dsl,credit_card,False,4,54.94,1937.9,1,0
CUS007093,55,one_year,dsl,mailed_check,True,0,27.22,1400.13,0,0
CUS007094,24,one_year,none,electronic_check,False,6,45.91,1056.67,0,1
CUS007095,28,month_to_month,dsl,electronic_check,True,5,61.5,1648.74,2,1
CUS007096,48,month_to_month,dsl,electronic_check,True,0,28.94,1354.43,0,0
CUS007097,2,month_to_month,dsl,credit_card,True,5,64.76,133.53,0,1
CUS007098,38,one_year,fiber,electronic_check,False,1,54.64,2062.38,0,0
CUS007099,22,month_to_month,fiber,electronic_check,True,6,81.89,1762.09,1,1
CUS007100,6,two_year,fiber,mailed_check,False,1,50.84,288.16,1,0
CUS007101,45,two_year,fiber,credit_card,True,0,44.56,1946.18,0,0
CUS007102,33,month_to_month,fiber,electronic_check,False,1,51.45,1658.86,0,1
CUS007103,63,one_year,none,electronic_check,False,1,27.89,1720.16,0,0
CUS007104,63,month_to_month,fiber,mailed_check,False,5,68.96,4420.5,1,0
CUS007105,45,month_to_month,dsl,mailed_check,True,0,27.98,1214.36,1,0
CUS007106,31,month_to_month,fiber,mailed_check,False,3,59.37,1873.68,0,0
CUS007107,7,month_to_month,dsl,electronic_check,False,0,29.25,211.09,1,0
CUS007108,58,two_year,none,credit_card,False,1,25.17,1499.03,0,0
CUS007109,34,month_to_month,fiber,bank_transfer,True,6,82.4,2654.56,0,1
CUS007110,70,month_to_month,fiber,credit_card,True,2,53.42,3698.5,0,0
CUS007111,53,month_to_month,fiber,mailed_check,True,1,51.69,2634.6,1,1
CUS007112,65,month_to_month,fiber,electronic_check,True,1,52.22,3506.68,1,0
CUS007113,13,month_to_month,fiber,electronic_check,True,0,57.62,743.62,2,1
CUS007114,63,two_year,dsl,mailed_check,True,3,40.81,2584.87,0,0
CUS007115,31,month_to_month,dsl,credit_card,True,0,34.39,1087.76,1,0
CUS007116,62,month_to_month,dsl,electronic_check,True,6,63.73,3684.64,0,0
CUS007117,65,month_to_month,fiber,electronic_check,True,4,62.32,3994.27,0,0
CUS007118,66,month_to_month,dsl,bank_transfer,True,3,46.48,3088.16,0,0
CUS007119,48,one_year,fiber,mailed_check,True,4,58.27,2633.11,2,0
CUS007120,29,month_to_month,fiber,electronic_check,False,0,40.95,1231.51,0,0
CUS007121,6,month_to_month,fiber,bank_transfer,False,4,66.21,372.55,2,1
CUS007122,17,month_to_month,dsl,electronic_check,True,1,27.64,475.5,0,1
CUS007123,71,month_to_month,fiber,bank_transfer,False,5,70.61,4674.24,1,0
CUS007124,40,month_to_month,fiber,credit_card,False,2,56.18,2112.98,0,0
CUS007125,17,two_year,fiber,electronic_check,True,5,70.72,1236.22,0,0
CUS007126,30,one_year,dsl,bank_transfer,False,5,50.41,1534.92,1,0
CUS007127,9,month_to_month,fiber,bank_transfer,True,1,46.6,435.65,1,0
CUS007128,61,month_to_month,dsl,bank_transfer,True,4,58.42,3449.77,1,0
CUS007129,17,month_to_month,dsl,electronic_check,False,2,44.68,759.94,1,1
CUS007130,61,month_to_month,fiber,electronic_check,False,1,52.92,3140.2,0,0
CUS007131,36,one_year,none,mailed_check,True,4,42.44,1598.49,2,0
CUS007132,43,month_to_month,none,credit_card,True,6,50.67,2029.31,2,0
CUS007133,71,two_year,none,credit_card,True,1,15.74,1149.81,0,0
CUS007134,54,month_to_month,dsl,mailed_check,False,3,48.3,2715.45,0,0
CUS007135,44,one_year,fiber,mailed_check,False,5,75.54,3483.04,0,0
CUS007136,44,one_year,dsl,mailed_check,True,5,63.54,2817.02,0,0
CUS007137,2,month_to_month,dsl,bank_transfer,False,1,39.7,74.29,2,1
CUS007138,52,month_to_month,fiber,bank_transfer,True,6,86.57,4662.92,1,0
CUS007139,37,two_year,fiber,bank_transfer,True,1,46.79,1697.79,1,0
CUS007140,71,one_year,fiber,credit_card,True,1,49.87,3380.17,1,0
CUS007141,54,two_year,dsl,bank_transfer,True,1,42.52,2362.55,0,0
CUS007142,7,month_to_month,dsl,electronic_check,False,0,36.24,252.3,0,1
CUS007143,63,month_to_month,fiber,electronic_check,False,6,81.43,5341.12,0,1
CUS007144,30,month_to_month,dsl,electronic_check,True,4,49.13,1502.37,1,0
CUS007145,57,two_year,none,credit_card,True,2,29.78,1616.53,0,0
CUS007146,17,month_to_month,fiber,mailed_check,True,1,47.81,851.06,1,1
CUS007147,19,one_year,dsl,electronic_check,False,5,57.95,1108.61,0,0
CUS007148,38,month_to_month,dsl,electronic_check,False,5,50.69,1919.66,1,0
CUS007149,47,month_to_month,fiber,electronic_check,True,3,62.58,3023.34,0,0
CUS007150,5,two_year,fiber,bank_transfer,True,5,71.65,362.5,2,0
CUS007151,52,two_year,fiber,electronic_check,False,1,46.23,2470.64,1,0
CUS007152,3,month_to_month,fiber,electronic_check,False,1,53.29,161.89,0,1
CUS007153,34,month_to_month,fiber,bank_transfer,True,1,47.71,1526.57,0,0
CUS007154,70,two_year,fiber,mailed_check,True,4,69.81,5015.68,0,0
CUS007155,62,two_year,fiber,credit_card,False,5,65.95,3837.73,1,0
CUS007156,45,two_year,none,credit_card,False,1,21.76,983.59,1,0
CUS007157,60,month_to_month,dsl,electronic_check,True,5,53.42,3264.48,1,0
CUS007158,16,two_year,fiber,bank_transfer,False,0,43.58,678.6,0,0
CUS007159,68,month_to_month,fiber,bank_transfer,True,6,75.56,5086.69,1,0
CUS007160,36,two_year,fiber,bank_transfer,False,6,72.61,2517.64,0,0
CUS007161,27,month_to_month,fiber,mailed_check,True,5,69.31,1933.81,1,1
CUS007162,43,month_to_month,fiber,electronic_check,False,1,51.84,2103.81,1,1
CUS007163,18,two_year,dsl,bank_transfer,True,6,66.52,1212.77,0,0
CUS007164,50,one_year,none,electronic_check,True,1,24.2,1155.66,1,0
CUS007165,35,month_to_month,dsl,bank_transfer,False,5,53.94,1937.26,0,0
CUS007166,56,one_year,dsl,credit_card,True,0,28.39,1642.95,0,0
CUS007167,63,month_to_month,none,electronic_check,False,2,23.29,1380.15,0,0
CUS007168,68,month_to_month,none,credit_card,False,3,40.13,2713.79,2,0
CUS007169,62,month_to_month,fiber,electronic_check,False,6,75.75,4810.74,1,0
CUS007170,61,month_to_month,none,bank_transfer,True,1,29.58,1819.68,0,0
CUS007171,58,month_to_month,dsl,credit_card,False,1,39.79,2212.75,0,0
CUS007172,43,two_year,fiber,electronic_check,False,3,64.5,2792.28,1,0
CUS007173,33,two_year,fiber,mailed_check,True,2,60.12,1887.14,1,0
CUS007174,2,one_year,fiber,mailed_check,True,2,50.29,95.68,2,0
CUS007175,37,one_year,fiber,credit_card,False,1,55.78,2120.58,0,0
CUS007176,47,month_to_month,fiber,electronic_check,False,1,54.04,2546.8,1,1
CUS007177,24,month_to_month,none,bank_transfer,False,2,32.55,748.79,1,0
CUS007178,51,one_year,dsl,bank_transfer,True,6,68.02,3624.9,0,0
CUS007179,26,month_to_month,none,bank_transfer,False,2,27.56,694.2,1,1
CUS007180,7,month_to_month,fiber,electronic_check,True,6,80.71,551.93,1,1
CUS007181,49,two_year,fiber,bank_transfer,True,0,53.6,2687.42,3,0
CUS007182,57,month_to_month,fiber,bank_transfer,True,0,38.99,2228.63,2,1
CUS007183,62,two_year,none,credit_card,True,2,34.71,2108.24,1,0
CUS007184,30,two_year,fiber,electronic_check,True,3,54.44,1661.46,0,0
CUS007185,51,month_to_month,fiber,bank_transfer,True,5,78.63,4175.04,0,0
CUS007186,60,month_to_month,fiber,credit_card,True,0,46.31,2769.53,0,0
CUS007187,4,month_to_month,none,bank_transfer,False,3,39.04,163.93,0,0
CUS007188,51,month_to_month,none,electronic_check,True,2,27.96,1364.59,0,0
CUS007189,71,one_year,none,electronic_check,True,4,32.96,2243.47,1,0
CUS007190,55,month_to_month,dsl,mailed_check,True,0,30.29,1670.67,2,1
CUS007191,35,month_to_month,dsl,mailed_check,True,2,50.3,1719.29,3,1
CUS007192,10,two_year,fiber,credit_card,True,5,71.2,684.64,0,0
CUS007193,19,month_to_month,fiber,credit_card,False,5,75.11,1329.26,0,0
CUS007194,6,month_to_month,fiber,electronic_check,False,2,57.72,343.03,1,1
CUS007195,51,two_year,fiber,mailed_check,False,6,81.68,3986.66,0,0
CUS007196,18,month_to_month,fiber,bank_transfer,True,6,72.23,1234.04,4,0
CUS007197,38,month_to_month,none,mailed_check,True,2,26.34,1030.7,1,0
CUS007198,68,one_year,none,bank_transfer,False,3,35.0,2302.67,1,0
CUS007199,27,month_to_month,dsl,credit_card,False,3,45.75,1267.92,0,0
CUS007200,40,one_year,none,mailed_check,False,5,54.02,2220.87,2,0
CUS007201,26,two_year,dsl,credit_card,True,5,54.99,1368.93,1,0
CUS007202,5,month_to_month,dsl,mailed_check,False,3,55.04,285.11,0,1
CUS007203,67,month_to_month,dsl,electronic_check,True,5,55.74,3633.57,0,0
CUS007204,29,one_year,fiber,credit_card,False,4,65.72,1852.59,0,0
CUS007205,44,two_year,fiber,credit_card,True,2,57.1,2482.41,0,0
CUS007206,67,one_year,dsl,electronic_check,True,2,41.14,2591.26,0,0
CUS007207,34,one_year,fiber,credit_card,False,0,51.21,1695.62,1,0
CUS007208,33,month_to_month,dsl,credit_card,True,0,27.84,854.76,1,0
CUS007209,29,month_to_month,none,credit_card,True,6,52.74,1551.0,0,0
CUS007210,20,one_year,fiber,electronic_check,True,1,54.89,1100.43,1,1
CUS007211,65,month_to_month,none,mailed_check,True,4,42.44,2825.6,2,0
CUS007212,30,month_to_month,fiber,electronic_check,False,0,43.37,1320.0,0,1
CUS007213,22,one_year,fiber,bank_transfer,False,5,78.92,1657.36,2,1
CUS007214,20,month_to_month,fiber,electronic_check,True,3,58.13,1127.8,0,1
CUS007215,53,month_to_month,fiber,credit_card,True,3,71.82,3970.35,0,0
CUS007216,27,month_to_month,fiber,mailed_check,False,3,61.23,1605.25,0,0
CUS007217,7,two_year,dsl,bank_transfer,True,1,29.89,203.38,1,0
CUS007218,26,month_to_month,dsl,electronic_check,False,6,56.22,1472.88,0,1
CUS007219,38,month_to_month,fiber,bank_transfer,False,4,67.97,2466.2,2,0
CUS007220,25,one_year,fiber,credit_card,False,1,51.07,1322.64,1,0
CUS007221,4,month_to_month,none,electronic_check,False,1,17.24,65.61,1,1
CUS007222,22,month_to_month,fiber,bank_transfer,True,2,51.57,1133.45,2,1
CUS007223,62,one_year,fiber,electronic_check,True,5,67.98,4028.84,0,0
CUS007224,63,month_to_month,fiber,credit_card,False,5,70.58,4339.12,1,0
CUS007225,52,month_to_month,fiber,credit_card,True,2,57.57,2806.21,1,0
CUS007226,34,month_to_month,fiber,mailed_check,True,4,64.37,2050.25,2,0
CUS007227,42,two_year,dsl,mailed_check,False,4,41.8,1815.93,1,0
CUS007228,18,month_to_month,fiber,electronic_check,True,6,73.37,1294.08,1,1
CUS007229,38,month_to_month,fiber,credit_card,True,6,78.72,2830.26,1,0
CUS007230,37,one_year,fiber,credit_card,True,0,42.36,1596.44,1,0
CUS007231,45,one_year,none,mailed_check,False,2,27.32,1290.46,1,0
CUS007232,50,month_to_month,fiber,credit_card,True,6,68.35,3560.26,0,0
CUS007233,18,month_to_month,none,mailed_check,False,0,22.91,431.35,2,1
CUS007234,66,month_to_month,fiber,electronic_check,True,0,52.44,3557.99,1,1
CUS007235,54,month_to_month,dsl,electronic_check,False,1,39.6,2168.67,1,0
CUS007236,10,one_year,fiber,mailed_check,False,5,75.67,782.39,0,0
CUS007237,41,two_year,fiber,mailed_check,False,4,69.56,2746.56,0,0
CUS007238,16,two_year,none,mailed_check,False,0,26.32,433.05,0,0
CUS007239,68,month_to_month,none,mailed_check,False,5,39.59,2720.98,1,0
CUS007240,72,two_year,fiber,credit_card,True,1,48.93,3646.95,0,0
CUS007241,32,month_to_month,none,bank_transfer,True,6,53.37,1646.85,3,0
CUS007242,36,month_to_month,dsl,credit_card,False,2,44.42,1637.85,3,0
CUS007243,11,one_year,fiber,credit_card,False,1,50.15,514.7,0,0
CUS007244,48,month_to_month,dsl,credit_card,False,4,44.39,2176.02,0,0
CUS007245,62,month_to_month,fiber,electronic_check,False,0,44.78,2680.37,0,0
CUS007246,42,month_to_month,fiber,mailed_check,True,5,77.93,3332.88,2,0
CUS007247,57,month_to_month,fiber,credit_card,False,3,68.3,3666.12,1,0
CUS007248,23,one_year,fiber,electronic_check,True,3,59.24,1413.58,0,0
CUS007249,22,two_year,fiber,electronic_check,True,0,44.04,999.11,0,0
CUS007250,8,month_to_month,fiber,credit_card,False,3,58.49,470.38,0,0
CUS007251,14,one_year,dsl,mailed_check,True,0,37.27,495.94,2,0
CUS007252,49,month_to_month,dsl,electronic_check,False,2,42.54,2128.12,1,0
CUS007253,13,one_year,none,credit_card,False,3,33.82,435.58,1,0
CUS007254,61,month_to_month,fiber,credit_card,True,5,73.28,4385.86,2,0
CUS007255,31,two_year,none,electronic_check,True,3,39.46,1250.02,1,0
CUS007256,14,month_to_month,fiber,bank_transfer,False,2,62.96,826.03,0,1
CUS007257,61,two_year,dsl,electronic_check,True,0,30.28,1782.29,1,0
CUS007258,37,two_year,dsl,bank_transfer,False,5,57.4,2050.36,0,0
CUS007259,48,two_year,fiber,mailed_check,True,3,63.16,3086.17,0,0
CUS007260,33,month_to_month,none,credit_card,False,1,23.71,751.65,0,0
CUS007261,48,two_year,fiber,bank_transfer,True,6,88.62,4156.8,0,0
CUS007262,71,one_year,fiber,electronic_check,False,3,62.63,4207.61,0,0
CUS007263,66,month_to_month,fiber,mailed_check,False,5,68.23,4666.3,0,0
CUS007264,25,two_year,fiber,bank_transfer,True,3,70.04,1665.01,0,0
CUS007265,41,month_to_month,fiber,credit_card,True,6,74.64,2850.92,0,0
CUS007266,45,one_year,dsl,bank_transfer,False,2,35.8,1691.0,1,0
CUS007267,31,two_year,fiber,mailed_check,False,0,40.12,1196.96,0,0
CUS007268,33,month_to_month,fiber,bank_transfer,True,0,48.39,1578.1,2,0
CUS007269,3,one_year,dsl,electronic_check,False,3,50.49,148.34,2,0
CUS007270,9,month_to_month,none,electronic_check,False,0,22.97,208.26,0,1
CUS007271,65,month_to_month,dsl,mailed_check,True,4,56.31,3815.62,1,0
CUS007272,36,month_to_month,fiber,credit_card,True,6,75.98,2640.77,0,0
CUS007273,9,month_to_month,dsl,credit_card,False,0,24.28,220.35,0,0
CUS007274,46,month_to_month,dsl,electronic_check,True,5,50.73,2357.53,0,0
CUS007275,21,month_to_month,none,bank_transfer,True,1,23.56,480.47,1,1
CUS007276,57,two_year,none,credit_card,False,2,33.08,1869.7,0,0
CUS007277,4,one_year,none,bank_transfer,True,4,45.61,178.35,1,0
CUS007278,8,two_year,fiber,credit_card,True,4,66.05,496.05,1,0
CUS007279,64,month_to_month,dsl,mailed_check,True,0,28.44,1801.29,2,0
CUS007280,65,two_year,fiber,electronic_check,True,2,55.67,3576.38,1,0
CUS007281,19,one_year,dsl,bank_transfer,True,2,34.78,626.25,2,0
CUS007282,42,two_year,fiber,bank_transfer,True,2,53.56,2117.61,2,0
CUS007283,35,two_year,none,bank_transfer,True,6,47.56,1606.63,0,0
CUS007284,18,month_to_month,fiber,credit_card,True,2,55.44,985.07,2,1
CUS007285,44,month_to_month,dsl,electronic_check,True,0,29.38,1265.67,0,0
CUS007286,51,month_to_month,fiber,mailed_check,True,3,58.25,2771.54,0,0
CUS007287,16,month_to_month,dsl,electronic_check,True,2,45.52,738.29,1,1
CUS007288,65,one_year,dsl,credit_card,False,2,38.99,2509.8,2,0
CUS007289,52,two_year,dsl,electronic_check,True,5,55.37,3002.29,0,0
CUS007290,45,one_year,fiber,mailed_check,True,0,48.53,2275.54,2,0
CUS007291,61,month_to_month,dsl,credit_card,True,0,35.36,2102.76,0,0
CUS007292,22,month_to_month,none,electronic_check,True,5,47.08,1056.51,1,1
CUS007293,55,two_year,dsl,bank_transfer,True,4,48.35,2686.0,0,0
CUS007294,33,month_to_month,dsl,electronic_check,False,3,51.2,1622.38,0,0
CUS007295,2,month_to_month,none,electronic_check,False,6,49.33,100.65,1,0
CUS007296,43,two_year,fiber,mailed_check,True,6,74.92,3299.54,3,0
CUS007297,48,month_to_month,dsl,mailed_check,True,2,34.79,1638.85,0,0
CUS007298,40,one_year,fiber,mailed_check,True,5,78.78,3244.28,0,0
CUS007299,43,month_to_month,fiber,electronic_check,True,5,67.33,2830.11,0,0
CUS007300,15,month_to_month,fiber,electronic_check,True,5,77.52,1199.35,2,1
CUS007301,43,month_to_month,dsl,bank_transfer,True,6,58.12,2531.37,2,0
CUS007302,16,month_to_month,dsl,electronic_check,True,6,68.95,1051.54,2,0
CUS007303,33,month_to_month,dsl,credit_card,True,5,64.6,2157.97,1,1
CUS007304,46,one_year,dsl,electronic_check,True,4,44.24,1965.81,0,0
CUS007305,26,month_to_month,fiber,electronic_check,False,6,73.41,1983.89,0,0
CUS007306,56,month_to_month,dsl,credit_card,False,2,42.41,2481.72,1,0
CUS007307,46,month_to_month,dsl,mailed_check,True,2,43.7,1880.64,0,0
CUS007308,58,one_year,dsl,mailed_check,True,0,29.11,1584.74,0,0
CUS007309,47,one_year,dsl,mailed_check,True,0,33.73,1520.53,2,0
CUS007310,72,month_to_month,dsl,credit_card,False,1,41.54,3038.18,1,0
CUS007311,43,one_year,none,electronic_check,True,4,38.79,1625.23,2,0
CUS007312,30,one_year,none,bank_transfer,False,2,29.11,844.35,0,0
CUS007313,22,one_year,fiber,electronic_check,True,0,43.92,975.57,0,0
CUS007314,56,month_to_month,dsl,mailed_check,False,2,40.42,2121.55,1,0
CUS007315,5,month_to_month,fiber,electronic_check,False,1,55.49,279.54,0,0
CUS007316,7,month_to_month,fiber,credit_card,False,6,85.14,561.48,0,1
CUS007317,1,one_year,fiber,electronic_check,False,2,53.13,,0,1
CUS007318,62,month_to_month,dsl,electronic_check,True,0,31.94,2079.26,0,0
CUS007319,42,one_year,fiber,bank_transfer,False,6,78.31,3206.08,1,0
CUS007320,26,two_year,dsl,bank_transfer,False,5,54.65,1399.1,0,0
CUS007321,23,month_to_month,fiber,credit_card,False,0,40.55,966.28,1,1
CUS007322,32,month_to_month,dsl,bank_transfer,False,4,50.49,1689.25,0,0
CUS007323,27,month_to_month,fiber,electronic_check,True,5,68.29,1716.21,0,0
CUS007324,44,month_to_month,none,credit_card,True,0,27.38,1211.68,1,0
CUS007325,43,month_to_month,fiber,bank_transfer,True,3,62.6,2682.44,1,0
CUS007326,20,two_year,none,bank_transfer,True,6,46.72,910.58,0,0
CUS007327,23,one_year,none,credit_card,True,6,50.99,1220.28,3,0
CUS007328,7,month_to_month,none,electronic_check,True,4,44.79,315.38,0,1
CUS007329,48,month_to_month,dsl,electronic_check,False,3,49.36,2285.63,0,0
CUS007330,45,month_to_month,none,bank_transfer,True,6,55.72,2460.71,2,0
CUS007331,27,one_year,fiber,bank_transfer,True,3,64.01,1722.74,0,0
CUS007332,12,month_to_month,dsl,credit_card,True,5,58.98,705.82,0,0
CUS007333,10,two_year,fiber,electronic_check,True,1,53.72,543.88,1,1
CUS007334,26,month_to_month,none,electronic_check,True,0,20.24,548.39,0,1
CUS007335,55,month_to_month,none,electronic_check,True,0,27.79,1461.45,0,0
CUS007336,16,month_to_month,fiber,credit_card,False,5,62.95,1043.55,0,0
CUS007337,19,two_year,fiber,credit_card,False,0,39.38,712.52,0,0
CUS007338,11,month_to_month,dsl,bank_transfer,False,3,53.26,578.31,0,0
CUS007339,68,two_year,fiber,bank_transfer,False,6,74.29,5240.58,1,0
CUS007340,51,month_to_month,fiber,mailed_check,False,3,67.47,3276.11,0,0
CUS007341,27,month_to_month,dsl,electronic_check,True,0,34.13,909.07,2,0
CUS007342,65,month_to_month,fiber,electronic_check,False,6,77.86,4976.5,0,0
CUS007343,51,month_to_month,none,bank_transfer,True,5,48.25,2514.33,0,0
CUS007344,4,two_year,fiber,bank_transfer,False,0,51.28,198.61,1,0
CUS007345,33,two_year,none,credit_card,True,6,44.04,1378.15,1,0
CUS007346,49,one_year,dsl,bank_transfer,False,6,55.03,2817.2,1,0
CUS007347,27,two_year,fiber,bank_transfer,True,3,62.48,1605.46,0,0
CUS007348,18,two_year,fiber,electronic_check,False,5,64.65,1183.16,0,0
CUS007349,49,one_year,fiber,bank_transfer,True,6,85.12,4066.06,0,0
CUS007350,45,two_year,fiber,mailed_check,True,0,47.61,2176.25,0,0
CUS007351,26,month_to_month,dsl,electronic_check,True,3,45.62,1142.11,2,0
CUS007352,13,month_to_month,fiber,electronic_check,False,2,56.36,737.12,0,1
CUS007353,35,month_to_month,dsl,bank_transfer,False,3,44.79,1602.21,0,0
CUS007354,66,two_year,fiber,credit_card,True,5,67.53,4525.88,0,0
CUS007355,69,one_year,none,electronic_check,False,0,15.82,1095.85,1,0
CUS007356,55,two_year,fiber,electronic_check,True,6,85.82,4939.38,0,0
CUS007357,51,month_to_month,dsl,electronic_check,False,2,51.8,2712.4,0,0
CUS007358,38,month_to_month,fiber,mailed_check,False,5,71.15,2814.42,0,0
CUS007359,37,month_to_month,fiber,bank_transfer,False,1,54.02,1905.62,1,0
CUS007360,27,one_year,fiber,bank_transfer,False,5,64.45,1644.24,2,0
CUS007361,24,two_year,fiber,credit_card,True,1,51.13,1282.54,0,0
CUS007362,1,one_year,fiber,electronic_check,False,5,77.83,,1,0
CUS007363,37,one_year,fiber,bank_transfer,True,6,77.78,2856.41,2,0
CUS007364,17,one_year,fiber,electronic_check,True,4,65.98,1143.28,1,0
CUS007365,28,month_to_month,fiber,electronic_check,False,0,51.47,1375.62,1,1
CUS007366,13,two_year,fiber,bank_transfer,False,0,46.44,631.76,0,0
CUS007367,14,two_year,fiber,credit_card,False,2,54.17,733.18,1,0
CUS007368,45,month_to_month,none,electronic_check,True,0,18.67,826.04,1,0
CUS007369,52,one_year,none,electronic_check,True,3,33.65,1718.23,1,0
CUS007370,16,one_year,none,electronic_check,True,5,44.8,679.95,0,0
CUS007371,64,one_year,fiber,electronic_check,True,3,61.82,3964.05,0,0
CUS007372,48,one_year,fiber,credit_card,False,2,55.61,2533.97,1,0
CUS007373,10,month_to_month,dsl,credit_card,True,1,35.45,342.79,0,0
CUS007374,13,one_year,fiber,credit_card,True,2,60.02,810.58,0,0
CUS007375,6,month_to_month,none,bank_transfer,False,3,31.7,189.71,1,0
CUS007376,30,month_to_month,none,credit_card,True,4,37.26,1152.3,1,0
CUS007377,36,month_to_month,none,credit_card,True,2,28.98,1093.15,1,1
CUS007378,8,one_year,dsl,bank_transfer,True,4,52.1,395.55,0,0
CUS007379,4,one_year,fiber,credit_card,False,2,57.79,234.5,3,1
CUS007380,27,month_to_month,dsl,electronic_check,False,2,44.99,1238.33,0,0
CUS007381,29,month_to_month,dsl,bank_transfer,True,0,39.27,1099.42,1,0
CUS007382,29,two_year,fiber,credit_card,True,6,69.53,2081.05,0,0
CUS007383,29,month_to_month,none,electronic_check,True,6,55.57,1526.31,0,0
CUS007384,7,month_to_month,fiber,credit_card,True,5,69.15,473.11,0,0
CUS007385,51,month_to_month,fiber,bank_transfer,True,2,48.86,2522.6,1,0
CUS007386,59,two_year,none,electronic_check,True,6,50.83,2813.56,1,0
CUS007387,9,month_to_month,dsl,electronic_check,False,2,41.54,366.12,1,0
CUS007388,16,month_to_month,dsl,electronic_check,False,6,61.83,1018.02,2,1
CUS007389,18,one_year,dsl,electronic_check,True,4,53.79,921.22,2,0
CUS007390,10,month_to_month,none,electronic_check,True,2,31.52,324.23,1,0
CUS007391,68,month_to_month,dsl,electronic_check,True,6,57.27,4079.53,2,0
CUS007392,70,month_to_month,fiber,bank_transfer,False,0,42.63,3107.79,0,1
CUS007393,1,month_to_month,dsl,electronic_check,False,1,32.82,,1,1
CUS007394,60,month_to_month,fiber,electronic_check,False,5,76.88,4580.7,1,0
CUS007395,15,one_year,dsl,electronic_check,True,6,66.32,1042.9,1,0
CUS007396,52,month_to_month,dsl,mailed_check,False,3,44.03,2370.73,1,0
CUS007397,38,month_to_month,dsl,electronic_check,True,6,65.75,2518.13,1,0
CUS007398,48,month_to_month,fiber,bank_transfer,False,1,46.49,2204.86,1,0
CUS007399,34,two_year,fiber,bank_transfer,True,0,44.86,1599.07,2,0
CUS007400,39,two_year,fiber,electronic_check,True,0,50.91,1899.16,0,0
CUS007401,27,one_year,fiber,bank_transfer,False,1,49.21,1241.82,0,0
CUS007402,2,month_to_month,dsl,mailed_check,False,1,39.79,80.28,0,1
CUS007403,64,month_to_month,dsl,bank_transfer,False,5,56.06,3677.27,0,0
CUS007404,44,one_year,dsl,electronic_check,False,6,65.13,2801.05,0,0
CUS007405,44,month_to_month,dsl,credit_card,True,3,41.77,1791.05,2,0
CUS007406,63,month_to_month,dsl,electronic_check,False,5,63.01,3904.65,0,0
CUS007407,43,month_to_month,fiber,bank_transfer,True,4,67.33,2776.73,1,0
CUS007408,2,one_year,none,credit_card,False,0,18.25,38.03,0,0
CUS007409,64,month_to_month,dsl,electronic_check,False,3,48.49,2941.54,4,1
CUS007410,2,month_to_month,fiber,credit_card,True,5,75.11,145.38,1,1
CUS007411,33,two_year,fiber,credit_card,True,6,78.62,2444.38,0,0
CUS007412,52,month_to_month,dsl,credit_card,True,2,41.86,2251.46,1,0
CUS007413,71,one_year,fiber,bank_transfer,True,6,81.03,5928.38,0,0
CUS007414,20,month_to_month,none,electronic_check,True,3,29.89,579.18,1,1
CUS007415,55,one_year,dsl,electronic_check,True,6,63.9,3604.03,0,0
CUS007416,38,month_to_month,fiber,bank_transfer,True,2,51.64,2049.24,0,0
CUS007417,30,month_to_month,fiber,bank_transfer,False,0,49.27,1489.12,0,0
CUS007418,53,one_year,fiber,electronic_check,True,6,78.62,3998.23,1,0
CUS007419,68,one_year,dsl,mailed_check,False,2,45.18,2970.32,0,0
CUS007420,3,month_to_month,fiber,electronic_check,True,4,70.25,208.97,0,1
CUS007421,33,two_year,fiber,mailed_check,False,4,73.59,2395.11,0,0
CUS007422,5,month_to_month,fiber,credit_card,False,4,62.12,294.88,1,1
CUS007423,41,one_year,none,bank_transfer,False,1,27.75,1162.21,0,0
CUS007424,4,month_to_month,dsl,electronic_check,True,2,41.45,169.09,0,0
CUS007425,54,month_to_month,fiber,credit_card,True,1,55.6,2835.39,1,0
CUS007426,45,month_to_month,fiber,credit_card,False,0,44.82,2087.71,0,0
CUS007427,70,month_to_month,fiber,credit_card,False,6,73.6,4817.25,1,0
CUS007428,58,month_to_month,fiber,mailed_check,True,4,66.12,3774.43,0,0
CUS007429,26,month_to_month,fiber,mailed_check,False,2,49.29,1342.6,0,0
CUS007430,5,one_year,dsl,mailed_check,True,4,49.74,256.88,2,0
CUS007431,47,two_year,dsl,electronic_check,True,5,62.24,2771.62,0,0
CUS007432,11,one_year,dsl,mailed_check,False,4,58.02,657.21,0,0
CUS007433,1,two_year,fiber,electronic_check,False,2,57.78,,1,1
CUS007434,14,month_to_month,fiber,credit_card,False,0,49.14,672.24,0,0
CUS007435,55,one_year,none,mailed_check,True,5,40.46,2196.34,0,0
CUS007436,40,one_year,none,bank_transfer,True,3,28.08,1123.5,4,0
CUS007437,21,two_year,fiber,bank_transfer,True,6,80.17,1748.05,0,0
CUS007438,1,month_to_month,dsl,electronic_check,True,0,23.57,,0,1
CUS007439,19,one_year,dsl,electronic_check,False,5,58.36,1060.98,1,0
CUS007440,71,one_year,fiber,electronic_check,True,6,76.67,5151.62,3,0
CUS007441,10,month_to_month,none,bank_transfer,True,3,37.76,385.26,2,1
CUS007442,71,month_to_month,dsl,electronic_check,False,0,41.64,2774.36,0,0
CUS007443,59,one_year,fiber,credit_card,True,3,57.87,3374.12,1,0
CUS007444,67,month_to_month,fiber,bank_transfer,True,4,68.67,4566.13,1,0
CUS007445,66,two_year,none,electronic_check,True,3,29.56,1897.44,1,0
CUS007446,56,one_year,fiber,electronic_check,False,3,70.74,4149.0,0,0
CUS007447,32,two_year,fiber,credit_card,False,1,55.76,1840.72,1,0
CUS007448,33,month_to_month,none,mailed_check,True,0,8.7,293.9,1,0
CUS007449,65,month_to_month,none,mailed_check,True,3,31.46,1909.47,2,0
CUS007450,11,month_to_month,dsl,electronic_check,False,1,42.34,462.83,1,1
CUS007451,52,month_to_month,none,mailed_check,False,5,46.94,2412.64,0,0
CUS007452,9,month_to_month,dsl,credit_card,True,4,51.02,435.95,0,0
CUS007453,5,month_to_month,fiber,mailed_check,True,2,50.52,236.32,0,0
CUS007454,24,month_to_month,dsl,electronic_check,True,5,55.25,1233.61,0,1
CUS007455,25,month_to_month,fiber,mailed_check,True,6,82.33,2014.96,0,1
CUS007456,7,one_year,dsl,credit_card,False,1,36.9,241.32,1,0
CUS007457,15,two_year,fiber,credit_card,False,1,45.3,637.79,1,1
CUS007458,12,month_to_month,dsl,credit_card,True,1,30.47,349.98,0,0
CUS007459,24,month_to_month,fiber,credit_card,False,4,72.49,1702.25,1,1
CUS007460,40,month_to_month,fiber,mailed_check,True,0,50.28,2076.56,0,0
CUS007461,54,month_to_month,fiber,bank_transfer,True,1,57.5,2888.66,0,0
CUS007462,58,two_year,dsl,mailed_check,True,5,59.95,3251.45,2,0
CUS007463,48,two_year,dsl,mailed_check,False,0,30.86,1473.07,1,0
CUS007464,29,two_year,dsl,electronic_check,False,3,43.71,1282.24,0,0
CUS007465,25,month_to_month,dsl,bank_transfer,True,0,28.43,692.58,0,0
CUS007466,67,month_to_month,dsl,electronic_check,True,0,34.43,2284.6,0,0
CUS007467,6,month_to_month,dsl,mailed_check,True,1,33.5,209.63,1,0
CUS007468,71,month_to_month,dsl,mailed_check,True,2,44.11,3012.2,1,0
CUS007469,6,one_year,dsl,electronic_check,True,4,52.7,323.08,1,0
CUS007470,10,month_to_month,fiber,credit_card,True,0,46.65,452.04,1,1
CUS007471,8,month_to_month,dsl,credit_card,False,4,52.24,426.93,1,0
CUS007472,51,month_to_month,dsl,electronic_check,False,6,70.4,3348.05,0,0
CUS007473,1,month_to_month,fiber,bank_transfer,True,5,73.92,,3,1
CUS007474,68,month_to_month,fiber,mailed_check,True,1,49.09,3268.1,0,0
CUS007475,16,month_to_month,fiber,electronic_check,False,6,76.17,1267.44,0,1
CUS007476,46,month_to_month,fiber,credit_card,True,4,68.44,2957.93,0,0
CUS007477,47,month_to_month,dsl,bank_transfer,False,6,67.98,3307.42,0,0
CUS007478,8,month_to_month,dsl,electronic_check,True,2,38.46,306.68,1,1
CUS007479,13,two_year,dsl,electronic_check,True,6,66.12,877.97,2,1
CUS007480,56,month_to_month,fiber,mailed_check,False,5,67.18,3704.07,0,0
CUS007481,37,month_to_month,dsl,electronic_check,True,4,56.91,2090.55,1,0
CUS007482,64,month_to_month,fiber,electronic_check,True,5,67.63,4373.49,0,0
CUS007483,8,one_year,fiber,bank_transfer,True,2,58.61,440.32,0,0
CUS007484,35,month_to_month,fiber,electronic_check,False,3,62.25,2231.28,0,1
CUS007485,70,month_to_month,none,credit_card,True,5,49.09,3593.4,1,0
CUS007486,72,month_to_month,dsl,electronic_check,True,6,64.34,4647.1,0,0
CUS007487,27,month_to_month,dsl,electronic_check,True,1,38.36,1005.31,1,0
CUS007488,32,one_year,dsl,bank_transfer,False,0,25.47,826.38,0,0
CUS007489,19,two_year,none,credit_card,True,6,54.08,982.91,1,0
CUS007490,12,month_to_month,fiber,electronic_check,True,1,49.76,569.51,0,0
CUS007491,33,month_to_month,fiber,electronic_check,True,5,71.43,2425.98,0,0
CUS007492,65,month_to_month,none,credit_card,False,5,42.73,2860.24,1,0
CUS007493,29,two_year,none,electronic_check,False,5,42.72,1288.72,0,0
CUS007494,48,one_year,dsl,bank_transfer,True,4,46.72,2294.55,0,0
CUS007495,3,month_to_month,none,bank_transfer,False,4,47.47,136.17,1,0
CUS007496,65,one_year,dsl,mailed_check,True,2,42.15,2823.35,1,0
CUS007497,31,two_year,dsl,bank_transfer,False,4,62.53,1922.41,0,0
CUS007498,41,month_to_month,dsl,electronic_check,True,1,30.31,1268.48,1,1
CUS007499,35,two_year,fiber,electronic_check,False,4,75.67,2749.38,1,0
CUS007500,58,month_to_month,fiber,electronic_check,False,0,48.89,2914.01,0,1
CUS007501,21,one_year,fiber,mailed_check,True,4,67.07,1424.48,0,0
CUS007502,28,two_year,fiber,bank_transfer,False,0,45.99,1328.96,2,0
CUS007503,49,month_to_month,dsl,mailed_check,True,1,40.83,1861.49,1,0
CUS007504,35,month_to_month,fiber,credit_card,False,4,63.51,2275.74,1,0
CUS007505,4,month_to_month,dsl,mailed_check,False,4,52.34,199.06,1,1
CUS007506,24,month_to_month,fiber,electronic_check,False,6,78.77,1974.22,1,0
CUS007507,19,month_to_month,fiber,electronic_check,True,3,62.44,1108.19,2,1
CUS007508,51,month_to_month,dsl,bank_transfer,True,4,48.81,2317.56,3,0
CUS007509,53,one_year,none,bank_transfer,False,6,60.24,3013.73,1,0
CUS007510,12,two_year,dsl,mailed_check,True,5,61.11,723.61,1,0
CUS007511,19,two_year,dsl,credit_card,True,4,59.24,1138.41,3,0
CUS007512,63,one_year,fiber,bank_transfer,False,2,51.79,3265.21,1,0
CUS007513,48,month_to_month,dsl,bank_transfer,False,4,53.48,2568.01,0,0
CUS007514,36,two_year,fiber,mailed_check,False,5,79.65,2883.57,0,0
CUS007515,22,month_to_month,dsl,bank_transfer,True,1,32.81,679.69,0,0
CUS007516,33,month_to_month,none,credit_card,False,4,40.59,1374.81,1,0
CUS007517,35,month_to_month,dsl,electronic_check,True,6,57.74,2024.03,0,0
CUS007518,3,month_to_month,fiber,electronic_check,True,2,48.92,140.77,0,0
CUS007519,4,one_year,dsl,electronic_check,True,5,50.57,192.87,0,0
CUS007520,68,month_to_month,dsl,mailed_check,False,1,34.32,2415.06,0,0
CUS007521,33,month_to_month,dsl,electronic_check,True,4,50.89,1623.23,0,0
CUS007522,17,two_year,fiber,bank_transfer,True,0,46.2,757.75,1,0
CUS007523,48,month_to_month,none,electronic_check,True,3,39.43,1798.46,0,0
CUS007524,1,two_year,fiber,bank_transfer,True,0,43.93,,0,1
CUS007525,44,two_year,none,mailed_check,False,4,44.64,2001.25,0,0
CUS007526,28,two_year,fiber,electronic_check,False,5,66.7,1888.22,2,0
CUS007527,11,two_year,fiber,electronic_check,False,6,76.29,880.35,0,0
CUS007528,38,month_to_month,none,credit_card,True,6,58.67,2324.4,0,0
CUS007529,66,two_year,dsl,bank_transfer,True,6,70.19,4765.87,0,0
CUS007530,62,month_to_month,dsl,electronic_check,True,2,45.99,2960.82,0,0
CUS007531,57,month_to_month,dsl,electronic_check,True,0,35.49,1885.17,0,0
CUS007532,17,month_to_month,fiber,electronic_check,False,5,79.58,1413.71,2,0
CUS007533,47,two_year,none,electronic_check,False,6,56.79,2531.56,1,0
CUS007534,63,month_to_month,fiber,credit_card,False,1,48.12,3131.22,0,0
CUS007535,45,one_year,dsl,bank_transfer,True,4,53.24,2326.62,0,0
CUS007536,72,one_year,fiber,mailed_check,True,2,58.6,4304.99,1,0
CUS007537,49,one_year,fiber,electronic_check,True,2,66.37,3305.54,1,0
CUS007538,64,month_to_month,fiber,credit_card,True,1,49.81,3259.65,0,0
CUS007539,6,one_year,fiber,bank_transfer,True,1,57.43,332.12,1,0
CUS007540,17,month_to_month,fiber,electronic_check,False,6,76.98,1363.72,2,1
CUS007541,30,one_year,fiber,electronic_check,True,5,71.66,2237.18,0,0
CUS007542,15,two_year,fiber,bank_transfer,True,4,68.13,1071.84,1,0
CUS007543,60,month_to_month,fiber,electronic_check,True,0,39.84,2494.32,0,0
CUS007544,70,two_year,none,bank_transfer,True,1,28.05,2049.52,0,0
CUS007545,48,month_to_month,fiber,bank_transfer,False,3,59.23,2869.28,1,0
CUS007546,45,month_to_month,dsl,electronic_check,False,1,28.59,1331.63,0,0
CUS007547,39,month_to_month,none,bank_transfer,True,5,48.11,1816.26,1,0
CUS007548,22,month_to_month,fiber,credit_card,False,5,69.7,1542.91,2,0
CUS007549,59,month_to_month,dsl,mailed_check,False,6,69.38,4292.53,0,0
CUS007550,55,two_year,fiber,bank_transfer,True,5,77.65,3999.77,0,0
CUS007551,20,one_year,dsl,mailed_check,False,5,59.8,1221.34,1,0
CUS007552,42,month_to_month,dsl,mailed_check,True,6,61.22,2619.13,1,0
CUS007553,64,month_to_month,fiber,mailed_check,True,3,62.99,4138.78,0,1
CUS007554,25,one_year,dsl,electronic_check,True,2,48.39,1219.43,1,0
CUS007555,46,two_year,dsl,mailed_check,False,0,31.38,1362.56,0,0
CUS007556,6,one_year,fiber,bank_transfer,False,3,63.85,357.34,3,1
CUS007557,56,two_year,dsl,bank_transfer,True,1,39.95,2227.29,0,0
CUS007558,32,two_year,fiber,mailed_check,False,5,71.14,2361.78,1,0
CUS007559,41,month_to_month,fiber,electronic_check,False,6,71.02,2793.11,1,0
CUS007560,23,two_year,none,mailed_check,False,4,54.89,1262.64,0,0
CUS007561,36,month_to_month,dsl,credit_card,False,2,38.61,1389.53,0,0
CUS007562,13,two_year,fiber,electronic_check,True,5,68.5,903.92,1,0
CUS007563,31,month_to_month,fiber,bank_transfer,True,0,50.92,1632.58,1,0
CUS007564,54,month_to_month,fiber,credit_card,True,1,46.04,2387.1,0,0
CUS007565,4,month_to_month,none,credit_card,False,6,45.97,178.5,1,0
CUS007566,12,month_to_month,fiber,electronic_check,False,2,62.33,721.86,1,1
CUS007567,11,month_to_month,fiber,credit_card,True,6,79.55,879.3,0,0
CUS007568,19,two_year,dsl,credit_card,True,4,53.21,975.23,0,0
CUS007569,69,month_to_month,fiber,electronic_check,True,6,80.88,5314.7,0,0
CUS007570,14,month_to_month,dsl,electronic_check,False,5,53.81,731.96,1,1
CUS007571,58,one_year,dsl,electronic_check,True,1,31.59,1913.36,0,0
CUS007572,70,one_year,fiber,electronic_check,False,0,41.62,2841.29,1,0
CUS007573,22,two_year,dsl,mailed_check,True,3,42.08,956.25,1,0
CUS007574,60,one_year,dsl,electronic_check,False,0,27.85,1685.82,2,0
CUS007575,27,month_to_month,fiber,electronic_check,True,4,73.46,1907.72,0,1
CUS007576,7,two_year,fiber,electronic_check,False,4,69.02,489.4,0,0
CUS007577,67,month_to_month,dsl,credit_card,True,0,39.71,2564.55,1,0
CUS007578,28,month_to_month,fiber,credit_card,True,3,57.82,1633.74,1,1
CUS007579,11,month_to_month,fiber,electronic_check,False,5,74.7,823.54,0,1
CUS007580,3,month_to_month,dsl,credit_card,True,2,47.9,139.68,1,1
CUS007581,38,month_to_month,none,electronic_check,True,3,35.08,1345.82,0,0
CUS007582,37,two_year,dsl,electronic_check,False,0,32.44,1218.79,0,0
CUS007583,13,month_to_month,fiber,bank_transfer,False,6,80.19,982.78,2,1
CUS007584,28,month_to_month,fiber,electronic_check,True,1,48.22,1370.93,1,0
CUS007585,49,one_year,fiber,credit_card,False,1,54.87,2791.29,0,0
CUS007586,47,two_year,fiber,bank_transfer,True,1,50.33,2452.52,2,0
CUS007587,65,one_year,fiber,bank_transfer,True,5,79.27,5380.72,0,0
CUS007588,10,one_year,fiber,mailed_check,True,5,74.24,713.29,1,0
CUS007589,63,month_to_month,fiber,electronic_check,True,2,55.54,3567.23,1,0
CUS007590,65,one_year,dsl,mailed_check,True,5,58.93,3696.87,0,0
CUS007591,43,one_year,fiber,bank_transfer,False,4,72.67,2943.78,0,0
CUS007592,32,month_to_month,dsl,electronic_check,False,6,63.81,1935.01,0,0
CUS007593,3,month_to_month,dsl,mailed_check,True,1,36.97,110.28,1,1
CUS007594,51,two_year,none,electronic_check,True,2,31.04,1659.57,1,0
CUS007595,39,month_to_month,dsl,credit_card,True,2,43.06,1689.08,0,0
CUS007596,49,month_to_month,dsl,electronic_check,True,5,58.33,2912.3,1,0
CUS007597,63,two_year,dsl,credit_card,False,0,33.15,1962.37,0,0
CUS007598,1,month_to_month,fiber,electronic_check,True,5,68.26,,0,1
CUS007599,27,month_to_month,dsl,credit_card,True,1,37.07,942.01,0,0
CUS007600,68,two_year,dsl,electronic_check,False,4,52.43,3590.89,0,0
CUS007601,71,month_to_month,fiber,mailed_check,True,3,60.22,4255.05,1,1
CUS007602,3,month_to_month,none,electronic_check,True,3,33.31,98.95,3,1
CUS007603,20,month_to_month,fiber,electronic_check,False,5,73.85,1418.64,0,0
CUS007604,12,one_year,none,electronic_check,False,0,13.87,161.0,1,0
CUS007605,31,month_to_month,fiber,electronic_check,False,6,70.99,2074.89,3,0
CUS007606,62,month_to_month,none,credit_card,True,3,44.3,2574.61,0,0
CUS007607,54,one_year,fiber,mailed_check,False,6,75.26,4127.22,0,1
CUS007608,1,one_year,fiber,electronic_check,False,4,60.98,,1,0
CUS007609,11,month_to_month,none,bank_transfer,False,2,33.92,364.13,0,0
CUS007610,15,one_year,fiber,bank_transfer,True,2,56.42,796.65,0,0
CUS007611,5,two_year,dsl,credit_card,True,3,46.92,225.93,0,0
CUS007612,31,month_to_month,fiber,mailed_check,True,3,64.91,2047.73,1,0
CUS007613,13,one_year,fiber,mailed_check,False,4,65.71,800.22,1,0
CUS007614,13,two_year,dsl,mailed_check,False,1,38.42,472.12,0,0
CUS007615,58,one_year,dsl,mailed_check,True,3,45.66,2714.97,1,0
CUS007616,72,month_to_month,fiber,mailed_check,False,0,38.18,2689.31,0,0
CUS007617,63,one_year,fiber,bank_transfer,True,3,54.64,3596.58,0,0
CUS007618,27,two_year,fiber,bank_transfer,True,6,75.95,1999.69,2,0
CUS007619,63,month_to_month,none,mailed_check,False,1,28.6,1733.81,2,1
CUS007620,53,month_to_month,fiber,electronic_check,True,6,87.64,4384.98,0,1
CUS007621,10,month_to_month,fiber,bank_transfer,False,5,68.76,678.74,0,1
CUS007622,42,month_to_month,none,electronic_check,True,5,47.59,1889.86,0,1
CUS007623,30,month_to_month,dsl,electronic_check,True,2,40.75,1266.13,0,0
CUS007624,10,one_year,dsl,bank_transfer,True,4,48.34,480.86,0,0
CUS007625,38,two_year,fiber,bank_transfer,False,3,61.03,2421.62,2,0
CUS007626,11,month_to_month,none,mailed_check,False,4,44.37,457.1,0,0
CUS007627,26,one_year,none,electronic_check,True,4,37.15,944.59,0,0
CUS007628,58,one_year,fiber,bank_transfer,False,4,67.56,3895.38,1,0
CUS007629,39,two_year,fiber,mailed_check,True,3,53.57,2188.55,1,0
CUS007630,15,two_year,none,credit_card,True,4,33.25,484.5,2,0
CUS007631,57,one_year,dsl,electronic_check,False,1,33.98,2006.57,0,0
CUS007632,69,month_to_month,fiber,electronic_check,False,3,65.61,4603.78,1,0
CUS007633,53,month_to_month,dsl,bank_transfer,True,3,47.63,2579.24,1,0
CUS007634,46,month_to_month,dsl,electronic_check,True,5,61.63,2767.78,2,0
CUS007635,60,one_year,none,credit_card,False,2,26.68,1589.49,0,0
CUS007636,16,two_year,dsl,mailed_check,False,6,65.06,1040.28,0,0
CUS007637,34,month_to_month,none,electronic_check,False,0,22.16,722.78,0,0
CUS007638,6,month_to_month,dsl,electronic_check,True,4,48.26,298.09,0,1
CUS007639,56,month_to_month,fiber,credit_card,True,0,41.54,2309.76,1,0
CUS007640,27,month_to_month,fiber,mailed_check,False,5,74.13,2022.28,2,0
CUS007641,43,two_year,fiber,mailed_check,False,1,54.82,2432.04,0,0
CUS007642,1,month_to_month,fiber,electronic_check,True,0,47.56,,0,1
CUS007643,6,month_to_month,fiber,electronic_check,True,5,68.22,419.62,0,1
CUS007644,63,one_year,none,credit_card,True,5,50.37,3057.74,2,0
CUS007645,54,one_year,fiber,bank_transfer,True,5,70.0,3651.22,0,0
CUS007646,70,month_to_month,dsl,mailed_check,False,0,33.78,2478.96,0,0
CUS007647,52,month_to_month,fiber,credit_card,True,6,77.38,3770.06,0,0
CUS007648,8,month_to_month,none,bank_transfer,False,5,48.16,382.2,2,0
CUS007649,29,month_to_month,dsl,electronic_check,True,1,47.65,1385.93,1,0
CUS007650,21,one_year,dsl,electronic_check,False,4,54.99,1081.24,1,1
CUS007651,34,two_year,fiber,electronic_check,True,0,45.46,1553.44,2,1
CUS007652,46,one_year,dsl,electronic_check,True,0,35.01,1526.02,0,0
CUS007653,56,month_to_month,dsl,electronic_check,True,1,33.52,1832.51,0,0
CUS007654,13,month_to_month,fiber,mailed_check,True,6,68.62,877.49,0,0
CUS007655,31,two_year,fiber,mailed_check,False,1,48.97,1420.07,2,0
CUS007656,72,two_year,fiber,electronic_check,True,2,60.84,4218.91,2,0
CUS007657,59,one_year,fiber,credit_card,True,0,45.56,2658.49,0,0
CUS007658,58,two_year,dsl,mailed_check,False,3,47.78,2642.35,0,0
CUS007659,59,one_year,fiber,mailed_check,False,0,46.68,2815.69,2,0
CUS007660,26,month_to_month,dsl,electronic_check,False,0,29.03,783.95,0,0
CUS007661,13,one_year,fiber,electronic_check,False,6,73.27,939.72,0,0
CUS007662,38,month_to_month,none,credit_card,True,5,48.78,1896.91,0,0
CUS007663,58,month_to_month,dsl,credit_card,True,3,59.63,3446.65,1,0
CUS007664,12,two_year,dsl,credit_card,False,4,47.25,538.38,1,0
CUS007665,59,month_to_month,none,electronic_check,True,4,32.16,1969.54,0,0
CUS007666,36,two_year,none,electronic_check,True,5,46.86,1719.16,0,0
CUS007667,57,month_to_month,dsl,electronic_check,True,2,43.47,2470.65,1,0
CUS007668,8,one_year,fiber,credit_card,True,2,60.41,474.57,2,0
CUS007669,65,one_year,dsl,credit_card,True,5,56.33,3635.32,1,0
CUS007670,49,month_to_month,dsl,mailed_check,False,4,50.63,2382.72,1,0
CUS007671,20,month_to_month,fiber,electronic_check,True,1,50.07,995.33,2,0
CUS007672,10,month_to_month,dsl,mailed_check,True,5,56.92,580.43,1,0
CUS007673,51,one_year,none,credit_card,False,1,21.52,1060.76,2,0
CUS007674,68,two_year,fiber,bank_transfer,True,5,72.25,5132.56,0,0
CUS007675,15,month_to_month,dsl,mailed_check,False,1,36.81,547.0,0,0
CUS007676,8,two_year,fiber,mailed_check,False,1,48.04,372.49,0,0
CUS007677,54,month_to_month,dsl,electronic_check,False,3,50.55,2627.11,0,0
CUS007678,40,month_to_month,dsl,credit_card,True,2,41.25,1616.27,0,0
CUS007679,40,two_year,fiber,electronic_check,False,1,49.09,1899.39,1,0
CUS007680,10,month_to_month,dsl,mailed_check,True,6,60.21,617.8,0,0
CUS007681,42,two_year,none,bank_transfer,True,5,42.0,1847.39,2,0
CUS007682,19,two_year,dsl,electronic_check,False,4,56.0,1091.74,0,0
CUS007683,7,month_to_month,none,mailed_check,False,1,30.3,204.79,2,0
CUS007684,31,month_to_month,fiber,bank_transfer,True,1,50.97,1611.21,0,0
CUS007685,51,two_year,fiber,mailed_check,True,3,56.92,2717.6,0,0
CUS007686,12,one_year,none,credit_card,True,4,45.54,572.41,1,0
CUS007687,8,month_to_month,dsl,electronic_check,False,3,49.44,412.59,0,1
CUS007688,64,one_year,dsl,mailed_check,True,6,67.16,4483.41,1,0
CUS007689,47,month_to_month,fiber,electronic_check,True,4,70.95,3161.64,1,0
CUS007690,36,two_year,fiber,electronic_check,True,3,62.57,2363.8,1,0
CUS007691,46,month_to_month,none,bank_transfer,False,4,36.38,1649.04,0,0
CUS007692,71,month_to_month,none,credit_card,True,4,35.45,2567.92,0,0
CUS007693,57,one_year,fiber,mailed_check,True,2,52.62,3134.02,0,0
CUS007694,55,month_to_month,dsl,credit_card,True,5,61.86,3444.25,2,0
CUS007695,47,month_to_month,none,mailed_check,False,2,31.49,1501.55,0,0
CUS007696,13,month_to_month,fiber,electronic_check,False,2,48.92,657.2,1,1
CUS007697,71,one_year,dsl,mailed_check,True,4,40.11,2655.41,1,0
CUS007698,5,one_year,fiber,electronic_check,False,5,68.88,323.17,0,0
CUS007699,58,month_to_month,fiber,bank_transfer,True,4,71.15,4291.97,0,0
CUS007700,56,month_to_month,dsl,bank_transfer,True,0,32.11,1836.1,0,0
CUS007701,68,two_year,dsl,credit_card,False,3,47.26,3163.63,0,0
CUS007702,39,two_year,none,bank_transfer,True,6,55.41,2108.14,0,0
CUS007703,16,one_year,fiber,electronic_check,True,4,65.64,1071.71,1,0
CUS007704,15,one_year,fiber,mailed_check,True,1,47.18,670.02,0,0
CUS007705,8,two_year,fiber,mailed_check,False,4,71.0,547.32,0,0
CUS007706,34,one_year,dsl,credit_card,True,0,35.47,1231.45,0,0
CUS007707,42,one_year,fiber,mailed_check,False,0,40.8,1669.54,1,0
CUS007708,28,month_to_month,fiber,mailed_check,True,2,48.16,1319.78,0,0
CUS007709,11,one_year,none,electronic_check,True,6,51.49,540.05,1,0
CUS007710,51,one_year,fiber,credit_card,False,5,67.73,3492.96,1,0
CUS007711,38,two_year,fiber,mailed_check,True,1,44.01,1662.25,0,0
CUS007712,10,month_to_month,fiber,electronic_check,False,3,51.79,486.87,0,1
CUS007713,28,month_to_month,dsl,credit_card,True,6,64.7,1733.99,0,0
CUS007714,58,month_to_month,dsl,credit_card,True,6,63.47,3546.43,1,0
CUS007715,63,month_to_month,none,credit_card,False,0,7.82,468.04,0,0
CUS007716,23,month_to_month,fiber,credit_card,False,5,71.14,1531.69,1,0
CUS007717,25,month_to_month,fiber,electronic_check,False,3,60.08,1457.33,0,0
CUS007718,57,two_year,fiber,electronic_check,False,6,79.51,4697.54,0,0
CUS007719,60,two_year,fiber,electronic_check,False,2,58.41,3487.68,1,0
CUS007720,31,month_to_month,fiber,electronic_check,False,0,51.33,1615.83,1,0
CUS007721,30,two_year,dsl,electronic_check,True,2,46.61,1453.37,1,0
CUS007722,23,month_to_month,dsl,bank_transfer,True,3,43.68,1039.74,1,0
CUS007723,4,month_to_month,fiber,mailed_check,True,5,65.39,272.95,0,1
CUS007724,41,one_year,fiber,mailed_check,True,0,40.92,1638.71,2,0
CUS007725,31,month_to_month,dsl,bank_transfer,False,6,61.38,1983.22,0,0
CUS007726,38,month_to_month,fiber,bank_transfer,True,5,70.83,2529.39,0,0
CUS007727,10,month_to_month,fiber,electronic_check,False,3,62.09,634.08,0,1
CUS007728,68,month_to_month,none,bank_transfer,False,2,30.37,1923.16,1,0
CUS007729,5,month_to_month,fiber,electronic_check,True,3,59.52,299.17,0,0
CUS007730,66,month_to_month,dsl,electronic_check,False,3,45.13,3009.9,1,0
CUS007731,18,one_year,fiber,credit_card,True,4,75.75,1280.89,2,0
CUS007732,41,month_to_month,fiber,electronic_check,True,0,47.88,1915.64,0,1
CUS007733,26,one_year,none,electronic_check,True,2,23.87,621.17,1,0
CUS007734,53,two_year,fiber,electronic_check,True,2,57.32,2919.55,0,0
CUS007735,49,month_to_month,fiber,mailed_check,True,0,50.04,2445.69,2,0
CUS007736,69,one_year,dsl,bank_transfer,False,3,49.76,3275.28,0,0
CUS007737,64,month_to_month,none,electronic_check,True,4,50.75,3112.03,1,0
CUS007738,25,two_year,dsl,bank_transfer,True,1,34.77,890.66,1,0
CUS007739,43,month_to_month,none,bank_transfer,False,0,20.92,919.99,0,0
CUS007740,25,month_to_month,fiber,electronic_check,True,2,51.21,1315.79,0,1
CUS007741,60,month_to_month,fiber,credit_card,False,5,72.77,4564.13,1,0
CUS007742,50,month_to_month,fiber,bank_transfer,False,0,46.17,2155.62,2,0
CUS007743,15,one_year,fiber,bank_transfer,False,2,54.73,856.85,1,0
CUS007744,71,one_year,none,electronic_check,True,5,52.02,3763.18,0,0
CUS007745,9,month_to_month,fiber,credit_card,True,1,42.95,389.42,0,0
CUS007746,37,one_year,fiber,mailed_check,False,3,62.66,2295.47,1,0
CUS007747,30,two_year,fiber,credit_card,False,1,48.96,1440.52,1,0
CUS007748,24,one_year,fiber,mailed_check,True,0,49.93,1167.84,2,0
CUS007749,52,one_year,none,credit_card,True,6,52.8,2682.82,2,0
CUS007750,50,two_year,dsl,electronic_check,False,1,27.02,1294.45,2,0
CUS007751,56,month_to_month,fiber,credit_card,True,3,54.16,3131.88,1,0
CUS007752,31,two_year,fiber,credit_card,True,0,44.58,1360.1,0,0
CUS007753,68,month_to_month,none,bank_transfer,False,4,34.33,2214.47,0,0
CUS007754,31,one_year,fiber,bank_transfer,False,6,79.09,2468.86,0,0
CUS007755,8,one_year,dsl,electronic_check,False,1,30.58,239.54,2,0
CUS007756,34,month_to_month,dsl,bank_transfer,True,6,77.48,2528.99,1,0
CUS007757,23,month_to_month,fiber,bank_transfer,False,2,55.23,1242.34,0,0
CUS007758,53,one_year,fiber,credit_card,True,0,48.98,2542.74,1,0
CUS007759,33,one_year,dsl,bank_transfer,True,1,40.54,1285.24,1,0
CUS007760,28,one_year,dsl,electronic_check,False,2,45.61,1285.75,1,0
CUS007761,3,month_to_month,none,credit_card,False,3,33.61,104.73,0,1
CUS007762,13,month_to_month,dsl,bank_transfer,False,4,53.27,712.75,1,1
CUS007763,52,two_year,none,electronic_check,False,6,49.09,2631.43,0,0
CUS007764,12,month_to_month,none,bank_transfer,False,4,40.07,470.29,0,0
CUS007765,53,one_year,fiber,bank_transfer,False,2,56.97,2982.87,0,0
CUS007766,70,two_year,dsl,electronic_check,False,3,46.45,3145.34,1,0
CUS007767,51,month_to_month,dsl,bank_transfer,True,6,64.36,3174.41,0,0
CUS007768,52,month_to_month,dsl,electronic_check,False,4,55.0,2699.12,2,0
CUS007769,26,one_year,fiber,electronic_check,True,6,79.62,1939.82,1,0
CUS007770,18,two_year,fiber,electronic_check,True,1,49.09,892.15,1,0
CUS007771,37,one_year,fiber,mailed_check,False,6,72.8,2754.59,1,0
CUS007772,32,month_to_month,none,credit_card,False,4,38.18,1231.17,0,0
CUS007773,71,one_year,none,credit_card,False,2,27.89,2061.8,2,0
CUS007774,65,month_to_month,dsl,credit_card,False,0,30.77,1955.72,0,0
CUS007775,55,month_to_month,dsl,bank_transfer,True,5,58.67,3025.51,0,0
CUS007776,43,month_to_month,fiber,mailed_check,False,1,53.21,2342.86,1,1
CUS007777,59,one_year,none,credit_card,True,6,52.12,2982.67,0,0
CUS007778,59,month_to_month,dsl,electronic_check,True,0,27.06,1494.35,0,0
CUS007779,31,one_year,fiber,bank_transfer,True,1,52.48,1663.2,1,0
CUS007780,39,two_year,fiber,bank_transfer,False,4,67.31,2611.79,1,0
CUS007781,45,two_year,fiber,electronic_check,False,1,44.15,1956.84,1,0
CUS007782,56,month_to_month,fiber,electronic_check,True,3,57.38,3150.43,0,0
CUS007783,42,two_year,fiber,bank_transfer,False,6,70.42,2879.32,1,0
CUS007784,55,month_to_month,dsl,credit_card,True,6,58.23,3245.67,1,0
CUS007785,2,month_to_month,none,mailed_check,False,6,45.29,92.11,0,0
CUS007786,40,one_year,fiber,bank_transfer,True,0,51.23,2025.22,1,0
CUS007787,57,two_year,fiber,credit_card,True,5,73.01,4173.23,0,0
CUS007788,47,month_to_month,fiber,electronic_check,True,3,69.27,3127.68,1,1
CUS007789,72,month_to_month,fiber,mailed_check,True,3,65.99,4625.41,0,0
CUS007790,5,two_year,fiber,electronic_check,True,0,42.48,198.2,1,0
CUS007791,11,one_year,dsl,credit_card,True,3,48.18,547.66,0,0
CUS007792,43,two_year,dsl,mailed_check,False,4,50.82,2102.6,0,0
CUS007793,71,month_to_month,fiber,credit_card,False,2,54.01,3675.78,1,0
CUS007794,28,two_year,fiber,credit_card,True,6,83.03,2334.77,1,0
CUS007795,9,two_year,fiber,bank_transfer,True,2,57.67,520.94,0,0
CUS007796,44,month_to_month,none,credit_card,False,1,30.3,1388.62,2,0
CUS007797,72,month_to_month,none,electronic_check,False,3,36.6,2461.68,0,0
CUS007798,70,month_to_month,dsl,mailed_check,True,1,31.96,2284.45,0,0
CUS007799,38,two_year,fiber,credit_card,False,3,62.12,2422.53,0,0
CUS007800,49,month_to_month,fiber,mailed_check,True,4,65.54,2991.94,0,0
CUS007801,23,one_year,none,credit_card,True,4,50.01,1120.08,1,0
CUS007802,63,month_to_month,dsl,bank_transfer,True,6,64.73,4007.76,0,0
CUS007803,56,one_year,fiber,credit_card,False,4,57.43,3271.83,2,0
CUS007804,33,one_year,fiber,electronic_check,False,0,48.25,1493.74,1,0
CUS007805,19,month_to_month,dsl,bank_transfer,False,2,40.1,713.94,0,0
CUS007806,59,one_year,dsl,electronic_check,False,4,58.4,3558.48,1,0
CUS007807,41,one_year,fiber,bank_transfer,False,0,46.84,1798.7,1,0
CUS007808,33,month_to_month,fiber,credit_card,False,6,73.75,2356.22,1,0
CUS007809,52,month_to_month,dsl,bank_transfer,True,4,53.3,2667.03,1,0
CUS007810,70,two_year,fiber,electronic_check,True,5,73.91,5313.74,2,0
CUS007811,32,one_year,fiber,electronic_check,True,1,55.57,1849.56,0,0
CUS007812,26,month_to_month,fiber,electronic_check,True,3,56.92,1553.21,0,0
CUS007813,58,month_to_month,fiber,electronic_check,False,3,54.85,3330.55,0,0
CUS007814,19,month_to_month,dsl,electronic_check,True,1,33.2,604.34,0,0
CUS007815,59,month_to_month,fiber,electronic_check,True,6,70.54,3972.16,0,0
CUS007816,21,month_to_month,fiber,mailed_check,True,6,73.73,1512.05,1,1
CUS007817,1,two_year,fiber,electronic_check,True,1,54.01,,0,1
CUS007818,50,month_to_month,dsl,bank_transfer,True,4,50.99,2432.64,0,0
CUS007819,35,month_to_month,fiber,electronic_check,False,4,59.91,2039.16,1,1
CUS007820,68,one_year,fiber,electronic_check,False,3,59.27,4117.69,2,0
CUS007821,5,two_year,dsl,bank_transfer,True,6,58.36,291.45,0,0
CUS007822,10,month_to_month,dsl,credit_card,False,4,49.44,479.1,0,0
CUS007823,14,one_year,fiber,credit_card,True,6,82.09,1100.04,1,0
CUS007824,60,month_to_month,fiber,electronic_check,True,4,59.21,3520.49,1,0
CUS007825,43,month_to_month,dsl,electronic_check,True,5,64.38,2648.96,0,0
CUS007826,29,month_to_month,none,electronic_check,True,0,26.05,762.56,1,0
CUS007827,15,one_year,fiber,mailed_check,False,5,66.12,949.48,0,0
CUS007828,51,one_year,fiber,credit_card,False,0,51.09,2507.87,0,0
CUS007829,5,month_to_month,fiber,bank_transfer,True,1,57.67,273.41,0,1
CUS007830,31,two_year,dsl,electronic_check,False,6,57.71,1695.7,0,0
CUS007831,39,month_to_month,fiber,electronic_check,True,0,45.31,1771.81,1,1
CUS007832,55,month_to_month,fiber,bank_transfer,True,3,68.77,3860.91,0,1
CUS007833,54,month_to_month,none,mailed_check,True,1,31.03,1667.59,0,0
CUS007834,37,month_to_month,fiber,bank_transfer,True,4,66.03,2549.15,0,0
CUS007835,30,month_to_month,fiber,electronic_check,True,2,60.11,1718.42,1,1
CUS007836,71,month_to_month,dsl,electronic_check,False,0,39.63,2723.24,1,0
CUS007837,7,month_to_month,none,credit_card,True,0,22.05,157.78,0,0
CUS007838,5,one_year,dsl,credit_card,True,5,62.4,294.25,0,0
CUS007839,31,two_year,dsl,credit_card,False,1,44.31,1423.01,2,0
CUS007840,56,month_to_month,none,mailed_check,False,4,38.88,2190.01,1,0
CUS007841,47,one_year,fiber,electronic_check,True,1,51.35,2414.4,0,0
CUS007842,12,month_to_month,fiber,credit_card,False,1,54.22,634.26,2,1
CUS007843,3,two_year,none,bank_transfer,False,3,34.09,96.86,2,0
CUS007844,21,two_year,fiber,electronic_check,False,5,70.25,1494.18,0,0
CUS007845,29,month_to_month,dsl,electronic_check,True,2,41.51,1130.92,2,1
CUS007846,37,month_to_month,fiber,bank_transfer,True,6,79.41,2958.92,0,0
CUS007847,3,one_year,none,electronic_check,False,5,46.88,143.15,1,0
CUS007848,6,month_to_month,none,electronic_check,True,1,23.21,130.99,1,1
CUS007849,40,month_to_month,none,credit_card,True,3,35.06,1378.01,2,0
CUS007850,11,month_to_month,fiber,bank_transfer,False,0,37.86,392.56,1,1
CUS007851,20,month_to_month,fiber,electronic_check,False,4,68.4,1272.93,2,0
CUS007852,46,month_to_month,dsl,bank_transfer,False,6,73.88,3263.36,0,0
CUS007853,44,month_to_month,fiber,bank_transfer,True,5,75.87,3296.35,0,0
CUS007854,39,one_year,dsl,credit_card,False,1,42.02,1685.01,2,0
CUS007855,53,month_to_month,fiber,electronic_check,False,5,71.7,3694.82,0,0
CUS007856,65,month_to_month,fiber,credit_card,False,2,60.46,4047.95,0,0
CUS007857,11,two_year,dsl,electronic_check,True,1,33.78,375.93,1,1
CUS007858,33,month_to_month,fiber,bank_transfer,False,2,51.56,1716.97,1,1
CUS007859,38,two_year,dsl,electronic_check,True,0,32.22,1242.52,0,0
CUS007860,56,month_to_month,none,electronic_check,True,5,52.69,2766.7,0,0
CUS007861,51,two_year,dsl,bank_transfer,False,0,34.0,1791.86,0,0
CUS007862,53,month_to_month,none,credit_card,True,0,15.79,859.66,0,0
CUS007863,42,month_to_month,fiber,mailed_check,True,6,72.81,2954.39,1,0
CUS007864,17,month_to_month,fiber,mailed_check,False,6,75.91,1327.22,0,0
CUS007865,9,two_year,dsl,electronic_check,True,1,34.28,292.49,2,0
CUS007866,6,month_to_month,fiber,electronic_check,True,1,45.71,273.31,1,0
CUS007867,25,month_to_month,none,bank_transfer,False,1,25.38,636.46,1,0
CUS007868,33,month_to_month,fiber,electronic_check,True,0,40.92,1381.07,2,0
CUS007869,13,two_year,fiber,electronic_check,False,3,58.22,763.72,1,0
CUS007870,64,one_year,fiber,electronic_check,True,6,70.74,4620.53,3,0
CUS007871,35,one_year,none,credit_card,False,4,42.67,1560.04,0,0
CUS007872,8,month_to_month,fiber,electronic_check,False,2,57.04,424.63,1,1
CUS007873,32,one_year,dsl,credit_card,True,6,57.33,1815.38,2,0
CUS007874,22,one_year,dsl,mailed_check,False,4,49.3,1134.15,2,0
CUS007875,15,month_to_month,dsl,electronic_check,False,4,51.41,781.26,0,1
CUS007876,8,month_to_month,none,electronic_check,True,4,39.07,315.11,1,0
CUS007877,36,two_year,dsl,electronic_check,False,5,63.49,2177.11,0,0
CUS007878,46,one_year,fiber,credit_card,False,5,66.85,3056.34,0,0
CUS007879,63,month_to_month,none,mailed_check,True,5,40.97,2458.64,1,0
CUS007880,43,one_year,dsl,bank_transfer,True,5,54.8,2377.12,2,0
CUS007881,9,month_to_month,none,credit_card,True,3,39.27,339.0,1,0
CUS007882,27,month_to_month,none,bank_transfer,True,3,31.65,815.49,1,0
CUS007883,41,month_to_month,fiber,electronic_check,True,1,40.68,1607.97,1,1
CUS007884,11,month_to_month,fiber,electronic_check,True,5,83.39,938.36,0,1
CUS007885,50,month_to_month,none,bank_transfer,False,0,16.23,803.96,2,0
CUS007886,13,month_to_month,fiber,credit_card,False,2,60.92,746.3,2,1
CUS007887,70,two_year,dsl,credit_card,True,1,36.4,2566.19,1,0
CUS007888,23,month_to_month,dsl,credit_card,False,5,57.99,1283.78,0,0
CUS007889,60,month_to_month,fiber,bank_transfer,False,0,54.14,3324.91,1,0
CUS007890,8,month_to_month,fiber,credit_card,True,3,64.86,497.72,0,1
CUS007891,3,two_year,fiber,bank_transfer,False,1,57.63,178.29,1,1
CUS007892,36,one_year,dsl,credit_card,True,2,43.55,1524.65,0,0
CUS007893,2,month_to_month,dsl,electronic_check,True,3,52.9,106.12,0,1
CUS007894,62,one_year,fiber,mailed_check,False,2,56.22,3286.67,0,0
CUS007895,2,one_year,fiber,bank_transfer,False,3,53.52,103.72,0,0
CUS007896,46,month_to_month,dsl,mailed_check,False,4,53.9,2441.33,1,0
CUS007897,31,month_to_month,fiber,mailed_check,False,6,74.9,2210.52,0,0
CUS007898,29,one_year,dsl,electronic_check,True,4,50.49,1507.65,1,0
CUS007899,34,month_to_month,fiber,electronic_check,True,6,79.21,2702.59,0,0
CUS007900,27,month_to_month,dsl,bank_transfer,False,6,64.31,1777.48,0,0
CUS007901,38,two_year,none,bank_transfer,False,0,14.89,554.06,0,0
CUS007902,61,two_year,fiber,credit_card,True,6,72.91,4476.91,0,0
CUS007903,40,one_year,dsl,mailed_check,True,3,46.47,1944.65,0,0
CUS007904,3,month_to_month,none,mailed_check,False,0,22.69,65.59,1,0
CUS007905,24,one_year,dsl,credit_card,False,2,43.82,995.88,0,0
CUS007906,63,month_to_month,fiber,mailed_check,False,4,65.55,3927.12,1,0
CUS007907,71,two_year,dsl,credit_card,True,0,35.84,2378.01,0,0
CUS007908,48,two_year,dsl,electronic_check,True,4,53.07,2575.88,2,0
CUS007909,19,month_to_month,dsl,bank_transfer,False,4,46.38,846.93,0,1
CUS007910,39,month_to_month,fiber,mailed_check,False,2,60.98,2249.85,2,1
CUS007911,54,one_year,fiber,bank_transfer,False,1,50.15,2559.0,1,0
CUS007912,50,month_to_month,dsl,mailed_check,True,5,64.38,3242.89,0,0
CUS007913,28,month_to_month,fiber,mailed_check,False,6,78.22,2206.94,0,1
CUS007914,54,one_year,none,credit_card,False,0,11.79,609.05,0,0
CUS007915,11,month_to_month,dsl,credit_card,True,3,49.11,529.47,0,1
CUS007916,42,one_year,fiber,bank_transfer,False,1,50.02,2084.8,1,0
CUS007917,4,two_year,none,mailed_check,False,5,45.59,178.49,0,0
CUS007918,72,two_year,dsl,electronic_check,True,4,52.6,3765.34,1,0
CUS007919,30,two_year,fiber,mailed_check,True,3,62.0,1879.48,1,0
CUS007920,33,month_to_month,none,electronic_check,True,1,20.3,668.09,0,0
CUS007921,68,one_year,fiber,mailed_check,True,5,67.38,4432.76,0,0
CUS007922,55,two_year,fiber,mailed_check,True,6,72.75,3909.81,0,0
CUS007923,67,one_year,dsl,mailed_check,False,3,49.96,3467.38,3,0
CUS007924,37,month_to_month,dsl,bank_transfer,False,5,61.9,2325.25,0,0
CUS007925,34,month_to_month,none,bank_transfer,False,5,61.03,2171.74,1,0
CUS007926,35,month_to_month,none,electronic_check,True,5,45.84,1666.91,0,1
CUS007927,21,month_to_month,fiber,electronic_check,False,0,49.85,1067.47,2,1
CUS007928,28,two_year,none,mailed_check,False,4,43.46,1214.34,0,0
CUS007929,14,one_year,dsl,electronic_check,True,2,39.46,579.63,1,0
CUS007930,68,two_year,fiber,mailed_check,True,1,45.72,3030.2,2,0
CUS007931,12,month_to_month,fiber,mailed_check,True,5,77.05,967.62,0,1
CUS007932,49,month_to_month,dsl,credit_card,True,0,38.1,1844.39,1,0
CUS007933,2,one_year,fiber,mailed_check,False,2,57.5,114.73,2,1
CUS007934,12,month_to_month,none,electronic_check,False,0,20.14,238.91,0,0
CUS007935,17,month_to_month,fiber,bank_transfer,True,6,80.88,1408.2,0,0
CUS007936,30,one_year,none,credit_card,True,3,33.2,1017.31,0,0
CUS007937,38,month_to_month,none,mailed_check,False,4,44.35,1754.41,3,0
CUS007938,17,one_year,fiber,credit_card,True,6,79.7,1348.45,1,0
CUS007939,41,month_to_month,fiber,credit_card,True,2,57.01,2400.83,0,0
CUS007940,50,month_to_month,dsl,mailed_check,True,1,23.07,1137.23,0,0
CUS007941,22,one_year,none,credit_card,True,6,45.61,981.4,1,0
CUS007942,17,month_to_month,none,mailed_check,True,1,23.3,411.97,1,1
CUS007943,30,month_to_month,dsl,mailed_check,False,2,42.06,1187.08,1,0
CUS007944,44,two_year,none,electronic_check,True,4,46.27,2045.74,0,1
CUS007945,8,month_to_month,none,electronic_check,False,6,44.23,344.64,0,0
CUS007946,32,two_year,dsl,bank_transfer,False,2,43.66,1431.8,1,0
CUS007947,19,one_year,dsl,bank_transfer,True,5,52.48,1010.05,1,1
CUS007948,66,one_year,none,credit_card,False,3,33.25,2144.77,1,0
CUS007949,36,month_to_month,fiber,electronic_check,True,6,68.67,2497.56,1,1
CUS007950,55,one_year,fiber,mailed_check,True,5,64.05,3542.17,0,0
CUS007951,48,two_year,fiber,mailed_check,False,3,60.62,2920.24,1,0
CUS007952,71,month_to_month,dsl,electronic_check,True,1,31.58,2261.78,1,0
CUS007953,2,one_year,fiber,electronic_check,True,1,54.6,109.39,0,1
CUS007954,70,month_to_month,none,electronic_check,False,5,41.2,2877.86,0,1
CUS007955,61,month_to_month,fiber,electronic_check,True,3,53.54,3266.69,1,1
CUS007956,46,month_to_month,fiber,credit_card,False,2,56.7,2527.99,1,0
CUS007957,37,month_to_month,fiber,credit_card,False,6,83.04,3003.77,0,0
CUS007958,62,one_year,fiber,electronic_check,True,5,77.62,4669.06,0,1
CUS007959,19,month_to_month,dsl,credit_card,True,0,32.61,580.98,0,0
CUS007960,6,month_to_month,fiber,electronic_check,False,5,74.6,448.85,1,1
CUS007961,7,month_to_month,none,bank_transfer,True,6,51.49,354.83,1,1
CUS007962,68,month_to_month,none,credit_card,False,1,23.53,1617.48,2,0
CUS007963,33,two_year,fiber,electronic_check,True,1,54.33,1801.5,1,0
CUS007964,20,month_to_month,dsl,electronic_check,False,4,57.4,1151.06,0,1
CUS007965,8,month_to_month,dsl,bank_transfer,False,1,39.04,311.42,2,0
CUS007966,50,month_to_month,fiber,bank_transfer,True,5,72.38,3610.38,0,0
CUS007967,12,one_year,dsl,mailed_check,False,3,44.23,550.5,1,0
CUS007968,70,month_to_month,fiber,bank_transfer,False,2,58.75,4054.57,1,1
CUS007969,12,month_to_month,fiber,electronic_check,False,6,70.66,797.04,1,1
CUS007970,70,two_year,fiber,credit_card,True,3,67.36,4559.58,0,0
CUS007971,36,one_year,dsl,bank_transfer,True,5,66.04,2233.06,0,0
CUS007972,33,month_to_month,fiber,bank_transfer,False,6,80.23,2478.65,0,1
CUS007973,44,two_year,dsl,bank_transfer,False,2,43.51,1866.4,0,0
CUS007974,27,month_to_month,fiber,electronic_check,False,4,64.79,1835.49,0,1
CUS007975,4,two_year,dsl,mailed_check,True,4,51.71,215.91,0,0
CUS007976,68,month_to_month,fiber,electronic_check,True,5,79.19,5481.29,0,1
CUS007977,66,two_year,dsl,bank_transfer,True,4,49.02,3285.18,0,0
CUS007978,61,month_to_month,none,mailed_check,False,3,37.18,2201.65,0,0
CUS007979,34,month_to_month,fiber,credit_card,True,1,57.53,2029.89,0,0
CUS007980,20,two_year,fiber,mailed_check,False,6,64.71,1260.46,0,0
CUS007981,51,month_to_month,none,electronic_check,True,1,23.51,1158.91,0,0
CUS007982,21,month_to_month,dsl,mailed_check,True,6,59.85,1205.72,0,0
CUS007983,57,one_year,dsl,bank_transfer,False,3,46.7,2744.91,0,0
CUS007984,69,month_to_month,fiber,mailed_check,True,4,71.49,5082.17,0,0
CUS007985,6,month_to_month,dsl,bank_transfer,False,1,34.69,217.61,0,0
CUS007986,7,two_year,fiber,electronic_check,False,5,63.85,432.58,0,0
CUS007987,44,month_to_month,dsl,electronic_check,False,2,49.94,2266.66,1,0
CUS007988,53,month_to_month,dsl,electronic_check,True,0,29.53,1580.41,0,0
CUS007989,24,two_year,none,mailed_check,False,6,54.44,1354.53,1,0
CUS007990,52,one_year,fiber,electronic_check,True,4,64.43,3161.43,0,0
CUS007991,31,month_to_month,none,electronic_check,False,5,48.78,1455.42,0,0
CUS007992,43,two_year,none,electronic_check,True,0,15.03,620.48,0,0
CUS007993,12,two_year,fiber,mailed_check,True,0,49.84,589.11,0,1
CUS007994,21,month_to_month,fiber,electronic_check,False,2,52.67,1118.92,0,0
CUS007995,31,month_to_month,fiber,credit_card,False,4,68.1,2208.51,0,0
CUS007996,18,two_year,fiber,electronic_check,True,1,51.03,948.05,0,0
CUS007997,46,two_year,fiber,credit_card,False,1,54.4,2361.19,0,0
CUS007998,6,month_to_month,dsl,electronic_check,True,4,51.47,301.68,1,1
CUS007999,28,month_to_month,none,electronic_check,False,6,47.97,1276.99,1,0
